s1_id,candidate_status,true_match_id,predicted_ids,semantic_cosine,semantic_rank,retrieval_provenance,model_probability,name_similarity,address_similarity,country,source,cardinality,error_type
S1-965667,candidate_present,S3-775321672,"S3-11291185,S2-681193310,S2-743505751",0.3499671943269177,20,CHAMPION_ONLY,0.30875569581985474,11.428571428571432,71.42857142857143,US,S3,5,FN_MATCHER_REJECTED
S1-965667,candidate_present,S3-860443364,"S3-11291185,S2-681193310,S2-743505751",0.49446311588639946,4,BOTH,0.10009478032588959,83.01886792452831,0.0,US,S3,5,FN_MATCHER_REJECTED
S1-656753428,candidate_missing,S3-679606215,S2-153058913,0.3680865748695456,27,NOT_IN_CANDS,0.0,15.384615384615385,34.285714285714285,India,S3,3,FN_CANDIDATE_MISS
S1-656753428,candidate_present,S2-24659151,S2-153058913,0.4896965170006715,2,SEMANTIC_ONLY,0.26162219047546387,15.384615384615385,60.8,India,S2,3,FN_MATCHER_REJECTED
S1-789009573,candidate_present,S3-74481402,S3-576451439,0.0,-1,CHAMPION_ONLY,0.005918299313634634,46.15384615384615,48.4472049689441,India,S3,3,FN_MATCHER_REJECTED
S1-789009573,candidate_missing,S2-383871912,S3-576451439,0.3518043070465187,14,NOT_IN_CANDS,0.0,8.888888888888891,54.67625899280575,India,S2,3,FN_CANDIDATE_MISS
S1-730934468,candidate_present,S2-356983532,S3-352439310,0.6393991524355823,2,BOTH,0.5113924145698547,80.0,0.0,US,S2,2,FN_MATCHER_REJECTED
S1-145361722,candidate_present,S2-120366543,"S2-939389287,S3-96572514",0.45683493327780406,3,BOTH,0.5027525424957275,68.42105263157895,0.0,US,S2,3,FN_MATCHER_REJECTED
S1-503957000,candidate_present,S2-994658326,"S3-555791452,S3-33665521,S2-235117490,S3-858763214,S2-353308450,S2-173295926",0.6330169981123923,7,BOTH,0.26192647218704224,36.8421052631579,100.0,US,S2,7,FN_MATCHER_REJECTED
S1-777597828,candidate_present,S3-413669121,S2-836452886,0.5103208134809047,3,BOTH,0.14868460595607758,19.999999999999996,73.23943661971832,US,S3,2,FN_MATCHER_REJECTED
S1-727602285,candidate_present,S2-23141904,"S2-947230367,S2-138660620",0.44902205192607836,10,BOTH,0.3281787037849426,92.0,40.86021505376344,India,S2,5,FN_MATCHER_REJECTED
S1-727602285,candidate_present,S2-976870196,"S2-947230367,S2-138660620",0.0,-1,CHAMPION_ONLY,0.21361397206783295,12.765957446808507,69.3069306930693,India,S2,5,FN_MATCHER_REJECTED
S1-727602285,candidate_present,S3-204655096,"S2-947230367,S2-138660620",0.529845224432462,3,BOTH,0.017624443396925926,73.91304347826086,43.18181818181818,India,S3,5,FN_MATCHER_REJECTED
S1-65263544,candidate_present,S2-998270769,"S2-881122703,S3-350074034,S3-403476502,S2-180463458,S3-102573485",0.508571385098252,6,BOTH,0.6791812181472778,85.71428571428572,0.0,US,S2,6,FN_MATCHER_REJECTED
S1-840162906,candidate_present,S2-129529678,"S3-139858754,S3-762681944,S3-800978181,S3-799520471",0.4098992205784454,5,BOTH,0.045610204339027405,61.904761904761905,0.0,US,S2,5,FN_MATCHER_REJECTED
S1-292935703,candidate_present,NONE,S3-488289547,0.6026204085224063,7,BOTH,0.8172211050987244,90.0,0.0,US,S3,6,FP_FALSE_POSITIVE_MERGE
S1-314714647,candidate_missing,S3-192802051,"S2-46909251,S3-837108914,S2-968477409",0.0,-1,NOT_IN_CANDS,0.0,24.390243902439025,30.107526881720425,India,S3,4,FN_CANDIDATE_MISS
S1-72310418,candidate_missing,S3-731160199,"S3-570980846,S2-11779506,S2-516305116",0.4558763915202009,13,NOT_IN_CANDS,0.0,75.67567567567568,42.3728813559322,India,S3,4,FN_CANDIDATE_MISS
S1-9962387,candidate_present,S2-15221089,"S3-160760047,S3-13637230",0.44044803738951255,3,BOTH,0.6783239245414734,87.09677419354838,0.0,India,S2,3,FN_MATCHER_REJECTED
S1-116043204,candidate_missing,S3-85523430,,0.0,-1,NOT_IN_CANDS,0.0,73.17073170731707,0.0,India,S3,1,FN_CANDIDATE_MISS
S1-491795528,candidate_present,S3-198224533,"S2-977672203,S3-449254398,S3-746009250,S2-910694348,S3-751371369,S2-707708907",0.33851784224790693,19,CHAMPION_ONLY,0.021352430805563927,64.51612903225806,43.07692307692308,India,S3,7,FN_MATCHER_REJECTED
S1-473377609,candidate_present,S3-433876173,,0.5918875759446368,1,BOTH,0.6708275079727173,25.0,80.41237113402062,India,S3,1,FN_MATCHER_REJECTED
S1-72444401,candidate_present,S3-505153321,"S2-973800896,S2-503949813,S2-472011237,S2-9053863",0.643064612472988,6,BOTH,0.3714921772480011,8.333333333333337,72.1311475409836,India,S3,5,FN_MATCHER_REJECTED
S1-67172650,candidate_present,S3-251407198,"S2-555166797,S2-74945214,S3-520282171,S3-776312267",0.4610737376046962,8,BOTH,0.3874238431453705,82.14285714285714,0.0,India,S3,5,FN_MATCHER_REJECTED
S1-574308285,candidate_present,S3-875723263,"S2-961415907,S3-163492874",0.42812181003057365,8,SEMANTIC_ONLY,0.0150308171287179,66.66666666666667,60.60606060606061,US,S3,3,FN_MATCHER_REJECTED
S1-553375105,candidate_present,S2-81940621,S3-150800481,0.37992808919546023,2,BOTH,0.05873879790306091,15.000000000000002,71.60493827160495,US,S2,2,FN_MATCHER_REJECTED
S1-152222475,candidate_missing,S2-449137844,"S3-933485363,S2-981487936,S3-784413899",0.0,-1,NOT_IN_CANDS,0.0,14.28571428571429,46.846846846846844,India,S2,5,FN_CANDIDATE_MISS
S1-152222475,candidate_present,S3-486655756,"S3-933485363,S2-981487936,S3-784413899",0.0,-1,CHAMPION_ONLY,0.3407941162586212,88.88888888888889,37.83783783783784,India,S3,5,FN_MATCHER_REJECTED
S1-24234371,candidate_present,NONE,S3-756893678,0.7003129938147741,8,BOTH,0.8087694644927979,90.47619047619048,0.0,US,S3,7,FP_FALSE_POSITIVE_MERGE
S1-550488938,candidate_present,S3-651095723,"S2-918671514,S3-772751614",0.4385927968457625,20,CHAMPION_ONLY,0.0178796648979187,72.72727272727273,43.37349397590361,India,S3,3,FN_MATCHER_REJECTED
S1-292900819,candidate_present,S2-791548670,"S2-285810778,S2-935808193,S3-511058262",0.5257473960885028,4,BOTH,0.6245672106742859,92.06349206349206,0.0,India,S2,4,FN_MATCHER_REJECTED
S1-945578383,candidate_present,S2-914824440,"S2-277106942,S3-849412812,S2-158613473,S3-413656991,S3-434437783",0.0,-1,CHAMPION_ONLY,0.021352970972657204,65.38461538461539,0.0,US,S2,6,FN_MATCHER_REJECTED
S1-83647344,candidate_missing,S3-175231511,"S3-489977474,S2-951545019,S2-777713487,S3-248378176,S3-383555916",0.0,-1,NOT_IN_CANDS,0.0,70.27027027027026,0.0,India,S3,6,FN_CANDIDATE_MISS
S1-466277913,candidate_present,S3-280749539,"S3-24723125,S2-600409962,S2-799745101,S2-650875195",0.5691699410418528,5,SEMANTIC_ONLY,0.0023274391423910856,60.0,51.85185185185186,US,S3,5,FN_MATCHER_REJECTED
S1-254440362,candidate_missing,S3-734943831,"S3-418652375,S2-593056234",0.0,-1,NOT_IN_CANDS,0.0,62.5,0.0,US,S3,3,FN_CANDIDATE_MISS
S1-793447671,candidate_present,S2-888569504,"S3-325254367,S2-895081043",0.5096318503582536,4,BOTH,0.02164815180003643,19.512195121951216,82.35294117647058,US,S2,4,FN_MATCHER_REJECTED
S1-793447671,candidate_present,S3-388747679,"S3-325254367,S2-895081043",0.561795298635319,3,BOTH,0.23536165058612823,86.95652173913044,0.0,US,S3,4,FN_MATCHER_REJECTED
S1-369720553,candidate_present,S2-309368741,S2-736703322,0.0,-1,CHAMPION_ONLY,0.12683209776878357,85.71428571428572,0.0,India,S2,3,FN_MATCHER_REJECTED
S1-369720553,candidate_present,S3-439447419,S2-736703322,0.0,-1,CHAMPION_ONLY,0.029605429619550705,87.5,31.32530120481928,India,S3,3,FN_MATCHER_REJECTED
S1-216137765,candidate_present,NONE,S2-680549170,0.0,-1,CHAMPION_ONLY,0.72556471824646,85.71428571428572,0.0,India,S2,5,FP_FALSE_POSITIVE_MERGE
S1-216137765,candidate_present,NONE,S3-179348714,0.37887908378545865,23,CHAMPION_ONLY,0.8555652499198914,93.33333333333333,0.0,India,S3,5,FP_FALSE_POSITIVE_MERGE
S1-9455909,candidate_present,S3-393934040,"S3-609989467,S2-646408552",0.39557639139306744,7,BOTH,0.004410118795931339,78.57142857142857,34.58646616541353,India,S3,5,FN_MATCHER_REJECTED
S1-9455909,candidate_missing,S3-384632970,"S3-609989467,S2-646408552",0.0,-1,NOT_IN_CANDS,0.0,13.793103448275868,34.58646616541353,India,S3,5,FN_CANDIDATE_MISS
S1-9455909,candidate_missing,S3-133372803,"S3-609989467,S2-646408552",0.0,-1,NOT_IN_CANDS,0.0,13.793103448275868,34.58646616541353,India,S3,5,FN_CANDIDATE_MISS
S1-854284989,candidate_present,S2-54609117,"S2-580208171,S3-676690737,S3-317013910",0.4225922544491614,5,BOTH,0.6231844425201416,81.4814814814815,69.0909090909091,US,S2,4,FN_MATCHER_REJECTED
S1-424050882,candidate_missing,S3-37198119,,0.6275608972835124,22,NOT_IN_CANDS,0.0,38.888888888888886,50.57471264367817,India,S3,1,FN_CANDIDATE_MISS
S1-93741603,candidate_present,S3-981096747,"S3-730249237,S3-782738358,S2-535692078,S3-660744201,S3-78873124",0.4289548981941582,9,BOTH,0.39588379859924316,86.95652173913044,0.0,US,S3,6,FN_MATCHER_REJECTED
S1-906428444,candidate_present,S3-751767229,"S3-71002681,S2-91790174,S3-129054940,S2-321816304,S2-664348256,S3-932095902",0.578971383200195,9,BOTH,0.29245567321777344,89.47368421052632,50.0,US,S3,7,FN_MATCHER_REJECTED
S1-549559960,candidate_present,S2-848203707,"S3-292200508,S3-231650119",0.6388661424174875,3,SEMANTIC_ONLY,0.09607939422130585,14.54545454545455,69.29133858267717,India,S2,3,FN_MATCHER_REJECTED
S1-237739500,candidate_present,S3-679029492,S3-148513444,0.0,-1,CHAMPION_ONLY,0.0009233597083948553,13.953488372093027,33.78378378378378,India,S3,3,FN_MATCHER_REJECTED
S1-237739500,candidate_present,S3-797828547,S3-148513444,0.4234363955437395,3,BOTH,0.39830055832862854,80.0,33.78378378378378,India,S3,3,FN_MATCHER_REJECTED
S1-357837082,candidate_present,NONE,S3-211093331,0.5038045115821831,4,BOTH,0.9865873456001282,23.076923076923073,94.33962264150944,US,S3,3,FP_FALSE_POSITIVE_MERGE
S1-304029686,candidate_present,S2-948269515,"S3-645171149,S3-270996986,S2-469411714",0.5307474617798779,5,BOTH,0.07673181593418121,71.42857142857143,0.0,US,S2,4,FN_MATCHER_REJECTED
S1-745867296,candidate_present,S2-43113841,,0.5429229654242004,1,BOTH,0.35363200306892395,77.77777777777779,0.0,US,S2,1,FN_MATCHER_REJECTED
S1-8713989,candidate_present,S3-20459433,"S3-58380591,S2-37189974,S3-817876291,S3-588750081",0.46643946856382784,5,BOTH,0.19217181205749512,87.27272727272728,0.0,US,S3,5,FN_MATCHER_REJECTED
S1-555242352,candidate_present,S2-253027494,"S2-256698756,S3-884140951,S2-810626996",0.7627332271744882,4,BOTH,0.4684288501739502,17.14285714285714,81.203007518797,India,S2,4,FN_MATCHER_REJECTED
S1-609996572,candidate_present,S2-40869239,"S3-366128148,S2-190427009,S2-672443639,S2-657417123,S3-262044007",0.0,-1,CHAMPION_ONLY,0.6172283887863159,13.636363636363635,68.23529411764706,India,S2,6,FN_MATCHER_REJECTED
S1-238175541,candidate_missing,S2-558978413,"S3-542988034,S3-905308312",0.3566268926948723,22,NOT_IN_CANDS,0.0,9.999999999999998,60.60606060606061,US,S2,3,FN_CANDIDATE_MISS
S1-618624562,candidate_present,NONE,S3-371084039,0.6088246777065459,6,BOTH,0.8860712647438049,92.85714285714286,0.0,US,S3,4,FP_FALSE_POSITIVE_MERGE
S1-618624562,candidate_present,NONE,S2-326529693,0.6165316219371942,5,BOTH,0.9410229325294495,100.0,0.0,US,S2,4,FP_FALSE_POSITIVE_MERGE
S1-849274176,candidate_present,S2-34421487,"S3-168674505,S2-769215892,S2-780835769",0.0,-1,CHAMPION_ONLY,2.1789093807456084e-05,36.8421052631579,41.463414634146346,India,S2,4,FN_MATCHER_REJECTED
S1-115827165,candidate_present,S3-494929490,"S3-153172012,S2-537593145,S3-655137558,S3-27891438,S3-407678354",0.40814633304648473,11,CHAMPION_ONLY,0.5362715125083923,57.14285714285714,0.0,US,S3,6,FN_MATCHER_REJECTED
S1-478804382,candidate_missing,S3-105647246,"S2-949124193,S3-123682857,S2-453507226,S2-386167994,S3-838160083,S2-502848819",0.0,-1,NOT_IN_CANDS,0.0,13.33333333333333,58.18181818181818,India,S3,5,FN_CANDIDATE_MISS
S1-478804382,candidate_present,NONE,S2-502848819,0.0,-1,CHAMPION_ONLY,0.7638165354728699,81.81818181818181,56.75675675675676,India,S2,5,FP_FALSE_POSITIVE_MERGE
S1-478804382,candidate_present,NONE,S2-453507226,0.0,-1,CHAMPION_ONLY,0.8484044671058655,14.634146341463417,64.61538461538461,India,S2,5,FP_FALSE_POSITIVE_MERGE
S1-654078241,candidate_present,S3-45895204,"S3-778778307,S2-27298391,S2-542793063",0.0,-1,CHAMPION_ONLY,0.3268434703350067,70.96774193548387,51.85185185185186,India,S3,4,FN_MATCHER_REJECTED
S1-543874807,candidate_present,S3-34254854,S2-953534056,0.62952672310625,2,BOTH,0.2504049241542816,85.1063829787234,0.0,US,S3,2,FN_MATCHER_REJECTED
S1-936762728,candidate_present,S3-753767840,"S3-694371926,S2-468780590,S3-519366815,S2-261521011",0.5961929341494969,8,BOTH,0.6464273929595947,15.000000000000002,76.11940298507463,India,S3,4,FN_MATCHER_REJECTED
S1-936762728,candidate_present,NONE,S2-468780590,0.7133106383583712,4,SEMANTIC_ONLY,0.9487908482551575,85.1063829787234,66.66666666666667,India,S2,4,FP_FALSE_POSITIVE_MERGE
S1-574902381,candidate_present,NONE,S3-489887853,0.5386276876866273,4,BOTH,0.8644654154777527,24.390243902439025,88.88888888888889,US,S3,3,FP_FALSE_POSITIVE_MERGE
S1-635996806,candidate_present,S2-756480026,"S2-445999214,S3-770372727",0.0,-1,CHAMPION_ONLY,0.07135065644979477,10.71428571428571,36.496350364963504,India,S2,3,FN_MATCHER_REJECTED
S1-266344604,candidate_missing,S3-300641912,"S3-912583004,S3-498162929,S2-137828681,S3-419735406,S3-362251097",0.0,-1,NOT_IN_CANDS,0.0,10.71428571428571,34.84848484848485,India,S3,7,FN_CANDIDATE_MISS
S1-266344604,candidate_missing,S2-568551176,"S3-912583004,S3-498162929,S2-137828681,S3-419735406,S3-362251097",0.0,-1,NOT_IN_CANDS,0.0,10.71428571428571,47.40740740740741,India,S2,7,FN_CANDIDATE_MISS
S1-103101914,candidate_present,S3-464737380,"S3-861731389,S3-681097377,S2-742857142,S3-918907997,S2-262119045",0.5552387015912759,6,SEMANTIC_ONLY,0.0023540444672107697,71.1864406779661,0.0,US,S3,6,FN_MATCHER_REJECTED
S1-818389760,candidate_present,S3-673029335,"S3-909659440,S3-312995706,S3-840843392,S3-705061486",0.0,-1,CHAMPION_ONLY,0.12477345019578934,68.96551724137932,55.42168674698795,US,S3,5,FN_MATCHER_REJECTED
S1-882344007,candidate_present,S3-549002145,"S3-583479480,S2-945518331,S3-742522748",0.5977363845304599,4,BOTH,0.627676248550415,90.47619047619048,0.0,US,S3,4,FN_MATCHER_REJECTED
S1-22633084,candidate_present,S2-680658950,,0.5065572682286983,10,SEMANTIC_ONLY,0.04257197305560112,8.695652173913048,48.837209302325576,India,S2,2,FN_MATCHER_REJECTED
S1-22633084,candidate_missing,S3-912074059,,0.0,-1,NOT_IN_CANDS,0.0,8.695652173913048,45.45454545454546,India,S3,2,FN_CANDIDATE_MISS
S1-690375126,candidate_present,S3-467195779,S2-614304353,0.6330917127090457,2,BOTH,0.6506694555282593,88.88888888888889,0.0,US,S3,2,FN_MATCHER_REJECTED
S1-308262271,candidate_missing,S2-696354721,"S3-149565445,S3-866103109,S3-357540678,S2-877910903",0.0,-1,NOT_IN_CANDS,0.0,9.999999999999998,38.759689922480625,India,S2,5,FN_CANDIDATE_MISS
S1-845031035,candidate_present,S3-40724734,"S3-584285454,S2-350487755",0.4127280583692052,11,CHAMPION_ONLY,0.6490358710289001,19.999999999999996,72.46376811594203,US,S3,3,FN_MATCHER_REJECTED
S1-546177410,candidate_present,S2-648883949,"S3-442260626,S2-475365032,S3-935513474",0.4190220040486656,7,SEMANTIC_ONLY,0.45336830615997314,81.81818181818181,0.0,US,S2,4,FN_MATCHER_REJECTED
S1-806616139,candidate_present,S3-837289282,"S3-380458323,S2-828873290,S2-512833764",0.45552232714084956,4,SEMANTIC_ONLY,0.4696805477142334,95.0,34.66666666666667,India,S3,4,FN_MATCHER_REJECTED
S1-883281842,candidate_present,S2-470387998,"S3-271888732,S2-466747962,S2-165103426,S2-957935953,S2-667852727",0.0,-1,CHAMPION_ONLY,0.034483619034290314,85.71428571428572,0.0,India,S2,6,FN_MATCHER_REJECTED
S1-463038301,candidate_present,S2-852363557,"S3-269207593,S3-789061427",0.0,-1,CHAMPION_ONLY,0.022706719115376472,11.764705882352944,32.3943661971831,India,S2,3,FN_MATCHER_REJECTED
S1-417911003,candidate_present,NONE,S3-882799018,0.6240712549719781,9,BOTH,0.9197431206703186,30.434782608695656,100.0,US,S3,7,FP_FALSE_POSITIVE_MERGE
S1-417911003,candidate_present,NONE,S2-551733314,0.7375377243638424,8,BOTH,0.720382809638977,29.629629629629626,100.0,US,S2,7,FP_FALSE_POSITIVE_MERGE
S1-47773771,candidate_missing,S3-514311755,"S3-515914744,S3-312828212,S2-163907414,S3-783274386",0.0,-1,NOT_IN_CANDS,0.0,22.22222222222222,80.0,US,S3,5,FN_CANDIDATE_MISS
S1-536974738,candidate_missing,S2-187648463,S3-509162315,0.4203679866296636,12,NOT_IN_CANDS,0.0,38.297872340425535,75.75757575757575,US,S2,2,FN_CANDIDATE_MISS
S1-342698190,candidate_present,S3-478289654,"S2-641536912,S3-33593694",0.6664083099782909,2,BOTH,0.5878000855445862,75.0,0.0,US,S3,3,FN_MATCHER_REJECTED
S1-685871904,candidate_present,S3-740323634,"S2-985602105,S3-834325663,S2-408726804",0.37370565442324954,16,CHAMPION_ONLY,0.0006779262912459671,47.05882352941176,0.0,US,S3,4,FN_MATCHER_REJECTED
S1-798312676,candidate_present,S3-256208237,"S2-126005750,S3-243209227",0.5768024267613362,3,BOTH,0.0859762504696846,7.692307692307687,64.07766990291262,India,S3,3,FN_MATCHER_REJECTED
S1-597619383,candidate_present,S3-567956556,"S3-180485796,S2-118180047,S3-390171777",0.4584247517587671,12,CHAMPION_ONLY,0.14686980843544006,87.27272727272728,0.0,India,S3,4,FN_MATCHER_REJECTED
S1-89209690,candidate_present,S2-510581586,"S3-109917852,S3-326466159",0.5451286863677763,8,BOTH,0.007748444564640522,68.96551724137932,69.3069306930693,US,S2,3,FN_MATCHER_REJECTED
S1-147076436,candidate_present,NONE,S3-964076444,0.4434889238585984,5,BOTH,0.7838472723960876,80.0,0.0,India,S3,2,FP_FALSE_POSITIVE_MERGE
S1-748085733,candidate_present,NONE,S2-871366868,0.6444084295853544,3,BOTH,0.7323960661888123,64.51612903225806,66.66666666666667,US,S2,2,FP_FALSE_POSITIVE_MERGE
S1-749530768,candidate_present,NONE,S3-724291993,0.5823873977696851,4,BOTH,0.8147925138473511,57.14285714285714,0.0,US,S3,3,FP_FALSE_POSITIVE_MERGE
S1-670832200,candidate_present,S2-160838125,"S2-907790762,S3-202672069",0.44893105389939647,3,BOTH,0.008038412779569626,48.64864864864865,66.66666666666667,US,S2,3,FN_MATCHER_REJECTED
S1-34608464,candidate_present,S3-240063798,"S2-167154067,S2-596585710,S2-483712676,S2-967432417,S2-775538907",0.4148887090161903,7,BOTH,0.15071243047714233,76.92307692307692,0.0,India,S3,6,FN_MATCHER_REJECTED
S1-914122601,candidate_present,S3-121424381,"S3-968774802,S2-579368062,S3-321990646",0.5970984677819278,4,BOTH,0.671289324760437,62.06896551724138,71.64179104477613,US,S3,4,FN_MATCHER_REJECTED
S1-136329156,candidate_present,S3-518441474,S2-559350920,0.5732273681999507,4,SEMANTIC_ONLY,0.04133627936244011,15.000000000000002,58.71559633027523,India,S3,2,FN_MATCHER_REJECTED
S1-668675379,candidate_present,S3-882190068,S3-79575338,0.6744801244341356,2,BOTH,0.09866198897361755,69.56521739130434,67.74193548387098,US,S3,2,FN_MATCHER_REJECTED
S1-335017093,candidate_present,S3-303562385,"S3-787626118,S2-138767226,S3-573600759,S2-697716048,S3-243775466",0.6428589270100762,6,BOTH,0.4311467409133911,79.06976744186046,75.75757575757575,US,S3,6,FN_MATCHER_REJECTED
S1-750101295,candidate_present,NONE,S2-771886879,0.954627705323281,3,BOTH,0.9948427081108093,86.48648648648648,88.60759493670886,India,S2,4,FP_FALSE_POSITIVE_MERGE
S1-595843047,candidate_missing,S2-666936974,"S3-937197513,S2-707892219",0.4232999786683835,14,NOT_IN_CANDS,0.0,19.047619047619047,82.14285714285714,US,S2,3,FN_CANDIDATE_MISS
S1-595843047,candidate_present,S2-182431985,"S3-937197513,S2-707892219",0.48694473292996715,7,BOTH,0.3607693016529083,69.56521739130434,0.0,US,S2,3,FN_MATCHER_REJECTED
S1-595843047,candidate_present,NONE,S2-707892219,0.8387325170351856,1,BOTH,0.9049315452575684,83.33333333333334,82.14285714285714,US,S2,3,FP_FALSE_POSITIVE_MERGE
S1-40678525,candidate_present,S3-151381602,"S2-616791145,S2-498585240,S2-282681210",0.46290239572058733,5,BOTH,0.3858869671821594,95.0,0.0,US,S3,4,FN_MATCHER_REJECTED
S1-740600107,candidate_present,NONE,S2-515130760,0.0,-1,CHAMPION_ONLY,1.0,59.25925925925925,35.051546391752574,India,S2,2,FP_FALSE_POSITIVE_MERGE
S1-221292843,candidate_present,NONE,S3-93560439,0.6945155145747676,2,BOTH,0.9830639362335205,77.41935483870968,73.07692307692308,India,S3,2,FP_FALSE_POSITIVE_MERGE
S1-612712472,candidate_present,S2-95911733,"S2-931116504,S2-676291617,S2-638600541,S3-449382441",0.5105725626319482,8,BOTH,0.6260777711868286,12.765957446808507,75.9493670886076,India,S2,5,FN_MATCHER_REJECTED
S1-99560436,candidate_present,S3-889312697,"S3-648796389,S2-843937862,S3-255448477,S3-201091181,S2-748649852,S3-568690999,S2-229759815",0.5466004256188669,9,SEMANTIC_ONLY,0.2673758864402771,81.81818181818181,0.0,US,S3,8,FN_MATCHER_REJECTED
S1-99560436,candidate_missing,S2-161239005,"S3-648796389,S2-843937862,S3-255448477,S3-201091181,S2-748649852,S3-568690999,S2-229759815",0.0,-1,NOT_IN_CANDS,0.0,57.14285714285714,52.63157894736843,US,S2,8,FN_CANDIDATE_MISS
S1-99560436,candidate_present,NONE,S2-843937862,0.647950115189607,7,BOTH,0.9578994512557983,100.0,0.0,US,S2,8,FP_FALSE_POSITIVE_MERGE
S1-576290974,candidate_present,S3-717964319,"S2-884848693,S2-678462216,S3-194653364,S3-384473085,S2-144639200,S3-735569201",0.531137446396375,7,BOTH,0.24268653988838196,41.379310344827594,75.0,US,S3,7,FN_MATCHER_REJECTED
S1-660662966,candidate_present,NONE,S3-404967091,0.0,-1,CHAMPION_ONLY,0.7828016877174377,69.38775510204081,60.41666666666667,India,S3,2,FP_FALSE_POSITIVE_MERGE
S1-300704461,candidate_present,NONE,S2-846776586,0.7638209484276821,6,BOTH,0.7577229142189026,66.66666666666667,84.21052631578947,India,S2,5,FP_FALSE_POSITIVE_MERGE
S1-263741395,candidate_present,NONE,S3-911955296,0.5292358445861626,8,BOTH,0.8069438338279724,89.47368421052632,0.0,India,S3,6,FP_FALSE_POSITIVE_MERGE
S1-825671680,candidate_missing,S2-665085322,"S3-647956963,S3-657071449,S2-837508674",0.0,-1,NOT_IN_CANDS,0.0,11.764705882352944,43.47826086956522,India,S2,4,FN_CANDIDATE_MISS
S1-695404178,candidate_present,NONE,S2-320349257,0.0,-1,CHAMPION_ONLY,0.7054217457771301,11.32075471698113,60.24096385542168,India,S2,5,FP_FALSE_POSITIVE_MERGE
S1-291419333,candidate_present,NONE,S2-758947477,0.6509957076176098,3,BOTH,0.8852549195289612,100.0,0.0,US,S2,2,FP_FALSE_POSITIVE_MERGE
S1-50344703,candidate_present,NONE,S2-644161858,0.418237924489185,6,BOTH,0.7438040375709534,94.54545454545455,0.0,US,S2,3,FP_FALSE_POSITIVE_MERGE
S1-608665359,candidate_present,NONE,S2-724200656,0.5319870309842509,2,BOTH,0.802287220954895,57.14285714285714,86.27450980392157,US,S2,1,FP_FALSE_POSITIVE_MERGE
S1-408652294,candidate_present,S3-529340311,"S2-441686547,S3-517364994",0.562419741072189,3,BOTH,0.02053132839500904,11.32075471698113,65.42056074766356,India,S3,3,FN_MATCHER_REJECTED
S1-944869323,candidate_missing,S3-334869431,"S2-276440490,S2-884845385,S2-418844166,S3-218984238",0.0,-1,NOT_IN_CANDS,0.0,14.28571428571429,42.22222222222223,India,S3,5,FN_CANDIDATE_MISS
S1-233588320,candidate_present,NONE,S2-181851707,0.7093578162802164,4,BOTH,0.8435574173927307,93.33333333333333,0.0,US,S2,3,FP_FALSE_POSITIVE_MERGE
S1-787758125,candidate_present,S2-955863783,S2-46899672,0.42389139710557144,11,CHAMPION_ONLY,0.2198268622159958,79.06976744186046,0.0,US,S2,2,FN_MATCHER_REJECTED
S1-9750168,candidate_present,S2-169129232,S3-997618515,0.5311880177445297,2,BOTH,0.5848336219787598,90.32258064516128,0.0,US,S2,2,FN_MATCHER_REJECTED
S1-299367178,candidate_missing,S2-250009064,S3-595539211,0.0,-1,NOT_IN_CANDS,0.0,42.10526315789473,65.11627906976744,US,S2,2,FN_CANDIDATE_MISS
S1-620915993,candidate_present,NONE,S2-234168417,0.684113397224893,3,SEMANTIC_ONLY,0.9107994437217712,91.30434782608697,63.06306306306306,India,S2,2,FP_FALSE_POSITIVE_MERGE
S1-310678505,candidate_present,NONE,S3-682681453,0.6931453610557857,6,BOTH,0.763198733329773,69.84126984126983,85.71428571428572,US,S3,6,FP_FALSE_POSITIVE_MERGE
S1-163297392,candidate_present,S3-745909398,S2-263512694,0.5808283364183329,2,BOTH,0.6571429967880249,90.0,32.96703296703297,India,S3,2,FN_MATCHER_REJECTED
S1-255528432,candidate_present,NONE,S2-309194438,0.6173331581239976,3,SEMANTIC_ONLY,0.9859430193901062,20.833333333333336,100.0,US,S2,2,FP_FALSE_POSITIVE_MERGE
S1-40930902,candidate_present,NONE,S2-971176262,0.3806225207545657,5,BOTH,0.7160463333129883,88.0,0.0,India,S2,2,FP_FALSE_POSITIVE_MERGE
S1-606034416,candidate_present,NONE,S2-512987103,0.8691383804478019,4,BOTH,0.8957228064537048,71.875,90.32258064516128,US,S2,6,FP_FALSE_POSITIVE_MERGE
S1-881444813,candidate_present,NONE,S3-373818597,0.42977690397879204,13,CHAMPION_ONLY,0.6908301115036011,95.0,0.0,US,S3,3,FP_FALSE_POSITIVE_MERGE
S1-491658200,candidate_present,NONE,S3-5362232,0.4911241351524415,4,BOTH,0.9348210692405701,95.23809523809523,0.0,India,S3,4,FP_FALSE_POSITIVE_MERGE
S1-491658200,candidate_present,NONE,S2-94471791,0.4911241351524415,3,BOTH,0.941205620765686,100.0,0.0,India,S2,4,FP_FALSE_POSITIVE_MERGE
S1-798155629,candidate_present,S2-55612482,"S3-32734770,S3-496088530",0.3992406842067465,6,BOTH,0.27307626605033875,21.42857142857143,65.625,US,S2,3,FN_MATCHER_REJECTED
S1-339001329,candidate_present,S2-671103041,"S2-768994904,S3-832685026",0.3816278063317131,5,BOTH,0.24080048501491547,77.55102040816327,0.0,India,S2,3,FN_MATCHER_REJECTED
S1-211367912,candidate_missing,S3-318653684,"S3-146737822,S2-664801713,S2-783711549",0.0,-1,NOT_IN_CANDS,0.0,8.823529411764708,69.3069306930693,India,S3,4,FN_CANDIDATE_MISS
S1-840278172,candidate_missing,S3-240882584,"S2-260518390,S3-399113202,S2-536756969,S3-920630019",0.0,-1,NOT_IN_CANDS,0.0,11.538461538461542,40.0,India,S3,5,FN_CANDIDATE_MISS
S1-27444152,candidate_present,S3-578691751,"S2-353041794,S3-153670200,S2-608520307",0.41984004395796753,4,BOTH,0.022239824756979942,64.86486486486487,0.0,US,S3,4,FN_MATCHER_REJECTED
S1-574927457,candidate_present,NONE,S2-412644676,0.9120589329428764,4,BOTH,0.9732645153999329,93.02325581395348,92.0,US,S2,4,FP_FALSE_POSITIVE_MERGE
S1-134143616,candidate_present,S3-536754838,"S3-393867082,S3-218370044,S2-528500563",0.44898618241731075,4,BOTH,0.5366856455802917,90.56603773584906,0.0,US,S3,4,FN_MATCHER_REJECTED
S1-448410374,candidate_present,NONE,S2-582984116,0.6822478739566321,5,BOTH,0.7330485582351685,88.88888888888889,0.0,US,S2,4,FP_FALSE_POSITIVE_MERGE
S1-317054463,candidate_present,NONE,S2-405520451,0.47429697716909747,5,SEMANTIC_ONLY,0.7880753874778748,74.07407407407408,66.66666666666667,India,S2,3,FP_FALSE_POSITIVE_MERGE
S1-392534068,candidate_present,S3-878670505,"S2-28637907,S3-333747934,S2-331210980,S3-244402817,S3-120235703,S2-585345673",0.0,-1,CHAMPION_ONLY,0.0007415662403218448,44.44444444444444,22.857142857142854,India,S3,7,FN_MATCHER_REJECTED
S1-30038696,candidate_present,S3-281274446,,0.0,-1,CHAMPION_ONLY,0.16940216720104218,11.538461538461542,72.16494845360825,India,S3,2,FN_MATCHER_REJECTED
S1-30038696,candidate_present,S2-789253940,,0.7072750198993226,1,BOTH,0.1993894726037979,11.538461538461542,82.35294117647058,India,S2,2,FN_MATCHER_REJECTED
S1-722701300,candidate_present,S3-946525856,"S2-704365325,S2-178407692,S3-40456423",0.5328287472715508,4,BOTH,0.23353376984596252,90.9090909090909,0.0,India,S3,4,FN_MATCHER_REJECTED
S1-336753892,candidate_present,S2-928281443,S3-654854802,0.3193660369567399,17,CHAMPION_ONLY,0.11328227818012238,12.5,41.07142857142857,India,S2,2,FN_MATCHER_REJECTED
S1-742910577,candidate_present,NONE,S2-670992606,0.7599286606384611,3,BOTH,0.7226743698120117,29.629629629629626,82.82828282828282,India,S2,3,FP_FALSE_POSITIVE_MERGE
S1-440098202,candidate_present,S3-20863846,"S2-628034994,S3-165145600,S3-478017698,S2-731980362,S2-959982692",0.4730320947160755,6,BOTH,0.6124247908592224,92.6829268292683,0.0,US,S3,6,FN_MATCHER_REJECTED
S1-721706825,candidate_missing,S3-158671290,"S2-115505642,S2-803204014",0.0,-1,NOT_IN_CANDS,0.0,11.32075471698113,48.97959183673469,India,S3,3,FN_CANDIDATE_MISS
S1-406527214,candidate_present,S3-731303952,S3-628778121,0.5541098687903327,2,BOTH,0.293056458234787,31.25,73.33333333333334,India,S3,2,FN_MATCHER_REJECTED
S1-879207596,candidate_missing,S2-476270581,"S3-425703002,S3-232810221,S3-354937842",0.0,-1,NOT_IN_CANDS,0.0,10.909090909090914,57.14285714285714,India,S2,4,FN_CANDIDATE_MISS
S1-833492633,candidate_present,S3-163537924,"S3-531303240,S3-184297142,S2-964075237,S3-529805102,S2-42996984",0.38675881102554405,10,BOTH,0.00276277307420969,52.83018867924528,0.0,US,S3,6,FN_MATCHER_REJECTED
S1-858622944,candidate_present,S2-273183055,"S3-985541586,S3-6622476,S3-896475984,S2-318019614",0.6257561133624281,4,BOTH,0.3776700496673584,28.57142857142857,77.33333333333333,India,S2,5,FN_MATCHER_REJECTED
S1-222601052,candidate_present,NONE,S3-390219058,0.8480066550107467,7,BOTH,0.9291536808013916,80.76923076923077,87.17948717948718,US,S3,7,FP_FALSE_POSITIVE_MERGE
S1-51296542,candidate_present,NONE,S3-927224309,0.8044674487146727,4,BOTH,0.9881680011749268,95.23809523809523,88.88888888888889,US,S3,4,FP_FALSE_POSITIVE_MERGE
S1-480846247,candidate_present,S3-766098119,"S3-790000346,S2-911377728,S3-148912384",0.6176957503358719,4,BOTH,0.36609840393066406,81.81818181818181,0.0,US,S3,4,FN_MATCHER_REJECTED
S1-276296929,candidate_missing,S2-618793748,"S2-15486976,S3-481989377,S2-916920341,S3-895076340",0.0,-1,NOT_IN_CANDS,0.0,16.216216216216218,58.62068965517242,US,S2,5,FN_CANDIDATE_MISS
S1-425587153,candidate_missing,S2-340857416,"S3-289001960,S3-574136968,S3-658576300",0.0,-1,NOT_IN_CANDS,0.0,12.244897959183676,47.16981132075472,India,S2,4,FN_CANDIDATE_MISS
S1-655628490,candidate_present,S3-828345775,S2-861288400,0.4057527215510152,13,CHAMPION_ONLY,0.4967862069606781,88.88888888888889,15.384615384615385,India,S3,2,FN_MATCHER_REJECTED
S1-715642052,candidate_present,S3-265229734,"S3-478297600,S3-697360003,S2-282245687,S3-915513085,S2-484970278",0.6642118785703195,5,BOTH,0.11519011855125427,29.411764705882348,80.45977011494253,India,S3,6,FN_MATCHER_REJECTED
S1-685095028,candidate_present,S3-850420510,"S2-955194084,S2-442000424",0.0,-1,CHAMPION_ONLY,0.45033490657806396,68.75,38.63636363636363,India,S3,3,FN_MATCHER_REJECTED
S1-496404957,candidate_missing,S2-667639545,"S2-50620641,S2-26705740,S3-386507165,S3-294219520",0.0,-1,NOT_IN_CANDS,0.0,11.764705882352944,36.206896551724135,India,S2,5,FN_CANDIDATE_MISS
S1-490372842,candidate_present,S2-774512583,"S3-365385967,S3-292754865,S3-33485222",0.6285712056396254,5,BOTH,0.5377370715141296,84.21052631578947,0.0,US,S2,4,FN_MATCHER_REJECTED
S1-911466358,candidate_present,S2-293737127,"S3-414840349,S2-527043966,S2-221669172",0.692667947967754,3,SEMANTIC_ONLY,0.4330857992172241,93.02325581395348,63.29113924050633,India,S2,4,FN_MATCHER_REJECTED
S1-840168502,candidate_present,NONE,S3-539751132,0.68976382799297,1,BOTH,0.9766147136688232,25.806451612903224,100.0,US,S3,0,FP_FALSE_POSITIVE_MERGE
S1-970368826,candidate_present,NONE,S3-415320697,0.0,-1,CHAMPION_ONLY,0.917870044708252,28.57142857142857,70.12987012987013,US,S3,1,FP_FALSE_POSITIVE_MERGE
S1-928412953,candidate_present,S2-157557028,"S3-870527398,S2-574183114,S2-775511888,S3-989015878",0.0,-1,CHAMPION_ONLY,0.0013137382920831442,22.22222222222222,61.76470588235294,US,S2,5,FN_MATCHER_REJECTED
S1-637872165,candidate_present,S3-226497953,"S3-774890252,S3-958748038,S3-446697895",0.5483944260183531,4,BOTH,0.3963916301727295,81.81818181818181,0.0,US,S3,4,FN_MATCHER_REJECTED
S1-101600459,candidate_present,S2-640299814,S2-141941838,0.4146775624591836,3,BOTH,0.023973895236849785,53.65853658536586,0.0,US,S2,2,FN_MATCHER_REJECTED
S1-139922907,candidate_present,S2-263823792,"S3-910337938,S3-227473623,S2-97573234,S2-215590224,S2-764333577,S2-268652103",0.6242507327111766,7,BOTH,0.6283228993415833,85.71428571428572,0.0,US,S2,7,FN_MATCHER_REJECTED
S1-757724109,candidate_missing,S3-931996272,"S3-648603153,S3-955075928,S3-356556655,S3-140433585",0.0,-1,NOT_IN_CANDS,0.0,14.634146341463417,43.29896907216495,India,S3,6,FN_CANDIDATE_MISS
S1-757724109,candidate_missing,S2-539942617,"S3-648603153,S3-955075928,S3-356556655,S3-140433585",0.0,-1,NOT_IN_CANDS,0.0,14.634146341463417,32.692307692307686,India,S2,6,FN_CANDIDATE_MISS
S1-757724109,candidate_missing,S2-597857710,"S3-648603153,S3-955075928,S3-356556655,S3-140433585",0.0,-1,NOT_IN_CANDS,0.0,14.634146341463417,46.15384615384615,India,S2,6,FN_CANDIDATE_MISS
S1-757724109,candidate_present,NONE,S3-648603153,0.0,-1,CHAMPION_ONLY,0.8016378879547119,88.88888888888889,0.0,India,S3,6,FP_FALSE_POSITIVE_MERGE
S1-348059257,candidate_present,NONE,S2-578079964,0.3634746426485247,7,BOTH,1.0,51.61290322580645,49.056603773584904,US,S2,4,FP_FALSE_POSITIVE_MERGE
S1-721911045,candidate_present,NONE,S3-756682074,0.5723629594133776,2,BOTH,0.8840256929397583,94.73684210526316,0.0,US,S3,1,FP_FALSE_POSITIVE_MERGE
S1-848202175,candidate_present,S2-86529924,"S3-487999908,S3-514433041,S2-739863328",0.8072364986788476,2,BOTH,0.34008166193962097,57.77777777777777,78.78787878787878,US,S2,4,FN_MATCHER_REJECTED
S1-359694049,candidate_present,S3-564723361,"S3-848208073,S3-630594320,S3-56019973,S3-272234102,S2-569799498",0.4587204137906268,6,SEMANTIC_ONLY,0.016956035047769547,77.77777777777779,0.0,US,S3,6,FN_MATCHER_REJECTED
S1-766097167,candidate_present,S2-148659005,"S2-507107044,S3-658057883",0.6557009864704554,3,BOTH,0.6476520299911499,38.46153846153846,89.8876404494382,US,S2,3,FN_MATCHER_REJECTED
S1-66645690,candidate_present,S3-108342955,"S3-753519206,S3-569531124,S2-913604865,S2-513268507,S3-233985497",0.7605814872269975,6,SEMANTIC_ONLY,0.10050947219133377,21.62162162162162,79.53216374269006,India,S3,6,FN_MATCHER_REJECTED
S1-180269792,candidate_present,S3-619030731,"S2-595423389,S2-521119697",0.5053302696640312,5,SEMANTIC_ONLY,0.0628286600112915,48.0,44.230769230769226,India,S3,3,FN_MATCHER_REJECTED
S1-10222665,candidate_present,S2-494483805,"S2-464688602,S3-599611593,S3-435742722,S3-759580237",0.5757980570886856,8,SEMANTIC_ONLY,0.008706307969987392,50.0,57.49999999999999,India,S2,6,FN_MATCHER_REJECTED
S1-10222665,candidate_present,S2-358886055,"S2-464688602,S3-599611593,S3-435742722,S3-759580237",0.5762579712901338,7,BOTH,0.6441553235054016,84.61538461538461,0.0,India,S2,6,FN_MATCHER_REJECTED
S1-379443057,candidate_present,S2-861811551,"S2-857137996,S3-536729265,S3-607995997,S2-223472446",0.9383564116744542,3,BOTH,0.42717334628105164,85.71428571428572,96.15384615384616,US,S2,5,FN_MATCHER_REJECTED
S1-618610915,candidate_present,S3-689183567,"S3-469929228,S2-554057854,S3-283252002,S3-147522977",0.5039174639716011,6,BOTH,0.10146272927522659,69.23076923076923,0.0,US,S3,6,FN_MATCHER_REJECTED
S1-618610915,candidate_present,S2-585844822,"S3-469929228,S2-554057854,S3-283252002,S3-147522977",0.5039174639716011,5,BOTH,0.10717527568340302,69.23076923076923,0.0,US,S2,6,FN_MATCHER_REJECTED
S1-738693243,candidate_missing,S2-165151602,"S3-480955339,S3-490315823,S2-171020914",0.0,-1,NOT_IN_CANDS,0.0,92.6829268292683,0.0,India,S2,4,FN_CANDIDATE_MISS
S1-605334018,candidate_missing,S3-257861664,"S3-988767294,S3-92440994,S2-459446221",0.0,-1,NOT_IN_CANDS,0.0,12.765957446808507,52.83018867924528,India,S3,5,FN_CANDIDATE_MISS
S1-605334018,candidate_missing,S2-343364600,"S3-988767294,S3-92440994,S2-459446221",0.388793564032356,12,NOT_IN_CANDS,0.0,12.765957446808507,61.946902654867266,India,S2,5,FN_CANDIDATE_MISS
S1-300289723,candidate_missing,S3-918851466,"S3-393899216,S2-511478461,S3-110082597,S2-775973920",0.0,-1,NOT_IN_CANDS,0.0,51.162790697674424,0.0,India,S3,5,FN_CANDIDATE_MISS
S1-618980917,candidate_missing,S2-850014355,S2-53549553,0.4336162562518861,18,NOT_IN_CANDS,0.0,13.33333333333333,48.93617021276596,India,S2,3,FN_CANDIDATE_MISS
S1-618980917,candidate_missing,S3-960495195,S2-53549553,0.0,-1,NOT_IN_CANDS,0.0,13.33333333333333,33.333333333333336,India,S3,3,FN_CANDIDATE_MISS
S1-62135230,candidate_missing,S2-65225897,"S3-610302955,S3-343644603,S2-478618542",0.42767822642437536,26,NOT_IN_CANDS,0.0,19.999999999999996,62.857142857142854,India,S2,3,FN_CANDIDATE_MISS
S1-62135230,candidate_present,NONE,S3-343644603,0.8121641526173993,2,BOTH,0.9623924493789673,20.512820512820518,83.11688311688312,India,S3,3,FP_FALSE_POSITIVE_MERGE
S1-196935438,candidate_present,S3-629460525,S3-79337982,0.6348974539630693,2,BOTH,0.49611175060272217,80.0,0.0,US,S3,2,FN_MATCHER_REJECTED
S1-833391908,candidate_missing,S2-495340863,S3-136432537,0.0,-1,NOT_IN_CANDS,0.0,11.538461538461542,37.11340206185567,India,S2,2,FN_CANDIDATE_MISS
S1-758391186,candidate_missing,S3-492023313,"S2-890471377,S2-36287475,S3-756219369,S3-730252044",0.0,-1,NOT_IN_CANDS,0.0,12.903225806451612,45.87155963302752,India,S3,7,FN_CANDIDATE_MISS
S1-758391186,candidate_present,S3-289709110,"S2-890471377,S2-36287475,S3-756219369,S3-730252044",0.0,-1,CHAMPION_ONLY,0.6721683144569397,16.94915254237288,45.87155963302752,India,S3,7,FN_MATCHER_REJECTED
S1-758391186,candidate_missing,S3-882957674,"S2-890471377,S2-36287475,S3-756219369,S3-730252044",0.0,-1,NOT_IN_CANDS,0.0,12.903225806451612,45.87155963302752,India,S3,7,FN_CANDIDATE_MISS
S1-964610916,candidate_present,S2-481476074,"S2-865088358,S3-843743799,S3-32516337",0.672710224858519,4,BOTH,0.3373400568962097,65.11627906976744,71.64179104477613,US,S2,3,FN_MATCHER_REJECTED
S1-964610916,candidate_present,NONE,S2-865088358,0.7732831970584108,3,BOTH,0.9629650115966797,93.33333333333333,75.0,US,S2,3,FP_FALSE_POSITIVE_MERGE
S1-713405718,candidate_present,S3-108395188,"S2-496110983,S2-979692389",0.6494352784990498,3,BOTH,0.550869345664978,87.27272727272728,0.0,US,S3,3,FN_MATCHER_REJECTED
S1-706626109,candidate_present,S2-104536229,"S3-207352670,S2-83684607,S3-737091559,S3-702628271,S2-675626969",0.43583261285142344,7,BOTH,0.1705041229724884,29.268292682926834,96.42857142857143,US,S2,6,FN_MATCHER_REJECTED
S1-56735529,candidate_present,S2-329263365,"S2-840824262,S3-453570944,S2-78391410,S3-41151611,S2-43666839,S3-911015570,S2-826301918,S3-849996571",0.3288537992310655,18,CHAMPION_ONLY,0.5971294045448303,76.92307692307692,0.0,US,S2,9,FN_MATCHER_REJECTED
S1-524423134,candidate_present,NONE,S3-632211061,0.7042170931316747,4,BOTH,0.9496385455131531,85.71428571428572,81.25,US,S3,3,FP_FALSE_POSITIVE_MERGE
S1-988131510,candidate_present,NONE,S2-355055649,0.8622706097081267,3,BOTH,0.996366024017334,72.72727272727273,97.22222222222221,US,S2,2,FP_FALSE_POSITIVE_MERGE
S1-968599654,candidate_present,S3-867868464,"S3-413476035,S2-308636331,S3-363754411",0.0,-1,CHAMPION_ONLY,0.3443739116191864,74.28571428571429,27.956989247311824,India,S3,4,FN_MATCHER_REJECTED
S1-754201992,candidate_present,NONE,S2-934496222,0.6046292088218632,6,BOTH,0.9782043099403381,25.0,100.0,US,S2,5,FP_FALSE_POSITIVE_MERGE
S1-805495186,candidate_present,NONE,S3-957659384,0.5587741512213341,14,CHAMPION_ONLY,0.9591984152793884,77.96610169491525,69.23076923076923,India,S3,3,FP_FALSE_POSITIVE_MERGE
S1-805495186,candidate_present,NONE,S3-791429039,0.5620775486180583,12,CHAMPION_ONLY,0.9378046989440918,82.53968253968253,53.608247422680414,India,S3,3,FP_FALSE_POSITIVE_MERGE
S1-805495186,candidate_present,NONE,S3-416752592,0.5423698895376821,22,CHAMPION_ONLY,0.8641974329948425,82.53968253968253,63.23529411764706,India,S3,3,FP_FALSE_POSITIVE_MERGE
S1-805495186,candidate_present,NONE,S2-985149305,0.6311691534662272,5,BOTH,0.8263971209526062,82.53968253968253,75.177304964539,India,S2,3,FP_FALSE_POSITIVE_MERGE
S1-879877635,candidate_present,NONE,S2-143687936,0.9354257666597119,1,BOTH,0.9001039266586304,81.81818181818181,88.37209302325581,India,S2,3,FP_FALSE_POSITIVE_MERGE
S1-534329905,candidate_present,S3-27718561,"S2-915479416,S2-665427984,S3-835781194",0.3576358776780327,20,CHAMPION_ONLY,0.6597323417663574,10.256410256410254,59.45945945945945,India,S3,4,FN_MATCHER_REJECTED
S1-349849273,candidate_present,S2-947199280,"S2-164297098,S2-272999161,S3-140354156,S3-278281476,S3-253961631",0.39149193612603284,9,SEMANTIC_ONLY,0.0022914160508662462,38.46153846153846,50.98039215686274,India,S2,6,FN_MATCHER_REJECTED
S1-349849273,candidate_present,S2-657468955,"S2-164297098,S2-272999161,S3-140354156,S3-278281476,S3-253961631",0.7933194640030479,4,BOTH,0.29528042674064636,34.78260869565217,79.45205479452055,India,S2,6,FN_MATCHER_REJECTED
S1-349849273,candidate_present,NONE,S3-278281476,0.8388382957886512,3,BOTH,0.9917396903038025,23.076923076923073,100.0,India,S3,6,FP_FALSE_POSITIVE_MERGE
S1-9095876,candidate_missing,S3-558130484,"S2-572789911,S3-162496,S2-617842496,S2-504227714,S3-451616196",0.0,-1,NOT_IN_CANDS,0.0,16.000000000000004,57.407407407407405,India,S3,6,FN_CANDIDATE_MISS
S1-513111924,candidate_present,S2-179907528,,0.4197112603162728,1,BOTH,0.0944126769900322,80.0,0.0,US,S2,1,FN_MATCHER_REJECTED
S1-52492661,candidate_present,NONE,S2-521818140,0.8010812858032849,3,BOTH,0.8795536160469055,86.95652173913044,85.71428571428572,US,S2,2,FP_FALSE_POSITIVE_MERGE
S1-941785626,candidate_present,NONE,S2-16088526,0.37772566263959806,9,BOTH,0.8109675645828247,84.61538461538461,0.0,India,S2,7,FP_FALSE_POSITIVE_MERGE
S1-973717755,candidate_missing,S2-940499387,"S2-929626937,S3-143365683",0.46022377139675835,13,NOT_IN_CANDS,0.0,65.51724137931035,0.0,India,S2,3,FN_CANDIDATE_MISS
S1-798071102,candidate_present,S3-100334786,"S3-23247872,S2-461202461,S2-534031952,S3-144804925,S3-85201670,S3-187317992",0.579985462431544,7,BOTH,0.4933403730392456,100.0,46.15384615384615,US,S3,7,FN_MATCHER_REJECTED
S1-891104891,candidate_present,NONE,S2-735512023,0.9064842867991958,2,BOTH,0.9231449961662292,76.59574468085107,85.07462686567165,India,S2,3,FP_FALSE_POSITIVE_MERGE
S1-178022840,candidate_present,S3-968500624,"S3-533467663,S2-950851985,S3-755249439",0.5092740745270002,5,SEMANTIC_ONLY,0.0037851715460419655,65.38461538461539,57.14285714285714,US,S3,4,FN_MATCHER_REJECTED
S1-994039051,candidate_present,S3-294322740,"S2-315653214,S3-8431405,S3-333281482",0.518227287148224,5,SEMANTIC_ONLY,0.0859498605132103,73.33333333333334,0.0,US,S3,4,FN_MATCHER_REJECTED
S1-914459278,candidate_present,S3-823575012,S2-319782753,0.4389274297674951,3,SEMANTIC_ONLY,0.6130163073539734,83.33333333333334,53.78151260504202,India,S3,2,FN_MATCHER_REJECTED
S1-804634352,candidate_present,S2-710082259,"S2-123907445,S3-813455390,S3-66780748,S3-989717999",0.0,-1,CHAMPION_ONLY,0.026517458260059357,60.0,0.0,India,S2,5,FN_MATCHER_REJECTED
S1-453593204,candidate_present,S3-826131644,"S2-366480050,S2-600433503,S3-999512002",0.826553317027722,4,BOTH,0.3669838309288025,57.692307692307686,85.29411764705883,US,S3,4,FN_MATCHER_REJECTED
S1-18971888,candidate_present,NONE,S2-426556831,0.7068604855539545,2,SEMANTIC_ONLY,0.7752634882926941,52.38095238095239,84.21052631578947,India,S2,2,FP_FALSE_POSITIVE_MERGE
S1-18971888,candidate_present,NONE,S3-588120445,0.0,-1,CHAMPION_ONLY,0.9801301956176758,46.808510638297875,0.0,India,S3,2,FP_FALSE_POSITIVE_MERGE
S1-411106161,candidate_present,NONE,S3-406159165,0.6456846484983653,4,BOTH,0.7300588488578796,84.21052631578947,0.0,US,S3,3,FP_FALSE_POSITIVE_MERGE
S1-58506724,candidate_present,NONE,S2-561276647,0.8954468573355456,1,BOTH,0.8768255710601807,91.30434782608697,84.21052631578947,US,S2,3,FP_FALSE_POSITIVE_MERGE
S1-685556943,candidate_present,S3-834878565,"S3-751911047,S2-705043101",0.38640405526667315,3,BOTH,0.516505777835846,75.0,0.0,US,S3,3,FN_MATCHER_REJECTED
S1-837264242,candidate_present,S2-76961843,"S2-288988475,S3-936718471,S2-254503072,S3-231894450",0.5455495436309051,5,BOTH,0.003971177153289318,70.27027027027026,0.0,US,S2,5,FN_MATCHER_REJECTED
S1-862176518,candidate_present,S2-790474846,"S2-565201713,S3-759897642,S3-21995160",0.5592211067694047,12,CHAMPION_ONLY,0.4384441673755646,74.62686567164178,54.90196078431373,India,S2,4,FN_MATCHER_REJECTED
S1-107874030,candidate_present,S3-74303029,"S2-309680592,S2-72878853,S3-844414405,S2-294319913",0.0,-1,CHAMPION_ONLY,0.0026577229145914316,81.25,50.0,US,S3,5,FN_MATCHER_REJECTED
S1-386984673,candidate_present,S2-987599033,"S3-271489206,S3-170824470,S2-58499622",0.4206907119174993,11,CHAMPION_ONLY,0.043895479291677475,77.41935483870968,0.0,US,S2,4,FN_MATCHER_REJECTED
S1-726175679,candidate_missing,S2-682080483,S2-636109237,0.0,-1,NOT_IN_CANDS,0.0,92.3076923076923,0.0,India,S2,2,FN_CANDIDATE_MISS
S1-389169117,candidate_present,NONE,S2-756087518,0.9114798295522591,2,BOTH,0.8185136318206787,93.10344827586206,94.11764705882352,US,S2,3,FP_FALSE_POSITIVE_MERGE
S1-663819576,candidate_missing,S2-92209075,"S2-610645786,S2-703945174",0.0,-1,NOT_IN_CANDS,0.0,71.42857142857143,0.0,India,S2,2,FN_CANDIDATE_MISS
S1-663819576,candidate_present,NONE,S2-703945174,0.9101193111368221,2,BOTH,0.9986137747764587,79.24528301886792,88.52459016393442,India,S2,2,FP_FALSE_POSITIVE_MERGE
S1-489672036,candidate_present,S2-553123573,"S2-326860504,S3-786114882",0.6601270836820521,3,BOTH,0.4360716938972473,85.71428571428572,0.0,US,S2,3,FN_MATCHER_REJECTED
S1-932763767,candidate_present,S3-124479077,S2-792293248,0.3060145710940683,17,CHAMPION_ONLY,0.00240451586432755,62.06896551724138,0.0,India,S3,2,FN_MATCHER_REJECTED
S1-418422898,candidate_present,S3-484152295,"S2-312912208,S3-702926863,S2-258856612",0.6508331766895795,4,BOTH,0.6619687676429749,30.303030303030297,86.7132867132867,India,S3,4,FN_MATCHER_REJECTED
S1-137750545,candidate_present,NONE,S3-325748433,0.68158733011814,6,BOTH,0.9624354839324951,80.0,68.35443037974683,US,S3,6,FP_FALSE_POSITIVE_MERGE
S1-816099628,candidate_present,S2-551913215,S3-395951554,0.5871165475718059,2,BOTH,0.4037323594093323,75.67567567567568,0.0,US,S2,2,FN_MATCHER_REJECTED
S1-611365239,candidate_missing,S2-717855416,"S3-278434941,S3-794017438,S2-422695651,S3-229265699,S2-721027414,S3-465013588",0.3005076793248029,22,NOT_IN_CANDS,0.0,88.37209302325581,0.0,US,S2,7,FN_CANDIDATE_MISS
S1-275082729,candidate_missing,S3-496062998,"S3-94384565,S2-709229771,S3-210526658",0.0,-1,NOT_IN_CANDS,0.0,9.090909090909093,43.13725490196079,India,S3,4,FN_CANDIDATE_MISS
S1-850327084,candidate_present,NONE,S3-992829808,0.8124315292644252,4,BOTH,0.8391748666763306,62.22222222222222,88.23529411764706,US,S3,3,FP_FALSE_POSITIVE_MERGE
S1-240811681,candidate_present,NONE,S3-771204573,0.0,-1,CHAMPION_ONLY,1.0,45.28301886792453,47.45762711864406,India,S3,3,FP_FALSE_POSITIVE_MERGE
S1-333473481,candidate_missing,S3-941114873,"S2-867823269,S2-600670425,S2-401746735",0.3609582200349458,11,NOT_IN_CANDS,0.0,10.256410256410254,39.473684210526315,India,S3,4,FN_CANDIDATE_MISS
S1-805520274,candidate_missing,S2-488228059,"S2-716143977,S3-536694349,S3-968125369,S3-461274543,S3-815975408",0.5093961855753071,11,NOT_IN_CANDS,0.0,17.647058823529417,52.77777777777778,India,S2,6,FN_CANDIDATE_MISS
S1-775694766,candidate_missing,S2-933267880,"S2-808498076,S3-80241325,S2-781408168,S3-214073006",0.0,-1,NOT_IN_CANDS,0.0,23.809523809523814,60.0,US,S2,5,FN_CANDIDATE_MISS
S1-148297070,candidate_present,S2-667441102,"S3-910971265,S3-961530273,S2-635164078",0.7232607622023762,4,BOTH,0.6496357321739197,84.21052631578947,79.01234567901234,US,S2,4,FN_MATCHER_REJECTED
S1-598852387,candidate_present,S3-46093263,S2-394350671,0.4344736900193762,7,BOTH,0.05945047363638878,13.793103448275868,77.61194029850746,US,S3,3,FN_MATCHER_REJECTED
S1-598852387,candidate_present,S2-947962409,S2-394350671,0.42976256028129395,9,SEMANTIC_ONLY,0.2740766406059265,73.6842105263158,82.75862068965517,US,S2,3,FN_MATCHER_REJECTED
S1-226964528,candidate_present,S3-560636619,"S3-180885195,S3-709974281,S2-188295837,S2-74003616,S2-625675086",0.6747854157947821,6,BOTH,0.3455348610877991,77.41935483870968,0.0,US,S3,6,FN_MATCHER_REJECTED
S1-271285544,candidate_present,NONE,S3-992341899,0.4443781397794373,4,SEMANTIC_ONLY,0.7324846386909485,96.42857142857143,0.0,India,S3,0,FP_FALSE_POSITIVE_MERGE
S1-816670244,candidate_missing,S3-965722166,"S2-298615086,S3-495858843,S3-140791845",0.0,-1,NOT_IN_CANDS,0.0,12.5,32.52032520325203,India,S3,4,FN_CANDIDATE_MISS
S1-146845100,candidate_missing,S2-341455263,"S2-753806369,S3-313688012",0.47989899169287126,30,NOT_IN_CANDS,0.0,90.19607843137256,0.0,US,S2,3,FN_CANDIDATE_MISS
S1-588423785,candidate_present,S2-185081294,"S2-136337889,S3-697058666,S3-723781248",0.38788476791353893,5,BOTH,0.0025835330598056316,13.636363636363635,78.43137254901961,US,S2,4,FN_MATCHER_REJECTED
S1-637478090,candidate_present,NONE,S3-752882906,0.7781687366100212,1,BOTH,0.9294207692146301,81.08108108108108,83.33333333333334,US,S3,0,FP_FALSE_POSITIVE_MERGE
S1-766890897,candidate_present,S2-57753303,"S2-33617065,S2-644029227,S3-885787619,S3-35962365",0.0,-1,CHAMPION_ONLY,0.08046998083591461,7.547169811320753,62.06896551724138,India,S2,5,FN_MATCHER_REJECTED
S1-379957392,candidate_present,NONE,S2-649689586,0.6910022822953104,4,BOTH,0.9003028273582458,100.0,0.0,US,S2,2,FP_FALSE_POSITIVE_MERGE
S1-379957392,candidate_present,NONE,S2-222897099,0.6910022822953104,3,BOTH,0.9003028273582458,100.0,0.0,US,S2,2,FP_FALSE_POSITIVE_MERGE
S1-575492986,candidate_present,S3-6773816,"S3-756378905,S2-947197090,S2-947771878",0.71522806533461,4,BOTH,0.6700107455253601,88.23529411764706,0.0,US,S3,4,FN_MATCHER_REJECTED
S1-193928185,candidate_missing,S2-278233591,"S3-180606404,S2-819298917,S2-380283155,S2-866687990",0.0,-1,NOT_IN_CANDS,0.0,6.060606060606055,51.28205128205128,India,S2,6,FN_CANDIDATE_MISS
S1-193928185,candidate_missing,S3-20160290,"S3-180606404,S2-819298917,S2-380283155,S2-866687990",0.0,-1,NOT_IN_CANDS,0.0,6.060606060606055,49.122807017543856,India,S3,6,FN_CANDIDATE_MISS
S1-858827076,candidate_present,S3-835268925,"S2-220379526,S3-256643598,S2-395612540",0.3394533916129228,19,CHAMPION_ONLY,0.5508595108985901,77.64705882352942,36.024844720496894,India,S3,4,FN_MATCHER_REJECTED
S1-845942312,candidate_present,NONE,S2-992829478,0.5914626523460231,5,BOTH,0.8274813890457153,100.0,0.0,US,S2,4,FP_FALSE_POSITIVE_MERGE
S1-786422330,candidate_present,S2-273018349,"S3-9971669,S2-824950736,S3-67504906,S3-189823473",0.3401319042536326,10,BOTH,0.06371427327394485,45.45454545454546,0.0,US,S2,4,FN_MATCHER_REJECTED
S1-786422330,candidate_present,NONE,S3-189823473,0.6512104864341022,4,BOTH,0.9967634081840515,43.47826086956522,90.56603773584906,US,S3,4,FP_FALSE_POSITIVE_MERGE
S1-996966377,candidate_present,NONE,S3-315750790,0.5769659323896723,4,BOTH,0.9601295590400696,93.87755102040816,56.60377358490566,India,S3,3,FP_FALSE_POSITIVE_MERGE
S1-734491724,candidate_present,S2-821386903,"S3-67128727,S2-230186117,S2-663609490,S3-31606753",0.816898897620478,2,BOTH,0.5870864391326904,83.33333333333334,92.3076923076923,US,S2,5,FN_MATCHER_REJECTED
S1-418041254,candidate_present,S3-431950810,"S2-978844901,S2-521213362,S3-749850265",0.41485634008036765,4,SEMANTIC_ONLY,0.002044500783085823,53.06122448979591,47.82608695652174,US,S3,4,FN_MATCHER_REJECTED
S1-54918117,candidate_present,S2-179871223,"S3-254035959,S3-138257740,S3-458126061,S2-626967195",0.6630987562919228,5,BOTH,0.0546179935336113,41.666666666666664,81.25,US,S2,5,FN_MATCHER_REJECTED
S1-962756518,candidate_present,S3-780417104,"S3-646446124,S2-369793877,S3-266443005,S3-407430198",0.6993128510548343,4,BOTH,0.6449329853057861,78.04878048780488,75.47169811320755,US,S3,5,FN_MATCHER_REJECTED
S1-852775221,candidate_missing,S2-630518358,"S2-289490782,S2-435123543",0.0,-1,NOT_IN_CANDS,0.0,9.677419354838712,38.18181818181819,India,S2,4,FN_CANDIDATE_MISS
S1-852775221,candidate_present,S3-322974564,"S2-289490782,S2-435123543",0.5223148117159528,3,BOTH,0.05532463639974594,92.3076923076923,26.315789473684216,India,S3,4,FN_MATCHER_REJECTED
S1-575158793,candidate_present,S3-900204886,S2-889279675,0.5578699703562303,2,BOTH,0.5892744660377502,37.5,91.22807017543859,US,S3,2,FN_MATCHER_REJECTED
S1-886467591,candidate_present,S3-697840479,"S2-495255333,S2-56559503,S3-677398233",0.735789608089291,4,BOTH,0.5474382638931274,91.66666666666666,0.0,US,S3,4,FN_MATCHER_REJECTED
S1-196616325,candidate_present,NONE,S2-219862842,0.7704693449831378,2,BOTH,0.9938075542449951,56.52173913043479,93.91304347826087,India,S2,2,FP_FALSE_POSITIVE_MERGE
S1-991226123,candidate_present,S3-952060287,"S3-112881426,S2-277874678,S2-105345061",0.0,-1,CHAMPION_ONLY,0.07951201498508453,59.45945945945945,37.096774193548384,India,S3,5,FN_MATCHER_REJECTED
S1-991226123,candidate_missing,S2-234928803,"S3-112881426,S2-277874678,S2-105345061",0.0,-1,NOT_IN_CANDS,0.0,15.000000000000002,41.13475177304965,India,S2,5,FN_CANDIDATE_MISS
S1-991226123,candidate_present,S2-771943159,"S3-112881426,S2-277874678,S2-105345061",0.8599045886793866,1,BOTH,0.19181185960769653,31.999999999999996,90.23255813953487,India,S2,5,FN_MATCHER_REJECTED
S1-991226123,candidate_present,NONE,S3-112881426,0.7407830007055558,4,SEMANTIC_ONLY,0.7240365147590637,60.46511627906976,82.35294117647058,India,S3,5,FP_FALSE_POSITIVE_MERGE
S1-594221098,candidate_present,S3-158250471,"S2-698097375,S3-97786191",0.5674670367676307,3,BOTH,0.2051154375076294,51.162790697674424,77.19298245614034,US,S3,3,FN_MATCHER_REJECTED
S1-276829138,candidate_present,NONE,S2-585801078,0.44689046846344743,7,BOTH,0.851159393787384,90.32258064516128,0.0,US,S2,3,FP_FALSE_POSITIVE_MERGE
S1-806815016,candidate_present,S3-366228834,"S2-858456580,S2-865865518,S3-948994860,S2-484012650",0.5917987823082098,5,BOTH,0.08937253057956696,51.42857142857142,73.01587301587303,US,S3,5,FN_MATCHER_REJECTED
S1-228837425,candidate_present,NONE,S3-847470959,0.6409892245366566,4,BOTH,0.8872434496879578,75.0,91.66666666666666,US,S3,3,FP_FALSE_POSITIVE_MERGE
S1-924979846,candidate_present,S2-264201301,"S2-388168390,S2-797854416",0.7036811475844185,4,BOTH,0.6240227818489075,85.71428571428572,0.0,US,S2,2,FN_MATCHER_REJECTED
S1-924979846,candidate_present,NONE,S2-797854416,0.7235782552384338,2,BOTH,0.6982578635215759,88.23529411764706,0.0,US,S2,2,FP_FALSE_POSITIVE_MERGE
S1-643886636,candidate_present,S3-438010154,"S2-489606015,S3-761247472",0.4791108461164172,6,BOTH,0.08479781448841095,42.10526315789473,72.22222222222221,US,S3,3,FN_MATCHER_REJECTED
S1-903118861,candidate_present,S3-742465907,"S3-465613400,S2-417313631",0.5803870381347964,3,BOTH,0.018661141395568848,21.052631578947366,77.58620689655173,US,S3,3,FN_MATCHER_REJECTED
S1-142832040,candidate_present,S3-593700131,"S3-845174745,S2-716794091,S2-154782356,S2-833795478",0.4600980858615246,5,SEMANTIC_ONLY,0.007053933572024107,38.70967741935484,72.94117647058825,US,S3,5,FN_MATCHER_REJECTED
S1-885742978,candidate_present,S3-975806917,"S2-420476298,S3-101405370,S3-949325070",0.4300244188682662,4,SEMANTIC_ONLY,0.347557008266449,91.66666666666666,0.0,India,S3,4,FN_MATCHER_REJECTED
S1-944445121,candidate_present,NONE,S3-394433187,0.8330953162861274,2,BOTH,0.9533867239952087,86.79245283018868,64.22018348623853,India,S3,5,FP_FALSE_POSITIVE_MERGE
S1-481281376,candidate_present,S2-475059977,"S2-53725717,S2-785119733,S2-395208292,S3-691181296,S3-969351732",0.3519713610291183,11,CHAMPION_ONLY,0.08348339051008224,68.96551724137932,0.0,US,S2,6,FN_MATCHER_REJECTED
S1-210849781,candidate_present,S3-240268161,"S3-895784814,S2-820221567,S2-845708664,S3-210870050,S2-562117280,S3-649907207",0.0,-1,CHAMPION_ONLY,0.042134467512369156,80.85106382978724,0.0,US,S3,7,FN_MATCHER_REJECTED
S1-997248343,candidate_present,S3-368367114,"S3-984462654,S2-817148911",0.6115509301200686,3,BOTH,0.6503148674964905,77.96610169491525,59.375,US,S3,3,FN_MATCHER_REJECTED
S1-110799801,candidate_present,NONE,S2-127458820,0.8804893763613899,5,BOTH,0.9532344341278076,74.28571428571429,96.2962962962963,US,S2,6,FP_FALSE_POSITIVE_MERGE
S1-937665695,candidate_present,S2-969898980,"S3-462660679,S3-935183445,S2-214755547,S3-151130234,S2-325177361",0.521164854736699,12,CHAMPION_ONLY,0.23516078293323517,66.66666666666667,0.0,US,S2,6,FN_MATCHER_REJECTED
S1-552925165,candidate_present,S3-536425351,"S2-763387255,S2-428439868,S3-171181187",0.4625716547210538,4,BOTH,0.289961576461792,44.99999999999999,46.03174603174603,India,S3,4,FN_MATCHER_REJECTED
S1-986953974,candidate_missing,S2-838378248,"S3-840371375,S2-680677312",0.36952319227515124,14,NOT_IN_CANDS,0.0,12.765957446808507,48.484848484848484,India,S2,4,FN_CANDIDATE_MISS
S1-986953974,candidate_missing,S3-12048174,"S3-840371375,S2-680677312",0.0,-1,NOT_IN_CANDS,0.0,12.765957446808507,46.26865671641791,India,S3,4,FN_CANDIDATE_MISS
S1-862882702,candidate_present,S3-103791636,"S3-775812412,S2-527775130",0.5005245866285344,4,BOTH,0.11071345210075378,77.77777777777779,0.0,India,S3,3,FN_MATCHER_REJECTED
S1-3884076,candidate_present,S2-542789124,"S2-802775845,S2-388799217,S2-907342282,S3-508081329",0.4768283472389177,7,BOTH,0.1849099099636078,18.75,78.43137254901961,US,S2,5,FN_MATCHER_REJECTED
S1-449512950,candidate_present,NONE,S2-84421741,0.9024978225206423,1,BOTH,0.9397836923599243,90.9090909090909,92.6829268292683,US,S2,6,FP_FALSE_POSITIVE_MERGE
S1-253390548,candidate_present,S3-282119271,"S2-545238670,S2-474130449",0.3405920901673698,12,CHAMPION_ONLY,0.3791623115539551,70.27027027027026,0.0,India,S3,3,FN_MATCHER_REJECTED
S1-660188596,candidate_present,S2-318995185,"S3-244521491,S3-301183152,S3-880156806,S2-444477063",0.6309678728026062,5,BOTH,0.3774930238723755,72.72727272727273,77.41935483870968,US,S2,5,FN_MATCHER_REJECTED
S1-405141919,candidate_missing,S3-711334462,"S2-754856819,S2-469207582,S2-892052286,S2-155071678,S2-316585256",0.0,-1,NOT_IN_CANDS,0.0,50.0,0.0,US,S3,6,FN_CANDIDATE_MISS
S1-591117448,candidate_present,S3-424918050,"S3-494923863,S2-748343967,S3-989334473,S3-639941129,S2-319537803",0.5771642879552201,6,BOTH,0.4797702133655548,30.000000000000004,91.22807017543859,US,S3,6,FN_MATCHER_REJECTED
S1-991594397,candidate_present,NONE,S2-476199841,0.6123616976570603,7,BOTH,0.7493256330490112,88.23529411764706,0.0,US,S2,6,FP_FALSE_POSITIVE_MERGE
S1-438022215,candidate_present,S3-731632399,"S3-942333032,S3-545473447,S2-527915576",0.5482352051049377,5,BOTH,0.3315882682800293,80.0,38.53211009174312,India,S3,4,FN_MATCHER_REJECTED
S1-657625699,candidate_present,S3-537345031,"S2-257177811,S3-149947395",0.7775899551563717,3,SEMANTIC_ONLY,0.45282042026519775,66.66666666666667,83.47826086956522,India,S3,3,FN_MATCHER_REJECTED
S1-303755060,candidate_missing,S2-839533786,"S3-592595813,S2-387384986,S3-263539658,S3-45167101,S3-683755169,S3-390866058",0.0,-1,NOT_IN_CANDS,0.0,66.66666666666667,0.0,India,S2,7,FN_CANDIDATE_MISS
S1-989924267,candidate_present,S2-973482655,"S2-941206792,S3-262595741",0.49535475782122596,5,BOTH,0.02150772698223591,77.19298245614034,0.0,US,S2,3,FN_MATCHER_REJECTED
S1-900348060,candidate_present,NONE,S3-974464312,0.6184005489556268,4,BOTH,0.8557933568954468,80.0,61.81818181818181,US,S3,2,FP_FALSE_POSITIVE_MERGE
S1-877425879,candidate_present,NONE,S2-909228631,0.677878985765063,3,BOTH,0.8535950183868408,100.0,0.0,US,S2,2,FP_FALSE_POSITIVE_MERGE
S1-299157870,candidate_present,S3-877623355,"S2-301202228,S2-129726428",0.702891598702174,3,BOTH,0.5013618469238281,88.23529411764706,0.0,US,S3,3,FN_MATCHER_REJECTED
S1-586648451,candidate_missing,S3-833874215,S2-736227598,0.41476210057296314,19,NOT_IN_CANDS,0.0,13.793103448275868,59.50413223140496,India,S3,2,FN_CANDIDATE_MISS
S1-606109978,candidate_present,S3-558509835,"S3-960645266,S2-850087112,S2-814891313,S3-175823786",0.5276735423857889,6,SEMANTIC_ONLY,0.05489850416779518,82.35294117647058,0.0,India,S3,5,FN_MATCHER_REJECTED
S1-937356823,candidate_present,S3-41801400,"S2-333278601,S2-59753567",0.6844806127531564,1,SEMANTIC_ONLY,0.02044428326189518,80.85106382978724,38.834951456310684,India,S3,3,FN_MATCHER_REJECTED
S1-19402182,candidate_present,S3-932558598,"S3-209538657,S3-137262896,S2-654781658",0.6794062249883799,4,BOTH,0.5574741363525391,91.66666666666666,0.0,US,S3,4,FN_MATCHER_REJECTED
S1-550605615,candidate_present,S3-199795606,"S3-997897080,S2-256901057",0.45103323367762493,3,BOTH,0.27181077003479004,56.41025641025641,0.0,US,S3,3,FN_MATCHER_REJECTED
S1-813704961,candidate_present,S3-147071369,"S3-937622638,S2-623318081,S3-783237326,S3-569946471",0.45672288223433616,6,BOTH,0.2613097131252289,34.78260869565217,66.66666666666667,US,S3,5,FN_MATCHER_REJECTED
S1-171004818,candidate_missing,S3-501819545,"S2-638246233,S3-781921669",0.0,-1,NOT_IN_CANDS,0.0,77.77777777777779,0.0,US,S3,3,FN_CANDIDATE_MISS
S1-632256194,candidate_missing,S3-528266727,"S3-466033546,S2-36918650,S2-914055714",0.4459733615838494,14,NOT_IN_CANDS,0.0,77.55102040816327,0.0,US,S3,4,FN_CANDIDATE_MISS
S1-118170039,candidate_missing,S2-707314550,"S3-256563506,S2-892114297,S3-495353752,S3-646688361,S2-143890308",0.0,-1,NOT_IN_CANDS,0.0,66.66666666666667,0.0,India,S2,6,FN_CANDIDATE_MISS
S1-480591442,candidate_missing,S3-810940843,"S3-829119803,S3-346071531,S2-432313044,S3-758280839,S3-42372857",0.0,-1,NOT_IN_CANDS,0.0,18.181818181818176,89.79591836734694,US,S3,6,FN_CANDIDATE_MISS
S1-289148559,candidate_present,S2-645073511,"S3-866289633,S3-974358206,S2-625374950",0.7003424005232481,4,BOTH,0.6199467182159424,75.0,72.72727272727273,US,S2,5,FN_MATCHER_REJECTED
S1-289148559,candidate_missing,S2-587353255,"S3-866289633,S3-974358206,S2-625374950",0.31013479406572997,16,NOT_IN_CANDS,0.0,19.999999999999996,58.82352941176471,US,S2,5,FN_CANDIDATE_MISS
S1-414888397,candidate_missing,S2-705169915,,0.0,-1,NOT_IN_CANDS,0.0,12.244897959183676,58.58585858585859,India,S2,1,FN_CANDIDATE_MISS
S1-474687990,candidate_present,S3-673404083,"S2-578461425,S3-69317766",0.4821961400761444,3,BOTH,0.07556569576263428,87.5,0.0,US,S3,3,FN_MATCHER_REJECTED
S1-316755315,candidate_present,S2-467580943,S3-582211728,0.0,-1,CHAMPION_ONLY,0.14407871663570404,12.765957446808507,69.42148760330579,India,S2,3,FN_MATCHER_REJECTED
S1-316755315,candidate_present,S2-930854295,S3-582211728,0.6680911693014439,1,BOTH,0.03010663576424122,25.806451612903224,79.66101694915254,India,S2,3,FN_MATCHER_REJECTED
S1-686465524,candidate_present,S2-611559625,"S3-190427174,S3-295269979,S2-397148750,S3-745131039",0.5903802161516599,5,BOTH,0.460920125246048,83.33333333333334,0.0,US,S2,5,FN_MATCHER_REJECTED
S1-23121390,candidate_present,NONE,S3-809469931,0.6205493525274983,6,BOTH,0.7746179699897766,89.65517241379311,0.0,US,S3,5,FP_FALSE_POSITIVE_MERGE
S1-371874635,candidate_present,NONE,S3-246715055,0.0,-1,CHAMPION_ONLY,0.7728480696678162,69.76744186046511,61.904761904761905,India,S3,3,FP_FALSE_POSITIVE_MERGE
S1-296806571,candidate_present,S3-906475287,"S3-237799760,S2-421551407,S2-665828584",0.0,-1,CHAMPION_ONLY,0.004474032204598188,68.08510638297872,0.0,India,S3,4,FN_MATCHER_REJECTED
S1-327425253,candidate_present,S3-535780115,"S2-419383065,S3-223481552,S2-668893486",0.46801421714300884,4,SEMANTIC_ONLY,0.0018734750337898731,10.526315789473683,71.875,US,S3,4,FN_MATCHER_REJECTED
S1-388041707,candidate_present,S3-335870065,"S3-858977968,S3-381452167,S2-420068334,S3-336889640,S3-967466322,S2-925973259,S2-897500272",0.0,-1,CHAMPION_ONLY,0.01342958863824606,57.89473684210527,0.0,US,S3,8,FN_MATCHER_REJECTED
S1-166872806,candidate_present,S3-235590378,"S2-464251966,S2-846670553,S2-440440387",0.5295609143399055,4,BOTH,0.4240427613258362,89.47368421052632,0.0,India,S3,4,FN_MATCHER_REJECTED
S1-4974978,candidate_present,NONE,S3-901072537,0.6631363687315417,3,BOTH,0.8314284682273865,100.0,0.0,US,S3,3,FP_FALSE_POSITIVE_MERGE
S1-4974978,candidate_present,NONE,S2-27087381,0.6374584204539533,4,BOTH,0.7155846357345581,83.33333333333334,0.0,US,S2,3,FP_FALSE_POSITIVE_MERGE
S1-399887735,candidate_present,S2-923220785,"S2-109086635,S2-828069829,S3-941357643,S3-948271193",0.5924758513573459,4,BOTH,0.26773229241371155,13.043478260869568,61.40350877192983,India,S2,5,FN_MATCHER_REJECTED
S1-561159498,candidate_present,S2-227425363,"S3-126343886,S2-867570877",0.5695176061675117,3,BOTH,0.2460145652294159,33.333333333333336,90.9090909090909,US,S2,3,FN_MATCHER_REJECTED
S1-329998550,candidate_present,NONE,S2-685264609,0.6984631992242452,5,BOTH,0.9627380967140198,70.0,77.77777777777779,India,S2,5,FP_FALSE_POSITIVE_MERGE
S1-79877232,candidate_present,S3-889256189,S2-487564314,0.4290967381005128,2,BOTH,0.17265237867832184,70.37037037037037,0.0,US,S3,2,FN_MATCHER_REJECTED
S1-705083256,candidate_present,S3-189320525,S3-441844060,0.40156558825129324,3,BOTH,0.0777205303311348,62.857142857142854,50.943396226415096,India,S3,2,FN_MATCHER_REJECTED
S1-971293452,candidate_present,S3-968522510,"S2-150396530,S2-120183362,S3-99497076,S2-230029641,S3-514953309",0.44679393415380925,6,BOTH,0.121218740940094,77.77777777777779,0.0,US,S3,6,FN_MATCHER_REJECTED
S1-734993216,candidate_present,S3-475290153,S2-227773482,0.26828311245196773,22,CHAMPION_ONLY,0.01850753091275692,65.0,0.0,India,S3,2,FN_MATCHER_REJECTED
S1-758949647,candidate_present,S2-411058561,"S2-753472575,S2-319135557,S3-186646694,S3-19464306",0.8015109412937657,4,BOTH,0.5453744530677795,82.6086956521739,88.52459016393442,US,S2,5,FN_MATCHER_REJECTED
S1-300598855,candidate_present,S2-65111536,,0.6664403593151745,1,SEMANTIC_ONLY,0.012015881948173046,11.594202898550721,86.45161290322581,India,S2,3,FN_MATCHER_REJECTED
S1-300598855,candidate_present,S3-471125389,,0.5874903562151779,2,BOTH,0.24992914497852325,86.15384615384616,41.9047619047619,India,S3,3,FN_MATCHER_REJECTED
S1-300598855,candidate_present,S3-94498484,,0.0,-1,CHAMPION_ONLY,0.06084024906158447,72.41379310344827,0.0,India,S3,3,FN_MATCHER_REJECTED
S1-990354457,candidate_present,S2-355057676,"S2-978556719,S3-636105112",0.4543362683991105,7,SEMANTIC_ONLY,0.5067758560180664,93.5483870967742,0.0,US,S2,3,FN_MATCHER_REJECTED
S1-332182002,candidate_present,NONE,S2-289160183,0.5668598212118361,20,CHAMPION_ONLY,0.7849329113960266,12.5,77.41935483870968,India,S2,2,FP_FALSE_POSITIVE_MERGE
S1-326577657,candidate_present,S2-193041163,"S3-769947589,S2-746019177,S3-793740032,S2-765028847,S2-88471049",0.5129816748058063,6,BOTH,0.43079426884651184,26.66666666666667,87.09677419354838,US,S2,6,FN_MATCHER_REJECTED
S1-660076156,candidate_missing,S2-586585325,"S3-851382760,S3-914714358,S2-361562650",0.0,-1,NOT_IN_CANDS,0.0,14.28571428571429,52.74725274725275,India,S2,5,FN_CANDIDATE_MISS
S1-660076156,candidate_missing,S2-963169406,"S3-851382760,S3-914714358,S2-361562650",0.0,-1,NOT_IN_CANDS,0.0,14.28571428571429,52.74725274725275,India,S2,5,FN_CANDIDATE_MISS
S1-779071666,candidate_present,S3-254099983,"S2-894447711,S3-99240562",0.533962604729852,6,SEMANTIC_ONLY,0.26741963624954224,25.0,80.51948051948052,US,S3,3,FN_MATCHER_REJECTED
S1-11302207,candidate_present,S3-494568989,"S2-317371776,S3-757395085,S3-547274579,S2-462497845,S2-885753406",0.8205210200097438,5,BOTH,0.3220217227935791,40.0,95.0,India,S3,6,FN_MATCHER_REJECTED
S1-958358002,candidate_present,S2-191236765,"S3-969092823,S3-129906398,S2-404279811,S3-406420449,S2-413978746",0.5964602257991167,6,BOTH,0.6491250395774841,11.32075471698113,76.92307692307692,India,S2,7,FN_MATCHER_REJECTED
S1-958358002,candidate_present,S2-352616267,"S3-969092823,S3-129906398,S2-404279811,S3-406420449,S2-413978746",0.5485673652385241,7,SEMANTIC_ONLY,0.1824350357055664,11.32075471698113,63.33333333333333,India,S2,7,FN_MATCHER_REJECTED
S1-946866802,candidate_present,NONE,S2-291156575,0.4597949551091894,5,BOTH,0.8824930191040039,51.42857142857142,87.17948717948718,US,S2,2,FP_FALSE_POSITIVE_MERGE
S1-366921483,candidate_present,S2-837651273,"S2-177731812,S2-695405112,S3-454215634,S2-28792662,S3-673386629,S3-944723161",0.6895563195804277,6,BOTH,0.2643273174762726,83.07692307692307,0.0,US,S2,7,FN_MATCHER_REJECTED
S1-680439252,candidate_present,NONE,S2-901539973,0.0,-1,CHAMPION_ONLY,0.735967755317688,43.24324324324324,0.0,US,S2,3,FP_FALSE_POSITIVE_MERGE
S1-96886690,candidate_missing,S2-386674236,,0.28219322868482705,13,NOT_IN_CANDS,0.0,13.11475409836066,37.16814159292036,India,S2,1,FN_CANDIDATE_MISS
S1-600604729,candidate_present,S2-142974942,"S2-666899392,S2-659111294,S3-571032681",0.6730648745978659,4,BOTH,0.4265047609806061,53.333333333333336,66.03773584905662,India,S2,5,FN_MATCHER_REJECTED
S1-600604729,candidate_present,S2-456742792,"S2-666899392,S2-659111294,S3-571032681",0.6763750695927566,3,BOTH,0.130777046084404,50.0,66.03773584905662,India,S2,5,FN_MATCHER_REJECTED
S1-661098344,candidate_missing,S3-618252646,"S2-515979427,S3-182260348,S2-407711962",0.0,-1,NOT_IN_CANDS,0.0,11.764705882352944,39.252336448598136,India,S3,3,FN_CANDIDATE_MISS
S1-661098344,candidate_present,NONE,S2-407711962,0.0,-1,CHAMPION_ONLY,0.914722740650177,88.88888888888889,0.0,India,S2,3,FP_FALSE_POSITIVE_MERGE
S1-852030997,candidate_present,S2-359549629,"S2-907480604,S2-227019177,S2-841621186,S3-830838530,S3-499497315",0.6089368159556299,6,BOTH,0.3274199068546295,82.05128205128204,0.0,US,S2,6,FN_MATCHER_REJECTED
S1-987375275,candidate_missing,S2-328532430,"S2-401313862,S2-494775875,S3-275798620,S3-459105416,S3-107882656",0.0,-1,NOT_IN_CANDS,0.0,11.764705882352944,54.054054054054056,India,S2,6,FN_CANDIDATE_MISS
S1-131190690,candidate_present,S3-988033921,S3-80911626,0.5449815849826354,2,BOTH,0.6119239926338196,24.242424242424242,86.53846153846155,US,S3,2,FN_MATCHER_REJECTED
S1-11448513,candidate_present,S3-680882349,"S2-827354151,S2-273809839,S2-492161984",0.5831228953384662,4,BOTH,0.466229647397995,80.76923076923077,0.0,US,S3,4,FN_MATCHER_REJECTED
S1-364429122,candidate_present,NONE,S2-464914555,0.4464669989638436,4,SEMANTIC_ONLY,0.9268453121185303,9.756097560975608,69.6629213483146,India,S2,2,FP_FALSE_POSITIVE_MERGE
S1-428981437,candidate_present,S3-168564211,"S2-884366351,S3-148406273,S2-268697328,S2-853967561",0.5640110929356871,5,BOTH,0.6509956121444702,85.71428571428572,0.0,US,S3,5,FN_MATCHER_REJECTED
S1-716451136,candidate_present,S3-915954872,"S2-487852953,S3-596772585,S3-642244334,S2-62477417,S3-167001092,S2-31343065,S2-749779212",0.6131352758023545,8,BOTH,0.40214744210243225,75.0,0.0,US,S3,9,FN_MATCHER_REJECTED
S1-716451136,candidate_present,S3-601709706,"S2-487852953,S3-596772585,S3-642244334,S2-62477417,S3-167001092,S2-31343065,S2-749779212",0.4442041629328066,11,CHAMPION_ONLY,0.11794577538967133,84.61538461538461,0.0,US,S3,9,FN_MATCHER_REJECTED
S1-264679680,candidate_present,NONE,S2-192695882,0.9342304368142829,2,BOTH,0.8672924637794495,82.92682926829268,90.19607843137256,India,S2,2,FP_FALSE_POSITIVE_MERGE
S1-638016430,candidate_present,S3-555575622,"S2-942607725,S3-229554313,S3-288696915,S2-907130522,S3-626807772,S3-692188678",0.4225616446438882,8,SEMANTIC_ONLY,0.13259099423885345,55.81395348837209,0.0,US,S3,7,FN_MATCHER_REJECTED
S1-575674667,candidate_missing,S2-627011482,"S3-445544579,S2-996681108,S3-726748119,S3-458357878,S3-546086368",0.0,-1,NOT_IN_CANDS,0.0,22.857142857142854,41.584158415841586,India,S2,6,FN_CANDIDATE_MISS
S1-672951415,candidate_missing,S3-753197196,"S3-130668390,S3-349392161,S3-70625626",0.0,-1,NOT_IN_CANDS,0.0,80.0,0.0,India,S3,4,FN_CANDIDATE_MISS
S1-648376479,candidate_missing,S3-87215067,S2-229623554,0.0,-1,NOT_IN_CANDS,0.0,50.0,0.0,US,S3,2,FN_CANDIDATE_MISS
S1-790965203,candidate_present,NONE,S2-713198548,0.6749306812727887,3,BOTH,0.8232518434524536,92.6829268292683,0.0,US,S2,2,FP_FALSE_POSITIVE_MERGE
S1-681160793,candidate_present,S3-987734207,"S3-558764097,S3-515561648,S2-395532965",0.5199251265401728,5,BOTH,0.0005814674077555537,72.1311475409836,34.78260869565217,India,S3,5,FN_MATCHER_REJECTED
S1-681160793,candidate_present,S2-891856879,"S3-558764097,S3-515561648,S2-395532965",0.5348898063437056,4,SEMANTIC_ONLY,0.0013255025260150433,27.027027027027028,72.72727272727273,India,S2,5,FN_MATCHER_REJECTED
S1-997650748,candidate_present,NONE,S3-112695036,0.0,-1,CHAMPION_ONLY,0.8767725825309753,66.66666666666667,0.0,US,S3,5,FP_FALSE_POSITIVE_MERGE
S1-633829247,candidate_present,S2-265281205,S3-68802328,0.0,-1,CHAMPION_ONLY,0.6035818457603455,73.91304347826086,51.546391752577314,India,S2,2,FN_MATCHER_REJECTED
S1-868945111,candidate_missing,S3-765863355,"S3-803740106,S2-576523285,S2-429309696,S3-936148707",0.0,-1,NOT_IN_CANDS,0.0,77.55102040816327,0.0,India,S3,5,FN_CANDIDATE_MISS
S1-915642112,candidate_present,S2-402715888,"S3-403169986,S2-91009340",0.0,-1,CHAMPION_ONLY,0.41685599088668823,89.79591836734694,0.0,India,S2,3,FN_MATCHER_REJECTED
S1-443022811,candidate_present,NONE,S3-522574135,0.6796616121368437,5,BOTH,0.9666742086410522,18.75,91.93548387096774,India,S3,4,FP_FALSE_POSITIVE_MERGE
S1-742696221,candidate_present,S3-232874027,"S3-609776940,S2-21704936,S2-457495721,S2-126247024,S3-417138619,S2-875998753",0.5554778213248884,9,BOTH,0.63078773021698,23.529411764705888,85.36585365853658,US,S3,7,FN_MATCHER_REJECTED
S1-696908232,candidate_present,S3-811836089,S2-254201282,0.37430719055362943,20,CHAMPION_ONLY,0.6211670637130737,90.9090909090909,0.0,India,S3,2,FN_MATCHER_REJECTED
S1-625874531,candidate_missing,S2-769217657,"S2-279286807,S3-182890574,S2-781836094,S3-62560436",0.0,-1,NOT_IN_CANDS,0.0,9.756097560975608,65.85365853658536,India,S2,5,FN_CANDIDATE_MISS
S1-13355188,candidate_present,NONE,S3-302636705,0.6467256257262365,3,BOTH,0.9914639592170715,20.68965517241379,100.0,US,S3,4,FP_FALSE_POSITIVE_MERGE
S1-267071757,candidate_missing,S2-72196607,"S2-367237866,S2-167880419",0.33749047277695016,17,NOT_IN_CANDS,0.0,11.32075471698113,62.7906976744186,India,S2,4,FN_CANDIDATE_MISS
S1-267071757,candidate_present,S3-304299787,"S2-367237866,S2-167880419",0.4108004108699427,7,SEMANTIC_ONLY,0.5190213322639465,69.56521739130434,46.753246753246756,India,S3,4,FN_MATCHER_REJECTED
S1-493243219,candidate_present,S3-824823298,"S3-735348122,S3-137892345",0.0,-1,CHAMPION_ONLY,0.20533673465251923,80.85106382978724,0.0,India,S3,3,FN_MATCHER_REJECTED
S1-59474645,candidate_present,S3-180857360,S3-617276276,0.0,-1,CHAMPION_ONLY,0.004306670278310776,46.666666666666664,61.111111111111114,US,S3,2,FN_MATCHER_REJECTED
S1-174171861,candidate_missing,S3-494163345,S3-227575059,0.0,-1,NOT_IN_CANDS,0.0,81.4814814814815,0.0,US,S3,2,FN_CANDIDATE_MISS
S1-102500336,candidate_present,S2-836664456,"S2-597516267,S2-16417764,S2-37718357,S2-539821042,S3-86548047,S3-239861443",0.44567851176327655,7,BOTH,0.011096774600446224,26.66666666666667,60.215053763440864,India,S2,7,FN_MATCHER_REJECTED
S1-919094063,candidate_present,S3-774430010,,0.43198873977347757,5,SEMANTIC_ONLY,0.6384183764457703,15.789473684210531,56.00000000000001,India,S3,2,FN_MATCHER_REJECTED
S1-919094063,candidate_present,S2-396879800,,0.7921260941280373,1,SEMANTIC_ONLY,0.15829060971736908,15.789473684210531,74.22680412371135,India,S2,2,FN_MATCHER_REJECTED
S1-129783257,candidate_present,S3-683078820,S3-31969399,0.5141231281571602,4,SEMANTIC_ONLY,0.05531807616353035,34.285714285714285,83.72093023255813,US,S3,2,FN_MATCHER_REJECTED
S1-575272596,candidate_present,S2-871842149,"S2-644236550,S3-812895334,S2-273284707,S2-142047567,S2-23844841,S3-870664415",0.5881138631797863,7,BOTH,0.6250972151756287,87.17948717948718,0.0,US,S2,7,FN_MATCHER_REJECTED
S1-729777698,candidate_present,NONE,S2-128817422,0.5383269047756484,4,BOTH,0.7819786071777344,39.34426229508197,100.0,US,S2,2,FP_FALSE_POSITIVE_MERGE
S1-595584379,candidate_present,S2-90794520,"S3-73875129,S3-623406014",0.5267246007911027,8,SEMANTIC_ONLY,0.04353032633662224,86.56716417910448,0.0,US,S2,3,FN_MATCHER_REJECTED
S1-185491325,candidate_missing,S2-563314886,"S2-65755767,S3-946165958,S2-775062568,S3-661297563,S2-277316319",0.4390103920376745,19,NOT_IN_CANDS,0.0,12.0,57.391304347826086,India,S2,6,FN_CANDIDATE_MISS
S1-985760905,candidate_present,S2-319316823,"S2-115062951,S3-200963631,S3-439554105,S3-405354702,S2-186919003,S2-693241474",0.5785747401070828,7,BOTH,0.05708369240164757,84.0,0.0,US,S2,7,FN_MATCHER_REJECTED
S1-855854352,candidate_missing,S2-144852028,"S3-681336942,S3-677980514",0.5431903807177718,27,NOT_IN_CANDS,0.0,14.28571428571429,72.07207207207207,India,S2,3,FN_CANDIDATE_MISS
S1-630488273,candidate_present,NONE,S2-131447440,0.6514501234537463,3,BOTH,0.9032994508743286,93.33333333333333,0.0,US,S2,4,FP_FALSE_POSITIVE_MERGE
S1-931070977,candidate_present,S2-185075524,"S2-276568653,S2-610846413,S3-44931684,S3-996138535,S3-119547665",0.5615218215928639,10,SEMANTIC_ONLY,0.0009966841898858547,68.42105263157895,0.0,US,S2,7,FN_MATCHER_REJECTED
S1-931070977,candidate_present,S2-782436948,"S2-276568653,S2-610846413,S3-44931684,S3-996138535,S3-119547665",0.6580282218398833,6,BOTH,0.3473200500011444,80.0,0.0,US,S2,7,FN_MATCHER_REJECTED
S1-494744463,candidate_present,S2-139298231,"S3-266332355,S3-160794523",0.5986538240790625,3,BOTH,0.19463327527046204,83.72093023255813,0.0,US,S2,3,FN_MATCHER_REJECTED
S1-827122880,candidate_present,S3-233305147,"S3-377823013,S2-660515300,S2-96288944",0.0,-1,CHAMPION_ONLY,3.600891795940697e-05,50.98039215686274,0.0,US,S3,4,FN_MATCHER_REJECTED
S1-521027263,candidate_present,NONE,S2-358339660,0.5896130095059782,5,SEMANTIC_ONLY,0.8743425011634827,23.809523809523814,79.43262411347519,India,S2,4,FP_FALSE_POSITIVE_MERGE
S1-978845068,candidate_present,NONE,S3-670890796,0.5658161787058289,1,BOTH,0.6970848441123962,18.75,80.50314465408806,India,S3,0,FP_FALSE_POSITIVE_MERGE
S1-107975488,candidate_present,S3-976838152,"S3-402873903,S2-364021667,S2-35385665",0.33397457840684563,10,BOTH,0.04656871780753136,83.07692307692307,0.0,India,S3,4,FN_MATCHER_REJECTED
S1-576321397,candidate_present,NONE,S2-635098102,0.6608154516975321,4,BOTH,0.8747485876083374,100.0,0.0,US,S2,3,FP_FALSE_POSITIVE_MERGE
S1-805566443,candidate_present,NONE,S2-900524281,0.7272671163992444,5,BOTH,0.9583393335342407,70.58823529411764,97.95918367346938,US,S2,4,FP_FALSE_POSITIVE_MERGE
S1-273093097,candidate_present,S2-382715444,"S3-465706051,S3-125201939,S3-510122982,S2-278023340,S3-450130062,S3-479239684",0.5925395516194351,7,BOTH,0.4624316394329071,6.451612903225811,90.9090909090909,US,S2,7,FN_MATCHER_REJECTED
S1-69873923,candidate_present,NONE,S3-674494021,0.5861717978705867,1,BOTH,0.9305899143218994,100.0,0.0,India,S3,0,FP_FALSE_POSITIVE_MERGE
S1-390838754,candidate_present,S2-287660910,,0.670151710984717,1,BOTH,0.15074586868286133,84.44444444444444,0.0,US,S2,2,FN_MATCHER_REJECTED
S1-390838754,candidate_present,S3-43104736,,0.4771833456746708,9,SEMANTIC_ONLY,0.05694151669740677,33.84615384615385,54.28571428571429,US,S3,2,FN_MATCHER_REJECTED
S1-695942298,candidate_present,S2-671903958,S3-541247257,0.46583016791324916,2,BOTH,0.6608690619468689,83.33333333333334,0.0,US,S2,3,FN_MATCHER_REJECTED
S1-695942298,candidate_present,S2-846121989,S3-541247257,0.46583016791324916,3,BOTH,0.6608690619468689,83.33333333333334,0.0,US,S2,3,FN_MATCHER_REJECTED
S1-832050262,candidate_present,S3-673592452,S2-856926544,0.7653657059102633,1,SEMANTIC_ONLY,0.5562052130699158,9.523809523809524,87.07482993197279,India,S3,2,FN_MATCHER_REJECTED
S1-175961840,candidate_present,NONE,S3-677843900,0.5627706834000007,7,BOTH,0.7252429127693176,88.88888888888889,0.0,US,S3,6,FP_FALSE_POSITIVE_MERGE
S1-831090227,candidate_present,S2-297054511,S3-830970141,0.8278917515649103,2,BOTH,0.5928680300712585,10.526315789473683,83.83838383838383,India,S2,4,FN_MATCHER_REJECTED
S1-831090227,candidate_missing,S3-261533299,S3-830970141,0.0,-1,NOT_IN_CANDS,0.0,61.29032258064516,0.0,India,S3,4,FN_CANDIDATE_MISS
S1-831090227,candidate_missing,S3-9648333,S3-830970141,0.35008116641983456,26,NOT_IN_CANDS,0.0,82.6086956521739,0.0,India,S3,4,FN_CANDIDATE_MISS
S1-836117858,candidate_present,S3-424713380,S2-622161281,0.37812318469350475,8,BOTH,0.40746796131134033,65.11627906976744,0.0,US,S3,2,FN_MATCHER_REJECTED
S1-473112445,candidate_present,S3-84017453,"S2-539749938,S3-756068109",0.42082745840229724,6,BOTH,0.013478033244609833,22.22222222222222,76.19047619047619,US,S3,3,FN_MATCHER_REJECTED
S1-275239484,candidate_present,S2-810206705,"S3-578716006,S3-339316236,S2-570931402,S2-961403572",0.3663578094685875,15,CHAMPION_ONLY,0.44990310072898865,91.52542372881356,0.0,India,S2,5,FN_MATCHER_REJECTED
S1-180206717,candidate_present,S2-984091186,"S3-809337662,S2-73706324",0.5695982932041563,4,BOTH,0.3728046417236328,77.27272727272727,0.0,US,S2,4,FN_MATCHER_REJECTED
S1-180206717,candidate_present,S3-479389074,"S3-809337662,S2-73706324",0.5695982932041563,5,BOTH,0.37848961353302,77.27272727272727,0.0,US,S3,4,FN_MATCHER_REJECTED
S1-431556347,candidate_present,S2-647344027,"S3-632515875,S2-491567454,S3-340324162",0.5777584004748407,4,BOTH,0.4442150294780731,77.41935483870968,0.0,US,S2,4,FN_MATCHER_REJECTED
S1-353886587,candidate_present,S3-699593858,,0.7553854174815346,1,BOTH,0.3113252520561218,70.96774193548387,40.54054054054054,India,S3,1,FN_MATCHER_REJECTED
S1-682523825,candidate_present,NONE,S2-486499654,0.5974983919430652,18,CHAMPION_ONLY,0.8939599394798279,15.000000000000002,76.08695652173914,India,S2,4,FP_FALSE_POSITIVE_MERGE
S1-682523825,candidate_present,NONE,S2-217618421,0.6007806397799735,16,CHAMPION_ONLY,0.8952325582504272,11.32075471698113,80.8080808080808,India,S2,4,FP_FALSE_POSITIVE_MERGE
S1-23856434,candidate_present,S2-779619606,,0.9236125187949948,1,BOTH,0.5014137029647827,72.34042553191489,98.85057471264368,India,S2,1,FN_MATCHER_REJECTED
S1-70372721,candidate_missing,S2-88000814,S3-354783202,0.0,-1,NOT_IN_CANDS,0.0,13.33333333333333,48.14814814814815,India,S2,3,FN_CANDIDATE_MISS
S1-70372721,candidate_missing,S2-826586318,S3-354783202,0.0,-1,NOT_IN_CANDS,0.0,13.33333333333333,34.285714285714285,India,S2,3,FN_CANDIDATE_MISS
S1-64423771,candidate_present,S3-346285454,"S3-906325759,S3-417573672,S2-311522067,S3-508261785",0.7136231988953914,4,BOTH,0.6297404766082764,70.58823529411764,51.92307692307692,India,S3,5,FN_MATCHER_REJECTED
S1-237177847,candidate_present,NONE,S2-750860751,0.6323994438078127,4,BOTH,0.8383710384368896,92.5925925925926,0.0,US,S2,3,FP_FALSE_POSITIVE_MERGE
S1-18789095,candidate_present,S2-180986210,"S3-395103707,S2-920664858,S3-439411737",0.43087483645537905,18,CHAMPION_ONLY,0.004610995762050152,14.54545454545455,63.29113924050633,India,S2,5,FN_MATCHER_REJECTED
S1-18789095,candidate_present,S3-719562587,"S3-395103707,S2-920664858,S3-439411737",0.47867079912470406,8,BOTH,0.024965040385723114,14.54545454545455,66.66666666666667,India,S3,5,FN_MATCHER_REJECTED
S1-801894442,candidate_present,S3-573715420,"S3-362205013,S2-431077642,S3-905129283,S3-41558583",0.5366939639019626,6,SEMANTIC_ONLY,0.1094844713807106,13.33333333333333,89.65517241379311,US,S3,5,FN_MATCHER_REJECTED
S1-440366196,candidate_missing,S2-107024797,S3-243030748,0.0,-1,NOT_IN_CANDS,0.0,8.333333333333337,43.75,India,S2,2,FN_CANDIDATE_MISS
S1-966822462,candidate_present,NONE,S2-217618421,0.5523970489753808,22,CHAMPION_ONLY,0.8649904131889343,10.71428571428571,77.55102040816327,India,S2,4,FP_FALSE_POSITIVE_MERGE
S1-757132829,candidate_present,S2-232759658,,0.5889238757295563,1,BOTH,0.19205543398857117,82.66666666666667,0.0,US,S2,1,FN_MATCHER_REJECTED
S1-885325753,candidate_present,S3-779474405,"S3-966459797,S2-862529360,S2-820279250,S3-367808282",0.6697778835086888,3,BOTH,0.6331875920295715,86.66666666666667,48.421052631578945,India,S3,6,FN_MATCHER_REJECTED
S1-885325753,candidate_present,S3-988493975,"S3-966459797,S2-862529360,S2-820279250,S3-367808282",0.5699634641950164,6,BOTH,0.2570154070854187,87.87878787878788,48.421052631578945,India,S3,6,FN_MATCHER_REJECTED
S1-902708255,candidate_present,S2-963130023,"S2-297260264,S2-600238415,S3-555103400",0.6578042009813471,4,BOTH,0.01579952798783779,20.68965517241379,60.86956521739131,India,S2,4,FN_MATCHER_REJECTED
S1-74742448,candidate_present,NONE,S2-80471964,0.0,-1,CHAMPION_ONLY,0.8238606452941895,65.0,45.238095238095234,India,S2,0,FP_FALSE_POSITIVE_MERGE
S1-820876279,candidate_present,S2-295162549,S3-20180609,0.3993491367235912,14,CHAMPION_ONLY,0.012651902623474598,14.28571428571429,48.421052631578945,India,S2,2,FN_MATCHER_REJECTED
S1-466051402,candidate_present,S3-587774101,"S3-471067734,S3-472949110",0.0,-1,CHAMPION_ONLY,0.047275349497795105,17.391304347826086,65.75342465753424,US,S3,3,FN_MATCHER_REJECTED
S1-982823520,candidate_present,S2-173156791,S3-741161558,0.5256540908342859,2,SEMANTIC_ONLY,0.5865820050239563,39.13043478260869,64.61538461538461,US,S2,2,FN_MATCHER_REJECTED
S1-773140953,candidate_missing,S2-885672178,"S3-319996523,S2-483237483",0.0,-1,NOT_IN_CANDS,0.0,9.999999999999998,53.84615384615385,India,S2,3,FN_CANDIDATE_MISS
S1-153229012,candidate_present,S3-41529237,S2-638623146,0.4933832731073122,2,BOTH,0.3786802589893341,73.01587301587303,0.0,US,S3,2,FN_MATCHER_REJECTED
S1-479756373,candidate_missing,S3-236962953,"S3-801617101,S2-118602294",0.0,-1,NOT_IN_CANDS,0.0,13.33333333333333,47.42268041237113,India,S3,4,FN_CANDIDATE_MISS
S1-479756373,candidate_missing,S3-40858779,"S3-801617101,S2-118602294",0.0,-1,NOT_IN_CANDS,0.0,13.33333333333333,47.42268041237113,India,S3,4,FN_CANDIDATE_MISS
S1-383391664,candidate_present,S2-353019495,"S3-881923966,S3-592225176",0.6200114203408018,3,BOTH,0.020056849345564842,82.6086956521739,63.01369863013699,US,S2,3,FN_MATCHER_REJECTED
S1-653436323,candidate_present,S3-635706570,S2-400776766,0.0,-1,CHAMPION_ONLY,0.0006084994529373944,11.538461538461542,36.92307692307693,India,S3,3,FN_MATCHER_REJECTED
S1-653436323,candidate_present,S2-243364070,S2-400776766,0.0,-1,CHAMPION_ONLY,0.06623266637325287,11.538461538461542,43.41085271317829,India,S2,3,FN_MATCHER_REJECTED
S1-635448401,candidate_present,S2-223142163,S3-784528363,0.8059217553709459,1,BOTH,0.31107228994369507,79.36507936507937,64.86486486486487,US,S2,2,FN_MATCHER_REJECTED
S1-171232743,candidate_missing,S3-590337572,"S2-586300855,S3-520844780,S3-636690699",0.33971637784983477,13,NOT_IN_CANDS,0.0,89.55223880597015,0.0,India,S3,4,FN_CANDIDATE_MISS
S1-440953421,candidate_present,S2-7690725,"S2-736311502,S2-21778740,S3-342506729",0.4479381737621493,4,BOTH,0.10058870166540146,72.41379310344827,0.0,US,S2,4,FN_MATCHER_REJECTED
S1-840961764,candidate_missing,S2-308741469,"S3-440321527,S2-618341747,S3-519933551,S2-326313763,S3-192731870,S2-86221723,S3-697564549,S2-613080913",0.0,-1,NOT_IN_CANDS,0.0,25.0,69.38775510204081,US,S2,9,FN_CANDIDATE_MISS
S1-153715376,candidate_present,NONE,S3-191757488,0.7959638146321004,3,BOTH,0.989804744720459,90.0,89.65517241379311,US,S3,3,FP_FALSE_POSITIVE_MERGE
S1-40048409,candidate_present,NONE,S3-290676293,0.0,-1,CHAMPION_ONLY,1.0,73.6842105263158,52.3076923076923,US,S3,2,FP_FALSE_POSITIVE_MERGE
S1-763112366,candidate_present,NONE,S2-823588388,0.46539372483367236,5,BOTH,0.9696714282035828,15.000000000000002,85.24590163934427,US,S2,4,FP_FALSE_POSITIVE_MERGE
S1-845507859,candidate_missing,S3-105925672,"S3-201026405,S3-600133640,S2-680902222,S2-24496898",0.41574053748129414,29,NOT_IN_CANDS,0.0,28.57142857142857,43.90243902439024,India,S3,5,FN_CANDIDATE_MISS
S1-232040435,candidate_present,S3-476544451,"S2-422633167,S3-289243835,S3-738266354,S2-811469771",0.6645362732744654,9,BOTH,0.3178480863571167,80.70175438596492,0.0,US,S3,5,FN_MATCHER_REJECTED
S1-865509540,candidate_present,S3-778502678,"S3-839768578,S2-52957374,S2-652967093,S3-569119983,S3-415148073",0.7069135791565266,6,BOTH,0.5936611890792847,93.10344827586206,0.0,US,S3,6,FN_MATCHER_REJECTED
S1-951159035,candidate_missing,S2-875950440,S3-836271457,0.0,-1,NOT_IN_CANDS,0.0,35.71428571428571,0.0,India,S2,4,FN_CANDIDATE_MISS
S1-951159035,candidate_present,S2-417819840,S3-836271457,0.5300702572758565,3,SEMANTIC_ONLY,0.005864390637725592,6.896551724137934,59.74025974025974,India,S2,4,FN_MATCHER_REJECTED
S1-951159035,candidate_present,S3-723985585,S3-836271457,0.45699094353097586,7,SEMANTIC_ONLY,0.017378870397806168,6.896551724137934,53.52112676056338,India,S3,4,FN_MATCHER_REJECTED
S1-155277378,candidate_present,NONE,S2-959241327,0.0,-1,CHAMPION_ONLY,1.0,37.5,43.28358208955224,India,S2,0,FP_FALSE_POSITIVE_MERGE
S1-875123974,candidate_present,NONE,S3-295710817,0.0,-1,CHAMPION_ONLY,0.6867022514343262,68.57142857142857,69.0909090909091,India,S3,1,FP_FALSE_POSITIVE_MERGE
S1-875123974,candidate_present,NONE,S2-460491432,0.569166101249226,4,SEMANTIC_ONLY,0.794134259223938,41.17647058823529,77.14285714285715,India,S2,1,FP_FALSE_POSITIVE_MERGE
S1-947134124,candidate_present,NONE,S2-669353485,0.6885356155409303,8,SEMANTIC_ONLY,0.8791287541389465,10.526315789473683,59.493670886075954,India,S2,4,FP_FALSE_POSITIVE_MERGE
S1-11235970,candidate_present,S3-98487193,S2-436126168,0.65801644957019,3,BOTH,0.6588002443313599,90.0,0.0,US,S3,3,FN_MATCHER_REJECTED
S1-11235970,candidate_present,S3-543738124,S2-436126168,0.65801644957019,2,BOTH,0.6588002443313599,90.0,0.0,US,S3,3,FN_MATCHER_REJECTED
S1-206569853,candidate_missing,S2-650042785,"S2-298174647,S3-384745949,S3-902889499",0.0,-1,NOT_IN_CANDS,0.0,11.111111111111116,66.66666666666667,India,S2,5,FN_CANDIDATE_MISS
S1-206569853,candidate_missing,S2-246893714,"S2-298174647,S3-384745949,S3-902889499",0.4955140142820871,11,NOT_IN_CANDS,0.0,11.111111111111116,95.65217391304348,India,S2,5,FN_CANDIDATE_MISS
S1-893695207,candidate_present,S2-721917107,"S3-832843490,S2-814421229,S2-522964122,S3-639631814",0.4202372849434406,9,BOTH,0.2545011341571808,77.77777777777779,0.0,US,S2,5,FN_MATCHER_REJECTED
S1-667439846,candidate_present,S2-8949728,S2-501387381,0.46087724975743805,6,BOTH,0.4824677109718323,80.0,0.0,India,S2,4,FN_MATCHER_REJECTED
S1-667439846,candidate_present,S3-355463754,S2-501387381,0.0,-1,CHAMPION_ONLY,0.019330261275172234,11.764705882352944,44.067796610169495,India,S3,4,FN_MATCHER_REJECTED
S1-667439846,candidate_present,S3-791690064,S2-501387381,0.0,-1,CHAMPION_ONLY,0.012091846205294132,11.764705882352944,44.067796610169495,India,S3,4,FN_MATCHER_REJECTED
S1-22904457,candidate_present,NONE,S2-31948478,0.6144549095963361,3,BOTH,0.7717233300209045,91.30434782608697,0.0,US,S2,2,FP_FALSE_POSITIVE_MERGE
S1-741895099,candidate_present,NONE,S2-108388778,0.6683940163221271,7,SEMANTIC_ONLY,0.8713134527206421,13.043478260869568,63.95348837209303,India,S2,2,FP_FALSE_POSITIVE_MERGE
S1-693256026,candidate_present,NONE,S3-203798328,0.5524560673690905,6,BOTH,0.9596516489982605,81.25,87.09677419354838,US,S3,5,FP_FALSE_POSITIVE_MERGE
S1-199554784,candidate_missing,S2-425339415,"S2-605498104,S2-916911106,S3-870311893,S3-785387667",0.0,-1,NOT_IN_CANDS,0.0,91.89189189189189,0.0,India,S2,5,FN_CANDIDATE_MISS
S1-920620020,candidate_present,S2-646895637,"S2-103716158,S2-847764795,S3-251558527",0.5278157296342806,4,BOTH,0.0548555925488472,51.28205128205128,84.84848484848484,India,S2,4,FN_MATCHER_REJECTED
S1-973304639,candidate_missing,S2-178208297,S3-911270872,0.0,-1,NOT_IN_CANDS,0.0,9.090909090909093,38.38383838383839,India,S2,2,FN_CANDIDATE_MISS
S1-73544343,candidate_missing,S2-217009442,"S2-990352886,S3-260045209,S2-117683236",0.42708179860305895,19,NOT_IN_CANDS,0.0,10.344827586206895,68.57142857142857,India,S2,5,FN_CANDIDATE_MISS
S1-73544343,candidate_present,S2-207245469,"S2-990352886,S3-260045209,S2-117683236",0.5709912620030642,5,BOTH,0.41733548045158386,88.88888888888889,0.0,India,S2,5,FN_MATCHER_REJECTED
S1-590392911,candidate_present,S2-943166437,"S3-734816586,S3-850711887,S2-959597922",0.5710529436182175,4,BOTH,0.13274729251861572,59.45945945945945,74.07407407407408,US,S2,5,FN_MATCHER_REJECTED
S1-590392911,candidate_present,S2-923345876,"S3-734816586,S3-850711887,S2-959597922",0.5710529436182175,5,BOTH,0.22247996926307678,75.67567567567568,74.07407407407408,US,S2,5,FN_MATCHER_REJECTED
S1-872354662,candidate_present,S2-363218449,"S3-375804730,S2-76049916,S2-288645216,S3-64718385",0.705620198410122,5,BOTH,0.27133306860923767,77.27272727272727,58.33333333333333,US,S2,5,FN_MATCHER_REJECTED
S1-456900390,candidate_missing,S3-337696255,"S3-127674718,S3-547897382,S2-245917164",0.0,-1,NOT_IN_CANDS,0.0,34.04255319148937,49.056603773584904,US,S3,4,FN_CANDIDATE_MISS
S1-901640603,candidate_present,S2-133479863,"S2-500773865,S2-843136718,S3-363664033",0.4498389259731649,17,CHAMPION_ONLY,0.4257657825946808,88.0,0.0,US,S2,4,FN_MATCHER_REJECTED
S1-393540392,candidate_present,S2-314399871,"S2-26932880,S3-734354535,S3-856478591",0.48615525470353876,10,BOTH,0.31998804211616516,80.0,0.0,India,S2,4,FN_MATCHER_REJECTED
S1-249653998,candidate_present,S2-48987082,"S2-430985420,S2-450781943,S3-946399748,S3-336394108",0.46710040178457185,5,BOTH,0.11075705289840698,55.55555555555556,0.0,India,S2,5,FN_MATCHER_REJECTED
S1-942252068,candidate_present,S3-730397995,"S3-162084580,S2-685895475,S3-25868056",0.37738261438659315,7,BOTH,0.002766089513897896,52.38095238095239,0.0,US,S3,4,FN_MATCHER_REJECTED
S1-467172907,candidate_present,S2-144130825,S3-557552533,0.0,-1,CHAMPION_ONLY,0.4750874638557434,9.836065573770492,54.32098765432099,India,S2,2,FN_MATCHER_REJECTED
S1-449777693,candidate_present,NONE,S2-391036435,0.868010953309807,4,BOTH,0.9843942523002625,78.26086956521739,94.8905109489051,India,S2,5,FP_FALSE_POSITIVE_MERGE
S1-958297307,candidate_present,S3-103154542,"S2-753140238,S2-180499790",0.42264433659219897,3,BOTH,0.6702893376350403,56.25,58.22784810126582,US,S3,4,FN_MATCHER_REJECTED
S1-958297307,candidate_present,S3-278439020,"S2-753140238,S2-180499790",0.42264433659219897,4,BOTH,0.6702893376350403,56.25,58.22784810126582,US,S3,4,FN_MATCHER_REJECTED
S1-661100755,candidate_present,NONE,S2-897680704,0.5997950431280883,6,BOTH,0.8561422228813171,100.0,0.0,US,S2,5,FP_FALSE_POSITIVE_MERGE
S1-66750495,candidate_present,NONE,S2-442717160,0.0,-1,CHAMPION_ONLY,1.0,48.78048780487805,47.61904761904761,India,S2,4,FP_FALSE_POSITIVE_MERGE
S1-791263821,candidate_present,S2-22658616,"S3-834523308,S3-195093056",0.6835917261749697,2,BOTH,0.5878530740737915,85.0,0.0,US,S2,3,FN_MATCHER_REJECTED
S1-958725920,candidate_missing,S3-57203445,"S2-365579790,S2-400224703",0.0,-1,NOT_IN_CANDS,0.0,11.32075471698113,58.82352941176471,India,S3,3,FN_CANDIDATE_MISS
S1-32048079,candidate_missing,S3-134350666,S2-881452813,0.0,-1,NOT_IN_CANDS,0.0,11.764705882352944,52.032520325203244,India,S3,2,FN_CANDIDATE_MISS
S1-986516034,candidate_present,NONE,S3-16640149,0.7781464995128181,6,BOTH,0.9003949761390686,95.45454545454545,0.0,US,S3,7,FP_FALSE_POSITIVE_MERGE
S1-370447359,candidate_missing,S2-365692796,"S3-698074344,S2-642686964,S3-592689178",0.0,-1,NOT_IN_CANDS,0.0,11.32075471698113,48.93617021276596,India,S2,4,FN_CANDIDATE_MISS
S1-475561146,candidate_present,S3-843015808,S2-140452114,0.3643591306779547,14,CHAMPION_ONLY,0.6303313970565796,73.6842105263158,0.0,India,S3,2,FN_MATCHER_REJECTED
S1-362114529,candidate_present,NONE,S2-118456646,0.43422174427465915,7,BOTH,0.8435381054878235,93.87755102040816,0.0,India,S2,4,FP_FALSE_POSITIVE_MERGE
S1-574873538,candidate_present,NONE,S2-612182051,0.600970557777635,3,BOTH,0.8342439532279968,25.806451612903224,84.50704225352112,US,S2,2,FP_FALSE_POSITIVE_MERGE
S1-650333786,candidate_missing,S2-531956182,"S2-87794293,S2-827267259",0.4260903756575289,12,NOT_IN_CANDS,0.0,48.0,40.77669902912622,India,S2,3,FN_CANDIDATE_MISS
S1-735611791,candidate_present,S3-337654425,"S2-552147199,S3-85765139,S2-621614129,S2-247630151,S2-788264251",0.48165547068834846,6,BOTH,0.08076784759759903,87.17948717948718,45.45454545454546,US,S3,6,FN_MATCHER_REJECTED
S1-697332200,candidate_missing,S3-42117384,"S3-578143206,S2-913383201,S3-684185311,S3-999714226,S2-926365725,S2-616790882,S2-541458752,S2-522628160",0.5171131583508197,17,NOT_IN_CANDS,0.0,10.526315789473683,64.05228758169935,India,S3,6,FN_CANDIDATE_MISS
S1-697332200,candidate_missing,S3-832599561,"S3-578143206,S2-913383201,S3-684185311,S3-999714226,S2-926365725,S2-616790882,S2-541458752,S2-522628160",0.5245007791196109,16,NOT_IN_CANDS,0.0,28.57142857142857,61.63522012578616,India,S3,6,FN_CANDIDATE_MISS
S1-697332200,candidate_present,NONE,S3-578143206,0.46589537247639223,27,CHAMPION_ONLY,0.9207141995429993,74.19354838709677,0.0,India,S3,6,FP_FALSE_POSITIVE_MERGE
S1-697332200,candidate_present,NONE,S2-926365725,0.490057597873472,21,CHAMPION_ONLY,0.9816311001777649,83.01886792452831,28.333333333333332,India,S2,6,FP_FALSE_POSITIVE_MERGE
S1-697332200,candidate_present,NONE,S2-541458752,0.5152973254996398,18,CHAMPION_ONLY,0.9707557559013367,79.24528301886792,39.0625,India,S2,6,FP_FALSE_POSITIVE_MERGE
S1-697332200,candidate_present,NONE,S3-684185311,0.46589537247639223,26,CHAMPION_ONLY,0.9207141995429993,100.0,0.0,India,S3,6,FP_FALSE_POSITIVE_MERGE
S1-480754757,candidate_present,S2-667921032,S3-357691624,0.7321827492018728,2,SEMANTIC_ONLY,0.675702691078186,12.244897959183676,85.18518518518519,India,S2,2,FN_MATCHER_REJECTED
S1-946213326,candidate_present,NONE,S3-611369340,0.4955621773951699,4,BOTH,0.95845627784729,100.0,27.160493827160494,India,S3,3,FP_FALSE_POSITIVE_MERGE
S1-462399576,candidate_present,S3-916994876,S2-30071921,0.6932620878193496,2,SEMANTIC_ONLY,0.005013663787394762,55.81395348837209,76.28865979381443,India,S3,2,FN_MATCHER_REJECTED
S1-674129778,candidate_present,NONE,S3-476901986,0.7149441692599242,6,BOTH,0.7498118877410889,27.27272727272727,94.54545454545455,US,S3,4,FP_FALSE_POSITIVE_MERGE
S1-674129778,candidate_present,NONE,S2-156956598,0.582042888273811,7,BOTH,0.9391160011291504,27.77777777777778,91.22807017543859,US,S2,4,FP_FALSE_POSITIVE_MERGE
S1-18704024,candidate_present,NONE,S3-881065183,0.38870112219569947,17,CHAMPION_ONLY,0.8868681192398071,27.77777777777778,80.64516129032258,US,S3,4,FP_FALSE_POSITIVE_MERGE
S1-126664459,candidate_present,S2-694510725,,0.6304474230243492,1,BOTH,0.5608150362968445,28.57142857142857,86.95652173913044,US,S2,1,FN_MATCHER_REJECTED
S1-495351615,candidate_present,S3-210077064,S2-317737472,0.3994303111952461,5,BOTH,0.39727431535720825,80.0,0.0,India,S3,3,FN_MATCHER_REJECTED
S1-495351615,candidate_present,S3-667556917,S2-317737472,0.0,-1,CHAMPION_ONLY,0.15991978347301483,76.59574468085107,0.0,India,S3,3,FN_MATCHER_REJECTED
S1-749766134,candidate_missing,S3-329070717,S2-163878429,0.0,-1,NOT_IN_CANDS,0.0,14.28571428571429,41.269841269841265,India,S3,2,FN_CANDIDATE_MISS
S1-170236326,candidate_present,S2-625359420,S3-434409361,0.49480219823911004,3,BOTH,0.14679038524627686,69.23076923076923,0.0,US,S2,2,FN_MATCHER_REJECTED
S1-984940763,candidate_present,NONE,S3-167613789,0.6873958091752012,6,BOTH,0.931378185749054,75.0,0.0,US,S3,5,FP_FALSE_POSITIVE_MERGE
S1-984940763,candidate_present,NONE,S2-544993889,0.6873958091752012,7,BOTH,0.9366861581802368,92.85714285714286,0.0,US,S2,5,FP_FALSE_POSITIVE_MERGE
S1-64263582,candidate_present,S2-886741749,"S2-152626112,S3-683333941,S3-316748177",0.6457330953433883,4,BOTH,0.05683193728327751,12.307692307692308,79.69924812030075,India,S2,4,FN_MATCHER_REJECTED
S1-760945453,candidate_present,S3-202730898,"S3-938225134,S2-297847752,S3-767838416,S2-701539138",0.5802563268898947,5,SEMANTIC_ONLY,0.03631299361586571,72.0,66.66666666666667,India,S3,5,FN_MATCHER_REJECTED
S1-894251996,candidate_present,S2-776720587,"S3-2716340,S3-598336352,S3-814079814",0.7173156248823707,4,BOTH,0.20390711724758148,90.32258064516128,0.0,US,S2,4,FN_MATCHER_REJECTED
S1-894079582,candidate_present,S3-88145680,"S3-120170769,S2-354657932",0.5272465702443847,3,SEMANTIC_ONLY,0.001042602234520018,31.999999999999996,51.28205128205128,India,S3,4,FN_MATCHER_REJECTED
S1-894079582,candidate_present,S3-816988928,"S3-120170769,S2-354657932",0.6062421236944736,2,BOTH,0.6492432951927185,64.70588235294117,51.28205128205128,India,S3,4,FN_MATCHER_REJECTED
S1-373563969,candidate_missing,S3-883559049,S3-293958767,0.0,-1,NOT_IN_CANDS,0.0,15.384615384615385,39.02439024390244,India,S3,1,FN_CANDIDATE_MISS
S1-373563969,candidate_present,NONE,S3-293958767,0.40618109091243176,1,BOTH,0.9234848022460938,60.86956521739131,0.0,India,S3,1,FP_FALSE_POSITIVE_MERGE
S1-342466559,candidate_present,S2-874173213,"S2-83217519,S2-863657536,S3-674366317,S2-80327137,S3-742978802",0.6210518075141127,6,SEMANTIC_ONLY,0.6732800006866455,92.3076923076923,46.808510638297875,US,S2,6,FN_MATCHER_REJECTED
S1-266544063,candidate_present,S2-133460267,"S3-458138552,S2-986624207",0.5578387546748093,4,SEMANTIC_ONLY,0.004768103361129761,12.5,44.44444444444444,India,S2,4,FN_MATCHER_REJECTED
S1-266544063,candidate_present,S2-628958120,"S3-458138552,S2-986624207",0.5578387546748093,3,SEMANTIC_ONLY,0.004768103361129761,12.5,44.44444444444444,India,S2,4,FN_MATCHER_REJECTED
S1-907810840,candidate_present,S2-213677366,"S2-969202077,S2-939495417,S3-81426099,S2-282885409,S3-368657100,S3-973390471",0.6350007989698639,7,BOTH,0.4056429862976074,83.72093023255813,0.0,US,S2,7,FN_MATCHER_REJECTED
S1-431903166,candidate_present,S3-849762532,"S2-617293944,S2-570756418,S3-495678548",0.5731208203597875,4,SEMANTIC_ONLY,0.034451451152563095,77.55102040816327,45.36082474226804,India,S3,4,FN_MATCHER_REJECTED
S1-620955468,candidate_missing,S2-485392931,"S3-382297694,S3-382736650",0.0,-1,NOT_IN_CANDS,0.0,51.162790697674424,0.0,US,S2,3,FN_CANDIDATE_MISS
S1-246638277,candidate_present,NONE,S3-746290232,0.4637539153395095,21,CHAMPION_ONLY,0.8555318713188171,91.22807017543859,0.0,India,S3,4,FP_FALSE_POSITIVE_MERGE
S1-125687146,candidate_missing,S2-320293896,"S3-432172629,S3-976447994,S3-699430219,S3-649844502,S2-200462116",0.43761367349876296,13,NOT_IN_CANDS,0.0,11.111111111111116,40.944881889763785,India,S2,7,FN_CANDIDATE_MISS
S1-125687146,candidate_missing,S3-958282983,"S3-432172629,S3-976447994,S3-699430219,S3-649844502,S2-200462116",0.44797350080468434,11,NOT_IN_CANDS,0.0,11.111111111111116,42.622950819672134,India,S3,7,FN_CANDIDATE_MISS
S1-914887627,candidate_present,S3-186027808,"S3-203950488,S3-978122150,S2-144439239,S3-245279781,S3-50470952",0.6564903737511918,6,BOTH,0.6574280858039856,12.765957446808507,80.0,India,S3,6,FN_MATCHER_REJECTED
S1-245699717,candidate_present,NONE,S3-917932019,0.6686123656248847,6,BOTH,0.7562447786331177,90.19607843137256,0.0,US,S3,5,FP_FALSE_POSITIVE_MERGE
S1-87961827,candidate_present,NONE,S3-82729127,0.4633616265985036,7,SEMANTIC_ONLY,0.9205719232559204,66.66666666666667,42.10526315789473,India,S3,3,FP_FALSE_POSITIVE_MERGE
S1-497864956,candidate_present,S3-68275427,"S3-22533648,S2-623385677,S3-344383247",0.3812612827481514,10,BOTH,0.6189827919006348,80.70175438596492,0.0,India,S3,4,FN_MATCHER_REJECTED
S1-730428166,candidate_missing,S3-710611862,S2-683573110,0.0,-1,NOT_IN_CANDS,0.0,11.428571428571432,22.413793103448278,India,S3,3,FN_CANDIDATE_MISS
S1-730428166,candidate_missing,S3-300514980,S2-683573110,0.0,-1,NOT_IN_CANDS,0.0,22.22222222222222,23.214285714285708,India,S3,3,FN_CANDIDATE_MISS
S1-221079756,candidate_present,S3-393936822,"S3-611563359,S2-536995055,S2-521917409,S3-457304815,S3-922390432",0.6101463907670929,6,BOTH,0.49812522530555725,63.63636363636363,62.5,India,S3,6,FN_MATCHER_REJECTED
S1-913420023,candidate_present,S2-414095109,"S2-920428754,S3-410871949,S3-616849225,S2-754119090",0.7330256603380884,5,SEMANTIC_ONLY,0.4485604763031006,33.333333333333336,98.50746268656717,India,S2,5,FN_MATCHER_REJECTED
S1-440773087,candidate_present,NONE,S3-937657140,0.5097693286552873,6,BOTH,0.7264803051948547,90.56603773584906,0.0,India,S3,2,FP_FALSE_POSITIVE_MERGE
S1-474893789,candidate_present,NONE,S2-999793401,0.44463861479947847,7,BOTH,0.75528484582901,93.61702127659575,0.0,India,S2,2,FP_FALSE_POSITIVE_MERGE
S1-216840230,candidate_present,S2-577959665,"S3-881236419,S3-947183470,S3-219314274",0.6682953727423577,2,BOTH,0.5187546610832214,82.14285714285714,0.0,US,S2,4,FN_MATCHER_REJECTED
S1-665957316,candidate_missing,S2-231611785,"S3-760141622,S3-44833912",0.0,-1,NOT_IN_CANDS,0.0,13.33333333333333,84.84848484848484,India,S2,3,FN_CANDIDATE_MISS
S1-897114947,candidate_present,NONE,S2-403058082,0.5746792553011887,2,BOTH,0.7350908517837524,42.42424242424242,92.3076923076923,US,S2,1,FP_FALSE_POSITIVE_MERGE
S1-942409187,candidate_present,NONE,S2-122765084,0.8334549561504252,4,BOTH,0.7024311423301697,68.42105263157895,96.875,US,S2,5,FP_FALSE_POSITIVE_MERGE
S1-876540003,candidate_present,S3-911921665,"S2-965693147,S2-922149362",0.0,-1,CHAMPION_ONLY,0.6232656836509705,83.33333333333334,0.0,India,S3,3,FN_MATCHER_REJECTED
S1-781324018,candidate_missing,S2-123025336,"S2-945362153,S3-741388833",0.0,-1,NOT_IN_CANDS,0.0,11.32075471698113,51.23966942148761,India,S2,5,FN_CANDIDATE_MISS
S1-781324018,candidate_missing,S3-648591253,"S2-945362153,S3-741388833",0.0,-1,NOT_IN_CANDS,0.0,11.32075471698113,36.69724770642202,India,S3,5,FN_CANDIDATE_MISS
S1-781324018,candidate_missing,S2-667191157,"S2-945362153,S3-741388833",0.0,-1,NOT_IN_CANDS,0.0,11.32075471698113,41.32231404958677,India,S2,5,FN_CANDIDATE_MISS
S1-722018025,candidate_present,S3-888466611,S2-605834913,0.3056219615609164,9,SEMANTIC_ONLY,0.03472217917442322,76.92307692307692,65.57377049180329,US,S3,3,FN_MATCHER_REJECTED
S1-722018025,candidate_present,S3-448292090,S2-605834913,0.45549691679742255,2,BOTH,0.45803168416023254,84.61538461538461,65.57377049180329,US,S3,3,FN_MATCHER_REJECTED
S1-91303667,candidate_present,S2-574397147,S3-575585769,0.7421994837815226,2,SEMANTIC_ONLY,0.16171570122241974,40.0,85.96491228070175,India,S2,2,FN_MATCHER_REJECTED
S1-880643397,candidate_present,S3-34957973,"S3-251597334,S3-93777671,S2-834352829,S2-108785866,S2-567672051",0.31291972817097946,11,CHAMPION_ONLY,0.0636146292090416,83.87096774193549,0.0,India,S3,6,FN_MATCHER_REJECTED
S1-891697553,candidate_missing,S2-72396943,"S3-562670976,S2-516565257,S3-110131879",0.47145937220759737,15,NOT_IN_CANDS,0.0,11.538461538461542,56.96969696969697,India,S2,4,FN_CANDIDATE_MISS
S1-891697553,candidate_missing,S3-910169908,"S3-562670976,S2-516565257,S3-110131879",0.0,-1,NOT_IN_CANDS,0.0,11.538461538461542,54.87804878048781,India,S3,4,FN_CANDIDATE_MISS
S1-891697553,candidate_present,NONE,S3-110131879,0.810587109862746,2,BOTH,0.9340662360191345,46.51162790697675,87.38738738738738,India,S3,4,FP_FALSE_POSITIVE_MERGE
S1-414944930,candidate_present,S3-495872481,"S3-265549608,S3-245915031,S3-118757142",0.5551032266273731,4,BOTH,0.23536232113838196,28.57142857142857,71.54471544715447,India,S3,4,FN_MATCHER_REJECTED
S1-498218866,candidate_missing,S3-564791383,S2-217071321,0.0,-1,NOT_IN_CANDS,0.0,88.23529411764706,0.0,India,S3,2,FN_CANDIDATE_MISS
S1-539762538,candidate_missing,S2-230214346,"S3-179724784,S2-297783049,S2-367348873,S3-911420992,S3-156071169,S3-823394312",0.4111191539977218,14,NOT_IN_CANDS,0.0,69.0909090909091,0.0,India,S2,7,FN_CANDIDATE_MISS
S1-823507871,candidate_present,S3-4238940,,0.6135315278893517,1,BOTH,0.634051501750946,86.66666666666667,0.0,US,S3,1,FN_MATCHER_REJECTED
S1-984476715,candidate_present,S3-326476730,"S2-375428561,S3-752283801",0.0,-1,CHAMPION_ONLY,0.00632729846984148,77.77777777777779,39.56043956043956,India,S3,3,FN_MATCHER_REJECTED
S1-927634906,candidate_present,S3-358419221,"S3-801887172,S2-17753117,S2-64915368,S3-918234119",0.4411564812260398,5,BOTH,0.023947129026055336,72.72727272727273,59.45945945945945,US,S3,5,FN_MATCHER_REJECTED
S1-279534597,candidate_missing,S3-894106835,S2-11843593,0.0,-1,NOT_IN_CANDS,0.0,15.000000000000002,66.66666666666667,India,S3,3,FN_CANDIDATE_MISS
S1-279534597,candidate_present,S2-909501954,S2-11843593,0.0,-1,CHAMPION_ONLY,0.42429348826408386,15.000000000000002,70.6896551724138,India,S2,3,FN_MATCHER_REJECTED
S1-300782212,candidate_present,S2-775087169,"S2-13698549,S3-796521350,S3-288896885,S3-975447301",0.5070793062932626,5,BOTH,0.4153381288051605,30.000000000000004,88.88888888888889,US,S2,4,FN_MATCHER_REJECTED
S1-300782212,candidate_present,NONE,S3-975447301,0.7846748980235079,3,BOTH,0.9689429402351379,77.41935483870968,86.15384615384616,US,S3,4,FP_FALSE_POSITIVE_MERGE
S1-903379045,candidate_missing,S3-355485402,"S3-919713316,S3-629428811",0.0,-1,NOT_IN_CANDS,0.0,11.764705882352944,53.48837209302326,India,S3,3,FN_CANDIDATE_MISS
S1-903379045,candidate_missing,S2-297092754,"S3-919713316,S3-629428811",0.0,-1,NOT_IN_CANDS,0.0,11.764705882352944,37.03703703703704,India,S2,3,FN_CANDIDATE_MISS
S1-903379045,candidate_present,NONE,S3-629428811,0.6682437339128334,2,BOTH,0.9691755175590515,71.69811320754718,49.31506849315068,India,S3,3,FP_FALSE_POSITIVE_MERGE
S1-279637722,candidate_present,S2-757761156,"S3-45581880,S2-233627884,S3-817298474,S3-316571593,S2-743228187",0.4895867978316783,8,BOTH,0.29499760270118713,75.0,0.0,US,S2,7,FN_MATCHER_REJECTED
S1-279637722,candidate_present,S2-843826495,"S3-45581880,S2-233627884,S3-817298474,S3-316571593,S2-743228187",0.632591090374881,5,BOTH,0.26995179057121277,33.333333333333336,98.7012987012987,US,S2,7,FN_MATCHER_REJECTED
S1-358359507,candidate_present,NONE,S3-719490612,0.6983446854574822,2,BOTH,0.9636349678039551,77.96610169491525,50.79365079365079,India,S3,1,FP_FALSE_POSITIVE_MERGE
S1-934076354,candidate_present,S3-991187075,"S2-553006048,S2-42503510",0.4531934610054519,5,BOTH,0.0026249366346746683,89.47368421052632,45.714285714285715,India,S3,3,FN_MATCHER_REJECTED
S1-689324166,candidate_present,NONE,S3-553109171,0.6025967416975847,5,BOTH,0.8625779747962952,90.47619047619048,0.0,US,S3,6,FP_FALSE_POSITIVE_MERGE
S1-54541655,candidate_present,S2-534281121,"S3-678891439,S2-128579603",0.4542242285212288,5,BOTH,0.03487420082092285,77.61194029850746,0.0,US,S2,3,FN_MATCHER_REJECTED
S1-342612208,candidate_present,S3-492502301,"S3-213142973,S2-723852858",0.804035548955303,2,BOTH,0.6632370352745056,88.46153846153845,0.0,US,S3,3,FN_MATCHER_REJECTED
S1-833827485,candidate_present,S3-198507244,"S3-84787821,S2-777786370",0.0,-1,CHAMPION_ONLY,0.0012690044241026044,78.04878048780488,0.0,India,S3,3,FN_MATCHER_REJECTED
S1-106786002,candidate_present,S3-260182442,S3-659223881,0.3776344058330539,5,BOTH,0.003964678384363651,13.043478260869568,44.21052631578948,India,S3,2,FN_MATCHER_REJECTED
S1-315618381,candidate_present,NONE,S3-50402905,0.4655520582340503,8,BOTH,0.8478501439094543,100.0,0.0,US,S3,4,FP_FALSE_POSITIVE_MERGE
S1-480229353,candidate_present,NONE,S3-67110497,0.4832957502522844,10,SEMANTIC_ONLY,0.792012095451355,39.13043478260869,58.58585858585859,India,S3,7,FP_FALSE_POSITIVE_MERGE
S1-197025412,candidate_present,S3-417223343,"S2-666892279,S3-364898751",0.6252123050869698,2,BOTH,0.2560681402683258,84.0,56.05095541401274,India,S3,4,FN_MATCHER_REJECTED
S1-197025412,candidate_present,S3-656841989,"S2-666892279,S3-364898751",0.6091467937322392,3,BOTH,0.299906462430954,85.0,56.05095541401274,India,S3,4,FN_MATCHER_REJECTED
S1-173444224,candidate_present,S2-204421197,"S2-897653507,S3-631115593,S3-985666466,S2-315743501,S3-41117674,S3-2714410",0.7055669115909944,4,BOTH,0.39072108268737793,91.66666666666666,52.3076923076923,US,S2,7,FN_MATCHER_REJECTED
S1-743565110,candidate_present,S2-843414885,"S2-276161432,S2-97624547,S3-136278282",0.6024128617628296,4,BOTH,0.6389788389205933,25.806451612903224,97.43589743589743,US,S2,4,FN_MATCHER_REJECTED
S1-12066379,candidate_present,S2-526370516,"S3-506979130,S2-713507540,S2-320081180,S3-894620187",0.4732415964891633,5,BOTH,0.11852027475833893,57.14285714285714,0.0,US,S2,5,FN_MATCHER_REJECTED
S1-668382007,candidate_present,S3-127615015,"S3-59217025,S2-262923349,S3-288104846,S2-740691421",0.9003779517978189,2,BOTH,0.6524698734283447,84.61538461538461,88.88888888888889,US,S3,5,FN_MATCHER_REJECTED
S1-796797006,candidate_present,S2-479589668,"S3-627041804,S3-163877680,S2-179387049,S3-862001321,S2-102644244",0.0,-1,CHAMPION_ONLY,0.016985327005386353,78.04878048780488,0.0,India,S2,7,FN_MATCHER_REJECTED
S1-796797006,candidate_present,S3-540673355,"S3-627041804,S3-163877680,S2-179387049,S3-862001321,S2-102644244",0.3561442847661808,14,CHAMPION_ONLY,0.04998890683054924,80.0,0.0,India,S3,7,FN_MATCHER_REJECTED
S1-176316468,candidate_present,S3-699793662,"S3-361192138,S2-165490950,S2-943682294,S2-586841624,S3-20190011",0.7125871493901107,6,SEMANTIC_ONLY,0.06974102556705475,55.73770491803278,81.15942028985508,US,S3,4,FN_MATCHER_REJECTED
S1-176316468,candidate_present,NONE,S2-165490950,0.705665592242091,9,BOTH,0.7863190770149231,92.10526315789474,0.0,US,S2,4,FP_FALSE_POSITIVE_MERGE
S1-176316468,candidate_present,NONE,S2-586841624,0.7444589932749757,3,BOTH,0.7768144011497498,94.28571428571428,0.0,US,S2,4,FP_FALSE_POSITIVE_MERGE
S1-625701810,candidate_present,S3-94291811,"S2-799240813,S2-306916397,S3-588575740",0.599192846365275,3,BOTH,0.30993109941482544,72.72727272727273,42.47787610619469,India,S3,3,FN_MATCHER_REJECTED
S1-625701810,candidate_present,NONE,S2-799240813,0.5103744716776382,5,SEMANTIC_ONLY,0.7542491555213928,11.538461538461542,57.377049180327866,India,S2,3,FP_FALSE_POSITIVE_MERGE
S1-424774284,candidate_present,S2-237416502,"S3-459038484,S3-501994128,S3-642791629,S3-420615529,S3-386253153,S2-4973835",0.5757504738952104,7,BOTH,0.1430724412202835,88.0,0.0,India,S2,6,FN_MATCHER_REJECTED
S1-424774284,candidate_present,NONE,S3-501994128,0.4874138014977619,27,CHAMPION_ONLY,0.8447421789169312,83.63636363636364,69.04761904761905,India,S3,6,FP_FALSE_POSITIVE_MERGE
S1-232493107,candidate_present,NONE,S2-978732118,0.898198313906598,2,BOTH,0.9830271601676941,100.0,63.33333333333333,India,S2,3,FP_FALSE_POSITIVE_MERGE
S1-885485250,candidate_present,S2-144030669,S3-604415917,0.7602270651463093,1,BOTH,0.665261447429657,5.882352941176472,87.83783783783784,India,S2,2,FN_MATCHER_REJECTED
S1-221500207,candidate_present,NONE,S3-718176448,0.0,-1,CHAMPION_ONLY,1.0,53.84615384615385,35.08771929824561,India,S3,0,FP_FALSE_POSITIVE_MERGE
S1-936157856,candidate_missing,S2-302609562,S3-92624949,0.0,-1,NOT_IN_CANDS,0.0,10.526315789473683,47.78761061946902,India,S2,1,FN_CANDIDATE_MISS
S1-936157856,candidate_present,NONE,S3-92624949,0.0,-1,CHAMPION_ONLY,0.9262062907218933,100.0,0.0,India,S3,1,FP_FALSE_POSITIVE_MERGE
S1-530526337,candidate_missing,S3-40131318,"S3-988949920,S2-748526944,S3-553576705,S3-258566822,S3-441236050",0.0,-1,NOT_IN_CANDS,0.0,32.55813953488372,46.666666666666664,India,S3,6,FN_CANDIDATE_MISS
S1-331109597,candidate_present,S3-643046484,"S2-348611003,S3-905136946,S2-523101352",0.5836841620226701,4,SEMANTIC_ONLY,0.45916736125946045,9.999999999999998,80.35714285714286,India,S3,4,FN_MATCHER_REJECTED
S1-479288769,candidate_present,S2-875252284,"S2-444447732,S2-34123906,S2-337227639,S3-292008319,S3-444055834",0.46753726922290817,6,BOTH,0.24499018490314484,90.9090909090909,46.666666666666664,US,S2,6,FN_MATCHER_REJECTED
S1-688258410,candidate_present,NONE,S3-867491805,0.6959139685042826,4,BOTH,0.9945782423019409,93.02325581395348,83.11688311688312,US,S3,3,FP_FALSE_POSITIVE_MERGE
S1-410588754,candidate_missing,S3-585849539,"S2-343734979,S3-968256261,S3-914714358",0.400734693459153,28,NOT_IN_CANDS,0.0,14.28571428571429,50.847457627118644,India,S3,3,FN_CANDIDATE_MISS
S1-410588754,candidate_present,NONE,S3-914714358,0.47521749936082536,10,BOTH,0.9234848022460938,100.0,0.0,India,S3,3,FP_FALSE_POSITIVE_MERGE
S1-388364080,candidate_present,S2-281306972,"S3-905406843,S3-709003248,S3-983680235,S3-455984551",0.4411078037686078,4,BOTH,0.09739024192094803,17.391304347826086,48.4472049689441,India,S2,5,FN_MATCHER_REJECTED
S1-785251106,candidate_present,NONE,S3-221714804,0.7672507225700771,4,BOTH,0.9757977724075317,81.81818181818181,88.52459016393442,US,S3,4,FP_FALSE_POSITIVE_MERGE
S1-342284736,candidate_present,NONE,S3-699881102,0.8587457305080546,1,BOTH,0.9044086933135986,31.25,97.35449735449735,India,S3,0,FP_FALSE_POSITIVE_MERGE
S1-635244275,candidate_present,S3-430581644,"S3-189515052,S2-877476325,S2-483563067",0.590106947709163,4,BOTH,0.5814928412437439,90.32258064516128,0.0,US,S3,4,FN_MATCHER_REJECTED
S1-565043932,candidate_missing,S3-257030906,"S3-598346589,S2-821411433",0.0,-1,NOT_IN_CANDS,0.0,30.76923076923077,69.76744186046511,US,S3,3,FN_CANDIDATE_MISS
S1-426267364,candidate_missing,S2-380593256,"S3-338454829,S3-360060474,S3-25696406",0.0,-1,NOT_IN_CANDS,0.0,11.32075471698113,47.05882352941176,India,S2,4,FN_CANDIDATE_MISS
S1-593017751,candidate_present,S2-5604414,"S3-19048639,S2-860116011,S2-758220477,S3-259390809,S2-651677983,S3-898380804",0.5278461215349655,8,BOTH,0.644762396812439,91.66666666666666,0.0,US,S2,6,FN_MATCHER_REJECTED
S1-593017751,candidate_present,NONE,S2-651677983,0.8555223788713274,6,BOTH,0.9508674740791321,87.27272727272728,97.43589743589743,US,S2,6,FP_FALSE_POSITIVE_MERGE
S1-861032717,candidate_missing,S3-549678242,S3-15869263,0.0,-1,NOT_IN_CANDS,0.0,71.42857142857143,0.0,US,S3,2,FN_CANDIDATE_MISS
S1-660211810,candidate_present,NONE,S3-288023658,0.8125361139058283,4,BOTH,0.8866646885871887,80.0,77.55102040816327,India,S3,3,FP_FALSE_POSITIVE_MERGE
S1-115182842,candidate_present,S2-464452285,"S3-176968062,S2-440934584",0.6675670105518368,3,BOTH,0.5741177201271057,51.61290322580645,81.57894736842105,US,S2,3,FN_MATCHER_REJECTED
S1-998633222,candidate_present,S2-10377882,S3-564769879,0.6844865167816384,1,SEMANTIC_ONLY,0.12992088496685028,10.344827586206895,80.0,India,S2,2,FN_MATCHER_REJECTED
S1-157963229,candidate_present,NONE,S3-657955081,0.8522644229791474,3,BOTH,0.8864653706550598,83.72093023255813,80.88235294117648,India,S3,3,FP_FALSE_POSITIVE_MERGE
S1-979442215,candidate_present,NONE,S2-292948374,0.887057897953359,1,BOTH,0.8131555914878845,74.07407407407408,95.08196721311475,US,S2,3,FP_FALSE_POSITIVE_MERGE
S1-259255930,candidate_present,S2-123600553,"S2-503748085,S3-838606316,S3-828283147,S3-165168999,S3-496113285,S2-848655909",0.5720960022295802,9,BOTH,0.023408068343997,61.53846153846154,71.64179104477613,US,S2,7,FN_MATCHER_REJECTED
S1-153500031,candidate_present,S3-973065130,S2-370765639,0.6120286970411992,2,BOTH,0.013829280622303486,58.82352941176471,73.33333333333334,US,S3,2,FN_MATCHER_REJECTED
S1-948190006,candidate_present,S2-907855984,"S2-337090143,S3-88444450,S2-927517619,S2-264466991,S2-479989070",0.8017893805526816,5,BOTH,0.08176084607839584,46.15384615384615,90.9090909090909,US,S2,6,FN_MATCHER_REJECTED
S1-329253583,candidate_missing,S3-329755813,"S3-764704621,S3-233525186,S3-85132065,S3-170628236",0.0,-1,NOT_IN_CANDS,0.0,82.05128205128204,0.0,India,S3,5,FN_CANDIDATE_MISS
S1-968115178,candidate_missing,S3-631409134,"S2-829035052,S2-331259618",0.0,-1,NOT_IN_CANDS,0.0,63.1578947368421,24.32432432432432,India,S3,3,FN_CANDIDATE_MISS
S1-7134901,candidate_present,S3-876196075,"S3-44708291,S2-624428997,S3-970268271",0.7045817826423787,4,BOTH,0.5947657823562622,54.54545454545454,80.70175438596492,US,S3,4,FN_MATCHER_REJECTED
S1-242951025,candidate_present,S2-322307164,"S3-366180818,S3-62845183,S2-119629475",0.7583653125372729,4,SEMANTIC_ONLY,0.42641690373420715,75.40983606557377,96.2962962962963,US,S2,4,FN_MATCHER_REJECTED
S1-372303053,candidate_present,NONE,S3-677843900,0.5671438069281042,3,BOTH,0.8340277671813965,100.0,0.0,US,S3,2,FP_FALSE_POSITIVE_MERGE
S1-36713743,candidate_present,NONE,S2-360814621,0.6759910559170194,4,BOTH,0.8077557682991028,92.6829268292683,0.0,US,S2,3,FP_FALSE_POSITIVE_MERGE
S1-571375750,candidate_present,S2-541183741,"S3-325662009,S3-319617359,S3-992012849",0.5963371557274515,4,BOTH,0.003029639832675457,15.789473684210531,78.04878048780488,India,S2,4,FN_MATCHER_REJECTED
S1-463587803,candidate_present,NONE,S2-91795503,0.954162308289101,2,BOTH,0.9172827005386353,88.60759493670886,94.73684210526316,India,S2,2,FP_FALSE_POSITIVE_MERGE
S1-225893224,candidate_present,NONE,S3-235156549,0.7903333441824927,3,BOTH,0.699774980545044,13.793103448275868,90.07633587786259,India,S3,2,FP_FALSE_POSITIVE_MERGE
S1-538382462,candidate_present,NONE,S2-462209134,0.7841919390518289,5,BOTH,0.9873856902122498,17.021276595744684,100.0,India,S2,4,FP_FALSE_POSITIVE_MERGE
S1-890829541,candidate_present,S3-158938087,"S3-734537723,S3-61180441",0.0,-1,CHAMPION_ONLY,0.34946680068969727,35.71428571428571,18.39080459770115,India,S3,3,FN_MATCHER_REJECTED
S1-190340180,candidate_present,S3-851326248,"S2-202289447,S2-40984985,S2-142441302",0.4902513995904377,4,BOTH,0.022153859958052635,26.315789473684216,69.44444444444444,US,S3,4,FN_MATCHER_REJECTED
S1-305709023,candidate_present,S3-967118669,"S3-162366300,S3-471571973,S2-961735337",0.5696182800979569,4,BOTH,0.37331295013427734,50.0,56.48854961832062,India,S3,4,FN_MATCHER_REJECTED
S1-295298897,candidate_present,S3-461891290,"S2-94333181,S3-583066213",0.38992328736742077,13,CHAMPION_ONLY,0.41197970509529114,77.77777777777779,0.0,India,S3,3,FN_MATCHER_REJECTED
S1-522029771,candidate_missing,S2-758823930,"S2-477393755,S2-72800139",0.33542826772116774,27,NOT_IN_CANDS,0.0,10.344827586206895,87.5,India,S2,4,FN_CANDIDATE_MISS
S1-522029771,candidate_present,S3-39737877,"S2-477393755,S2-72800139",0.44804366978867605,9,SEMANTIC_ONLY,0.17539356648921967,10.344827586206895,55.319148936170215,India,S3,4,FN_MATCHER_REJECTED
S1-404079969,candidate_present,NONE,S2-921134414,0.9095637155949909,1,BOTH,0.9754083156585693,82.05128205128204,98.7012987012987,India,S2,2,FP_FALSE_POSITIVE_MERGE
S1-120216304,candidate_missing,S3-762119795,"S3-328889197,S3-237519192,S3-419320782",0.0,-1,NOT_IN_CANDS,0.0,45.714285714285715,46.93877551020408,India,S3,4,FN_CANDIDATE_MISS
S1-979232639,candidate_missing,S3-478676800,"S2-192227062,S3-419785626",0.0,-1,NOT_IN_CANDS,0.0,7.14285714285714,41.379310344827594,India,S3,3,FN_CANDIDATE_MISS
S1-117189625,candidate_present,S2-716171226,"S2-309905398,S2-971836366,S3-252979260,S3-441413733",0.4286427334952562,24,CHAMPION_ONLY,0.006622960325330496,15.789473684210531,63.73626373626373,India,S2,5,FN_MATCHER_REJECTED
S1-416624771,candidate_present,S3-211702607,"S2-118461121,S2-311109691,S2-640030921,S2-589956035",0.4356570870096715,4,BOTH,0.5893570780754089,100.0,38.888888888888886,India,S3,6,FN_MATCHER_REJECTED
S1-416624771,candidate_present,S3-441102455,"S2-118461121,S2-311109691,S2-640030921,S2-589956035",0.0,-1,CHAMPION_ONLY,0.04809845983982086,91.30434782608697,38.888888888888886,India,S3,6,FN_MATCHER_REJECTED
S1-91134377,candidate_present,S3-948697643,"S3-839165218,S2-587732158,S3-565979654",0.0,-1,CHAMPION_ONLY,0.10555227845907211,60.60606060606061,32.786885245901644,India,S3,4,FN_MATCHER_REJECTED
S1-105397585,candidate_present,S3-297617221,"S3-760576373,S2-461513115,S3-211744715",0.6054930223362249,4,BOTH,0.3498769998550415,30.000000000000004,77.77777777777779,US,S3,4,FN_MATCHER_REJECTED
S1-987804994,candidate_present,S3-455510813,"S2-758660417,S2-84686241,S3-377713129,S3-389794534",0.4410587927342588,6,BOTH,0.00038695643888786435,30.76923076923077,71.7948717948718,US,S3,5,FN_MATCHER_REJECTED
S1-358797130,candidate_missing,S2-464216112,"S3-530239431,S3-748456094,S3-955494185",0.0,-1,NOT_IN_CANDS,0.0,10.81081081081081,43.67816091954023,India,S2,6,FN_CANDIDATE_MISS
S1-358797130,candidate_missing,S2-679070237,"S3-530239431,S3-748456094,S3-955494185",0.0,-1,NOT_IN_CANDS,0.0,10.81081081081081,43.67816091954023,India,S2,6,FN_CANDIDATE_MISS
S1-358797130,candidate_missing,S3-668811306,"S3-530239431,S3-748456094,S3-955494185",0.0,-1,NOT_IN_CANDS,0.0,10.81081081081081,45.78313253012048,India,S3,6,FN_CANDIDATE_MISS
S1-520168849,candidate_present,S2-197432155,S3-211303300,0.0,-1,CHAMPION_ONLY,0.33502447605133057,82.6086956521739,0.0,India,S2,2,FN_MATCHER_REJECTED
S1-898413991,candidate_present,S3-772193576,"S2-211293160,S2-222100370",0.6011694207225542,3,BOTH,0.6142629384994507,90.0,0.0,US,S3,3,FN_MATCHER_REJECTED
S1-544170333,candidate_present,S3-117068096,"S3-674196223,S3-660505848,S2-926817850",0.5928580983775684,5,BOTH,0.2652948796749115,86.79245283018868,0.0,US,S3,5,FN_MATCHER_REJECTED
S1-544170333,candidate_present,S3-98354274,"S3-674196223,S3-660505848,S2-926817850",0.8392247431926951,2,BOTH,0.6644617915153503,81.9672131147541,87.5,US,S3,5,FN_MATCHER_REJECTED
S1-453766911,candidate_missing,S2-549387268,"S2-559036681,S3-767163724",0.0,-1,NOT_IN_CANDS,0.0,66.66666666666667,0.0,India,S2,3,FN_CANDIDATE_MISS
S1-545910471,candidate_present,S3-20397833,"S3-227743595,S2-635594234",0.7339103602303418,2,SEMANTIC_ONLY,0.06989725679159164,16.666666666666664,76.76767676767678,India,S3,3,FN_MATCHER_REJECTED
S1-77028595,candidate_missing,S3-953770902,"S2-316403767,S2-809637396",0.0,-1,NOT_IN_CANDS,0.0,25.806451612903224,31.147540983606557,India,S3,3,FN_CANDIDATE_MISS
S1-837704863,candidate_present,S3-386638522,S3-340412608,0.5886326373986203,6,SEMANTIC_ONLY,0.3042867183685303,88.88888888888889,43.333333333333336,India,S3,2,FN_MATCHER_REJECTED
S1-163556256,candidate_missing,S2-839642042,"S3-203911406,S3-84389480,S3-495190949,S3-261433142,S3-844382543,S3-90637502",0.0,-1,NOT_IN_CANDS,0.0,12.5,45.45454545454546,India,S2,5,FN_CANDIDATE_MISS
S1-163556256,candidate_present,NONE,S3-203911406,0.3517414450035392,22,CHAMPION_ONLY,0.8138765096664429,38.46153846153846,25.210084033613445,India,S3,5,FP_FALSE_POSITIVE_MERGE
S1-163556256,candidate_present,NONE,S3-84389480,0.3648570844597591,16,CHAMPION_ONLY,0.8531159162521362,48.64864864864865,26.086956521739136,India,S3,5,FP_FALSE_POSITIVE_MERGE
S1-706930694,candidate_present,S3-461361668,"S2-372689362,S3-692084758,S2-936082130,S3-156847513",0.4748446885985768,6,BOTH,0.5594509840011597,80.0,0.0,US,S3,6,FN_MATCHER_REJECTED
S1-706930694,candidate_present,S3-653313277,"S2-372689362,S3-692084758,S2-936082130,S3-156847513",0.3984114211998848,14,CHAMPION_ONLY,0.40666964650154114,26.086956521739136,68.13186813186813,US,S3,6,FN_MATCHER_REJECTED
S1-356833714,candidate_present,S3-788956372,"S2-103339453,S2-954399186,S2-621113695",0.611101380975993,6,BOTH,0.026626596227288246,54.54545454545454,68.49315068493152,US,S3,4,FN_MATCHER_REJECTED
S1-78530283,candidate_present,NONE,S3-10359893,0.8330895555922658,3,BOTH,0.8487159013748169,78.43137254901961,91.12426035502959,India,S3,3,FP_FALSE_POSITIVE_MERGE
S1-921795519,candidate_missing,S3-311331587,"S2-242903627,S3-538365546",0.0,-1,NOT_IN_CANDS,0.0,24.390243902439025,90.56603773584906,US,S3,3,FN_CANDIDATE_MISS
S1-573137025,candidate_missing,S3-43489942,"S2-392223811,S3-393953881,S3-139173684",0.0,-1,NOT_IN_CANDS,0.0,11.32075471698113,72.28915662650603,India,S3,5,FN_CANDIDATE_MISS
S1-573137025,candidate_missing,S2-98496858,"S2-392223811,S3-393953881,S3-139173684",0.0,-1,NOT_IN_CANDS,0.0,11.32075471698113,29.032258064516125,India,S2,5,FN_CANDIDATE_MISS
S1-563130072,candidate_present,NONE,S3-162561469,0.7902719976291823,4,BOTH,0.9621094465255737,72.22222222222221,76.08695652173914,US,S3,3,FP_FALSE_POSITIVE_MERGE
S1-520689368,candidate_present,S2-69484134,"S2-581605505,S3-649911033",0.40470276344523604,9,SEMANTIC_ONLY,0.0012630309211090207,14.634146341463417,50.48543689320388,India,S2,3,FN_MATCHER_REJECTED
S1-923836709,candidate_present,S2-909024870,"S3-800595517,S2-48113294",0.4189655263449394,3,BOTH,0.6270691752433777,84.0,0.0,India,S2,3,FN_MATCHER_REJECTED
S1-786130365,candidate_missing,S3-289355501,"S3-704786987,S2-357191401,S2-270342611,S2-951927496,S2-454479276,S2-150730249",0.49103065176403865,18,NOT_IN_CANDS,0.0,65.38461538461539,39.28571428571429,India,S3,7,FN_CANDIDATE_MISS
S1-255643554,candidate_present,S3-481245344,S2-505985290,0.30932659352947783,26,CHAMPION_ONLY,0.02646157145500183,68.18181818181819,34.04255319148937,India,S3,3,FN_MATCHER_REJECTED
S1-255643554,candidate_missing,S3-336927608,S2-505985290,0.0,-1,NOT_IN_CANDS,0.0,68.57142857142857,34.04255319148937,India,S3,3,FN_CANDIDATE_MISS
S1-998996872,candidate_present,NONE,S2-493323895,0.47322759520557983,8,BOTH,0.8700534701347351,100.0,0.0,US,S2,3,FP_FALSE_POSITIVE_MERGE
S1-434184278,candidate_present,NONE,S2-285683438,0.5929675132043088,7,BOTH,0.7039968371391296,27.27272727272727,100.0,US,S2,5,FP_FALSE_POSITIVE_MERGE
S1-129024118,candidate_missing,S3-419268073,"S2-380676896,S2-473028795",0.0,-1,NOT_IN_CANDS,0.0,11.940298507462687,37.254901960784316,India,S3,3,FN_CANDIDATE_MISS
S1-81247490,candidate_present,NONE,S2-122716703,0.6622260558759356,4,BOTH,0.976879894733429,80.0,71.7948717948718,US,S2,3,FP_FALSE_POSITIVE_MERGE
S1-819139027,candidate_present,NONE,S2-774489449,0.3963087793324792,15,CHAMPION_ONLY,0.7913156151771545,100.0,0.0,US,S2,7,FP_FALSE_POSITIVE_MERGE
S1-375514866,candidate_present,S3-131856995,"S3-129670266,S2-472274236,S3-49445441,S2-668742649,S2-215350570,S3-821017992",0.7150895499297207,7,BOTH,0.573550820350647,82.35294117647058,0.0,US,S3,7,FN_MATCHER_REJECTED
S1-429293866,candidate_present,NONE,S2-571364614,0.5060518701413469,6,BOTH,0.9233360290527344,91.89189189189189,51.515151515151516,US,S2,4,FP_FALSE_POSITIVE_MERGE
S1-615903919,candidate_present,S2-547427973,S3-150523864,0.5157924440420895,4,BOTH,0.602575421333313,87.5,0.0,US,S2,3,FN_MATCHER_REJECTED
S1-615903919,candidate_present,S3-972283804,S3-150523864,0.5377803684997049,2,BOTH,0.3157278597354889,80.0,0.0,US,S3,3,FN_MATCHER_REJECTED
S1-60356357,candidate_present,S2-809642840,"S2-375959472,S3-903506948,S3-451353754,S3-713525736,S2-94706953,S2-383727686",0.6470971070498326,7,BOTH,0.5263574719429016,76.92307692307692,0.0,US,S2,6,FN_MATCHER_REJECTED
S1-60356357,candidate_present,NONE,S2-383727686,0.6971569149120797,6,BOTH,0.7166953086853027,71.11111111111111,92.5925925925926,US,S2,6,FP_FALSE_POSITIVE_MERGE
S1-796469414,candidate_present,S3-737893034,"S3-375077656,S2-352411064",0.0,-1,CHAMPION_ONLY,0.1507943719625473,39.02439024390244,34.34343434343434,India,S3,3,FN_MATCHER_REJECTED
S1-990705732,candidate_present,S3-222661517,"S3-605749607,S2-853257713,S2-303014792,S2-247857291",0.5572254280430011,5,BOTH,0.5033721327781677,82.75862068965517,55.81395348837209,India,S3,5,FN_MATCHER_REJECTED
S1-254935831,candidate_present,NONE,S2-904218423,0.6767378472776754,3,BOTH,0.9583863615989685,59.57446808510638,84.55284552845528,India,S2,2,FP_FALSE_POSITIVE_MERGE
S1-23685990,candidate_present,NONE,S3-942342040,0.6064903340672777,2,BOTH,0.7971594929695129,88.88888888888889,0.0,US,S3,1,FP_FALSE_POSITIVE_MERGE
S1-222115348,candidate_present,S2-10956131,"S3-345877468,S3-120573308,S3-842385755",0.6699378656360736,4,SEMANTIC_ONLY,0.00018554502457845956,45.833333333333336,54.400000000000006,India,S2,4,FN_MATCHER_REJECTED
S1-184544965,candidate_present,NONE,S2-967375215,0.6323483867503344,5,BOTH,0.8225684762001038,100.0,0.0,US,S2,4,FP_FALSE_POSITIVE_MERGE
S1-641436989,candidate_present,S2-709638500,"S3-87850564,S3-440330939,S3-606148197,S3-212491064,S2-336208223",0.4648534721066275,9,BOTH,0.0010524048702791333,31.57894736842105,70.58823529411764,US,S2,8,FN_MATCHER_REJECTED
S1-641436989,candidate_missing,S3-377319836,"S3-87850564,S3-440330939,S3-606148197,S3-212491064,S2-336208223",0.44449722853789764,15,NOT_IN_CANDS,0.0,66.66666666666667,0.0,US,S3,8,FN_CANDIDATE_MISS
S1-641436989,candidate_missing,S2-92430590,"S3-87850564,S3-440330939,S3-606148197,S3-212491064,S2-336208223",0.0,-1,NOT_IN_CANDS,0.0,52.94117647058824,0.0,US,S2,8,FN_CANDIDATE_MISS
S1-538163501,candidate_missing,S2-832458802,"S3-188794201,S3-167038607,S3-774715777,S3-328209369,S2-544924280",0.0,-1,NOT_IN_CANDS,0.0,70.0,0.0,US,S2,5,FN_CANDIDATE_MISS
S1-538163501,candidate_present,NONE,S3-328209369,0.5137024634207943,6,BOTH,0.8303466439247131,100.0,0.0,US,S3,5,FP_FALSE_POSITIVE_MERGE
S1-647946220,candidate_present,S3-651054143,"S2-325010057,S3-632565214",0.5728943403404799,6,BOTH,0.02593480423092842,19.999999999999996,43.99999999999999,India,S3,4,FN_MATCHER_REJECTED
S1-647946220,candidate_present,S3-741562582,"S2-325010057,S3-632565214",0.0,-1,CHAMPION_ONLY,0.6070935726165771,76.47058823529412,0.0,India,S3,4,FN_MATCHER_REJECTED
S1-960667125,candidate_present,NONE,S3-955333586,0.7411010372116927,1,BOTH,0.7824397087097168,93.33333333333333,0.0,US,S3,0,FP_FALSE_POSITIVE_MERGE
S1-204812685,candidate_present,S2-421259523,"S2-640867781,S2-832795869,S2-528072142,S3-669437807",0.0,-1,CHAMPION_ONLY,0.06748493760824203,83.33333333333334,0.0,India,S2,5,FN_MATCHER_REJECTED
S1-768342196,candidate_missing,S2-480346373,"S3-189893840,S2-338578589,S3-928132521",0.0,-1,NOT_IN_CANDS,0.0,11.32075471698113,43.56435643564357,India,S2,4,FN_CANDIDATE_MISS
S1-387635984,candidate_missing,S2-145355448,S3-349019095,0.0,-1,NOT_IN_CANDS,0.0,13.33333333333333,52.52525252525253,India,S2,2,FN_CANDIDATE_MISS
S1-421719190,candidate_missing,S3-606362112,"S2-997616648,S3-354127588",0.0,-1,NOT_IN_CANDS,0.0,12.765957446808507,46.97986577181208,India,S3,3,FN_CANDIDATE_MISS
S1-952564053,candidate_present,S3-605071681,"S2-383796201,S2-366607120,S2-955148962",0.4865894720651638,5,SEMANTIC_ONLY,0.0007668329053558409,14.634146341463417,58.94736842105264,India,S3,5,FN_MATCHER_REJECTED
S1-952564053,candidate_present,S2-181023344,"S2-383796201,S2-366607120,S2-955148962",0.5531659990113517,4,SEMANTIC_ONLY,0.49846914410591125,14.634146341463417,60.19417475728155,India,S2,5,FN_MATCHER_REJECTED
S1-558156533,candidate_present,S2-769828781,"S3-199778702,S3-445623775,S2-225939529,S2-981276938,S3-87343585,S2-170205869",0.5561807353370534,7,BOTH,0.06325595825910568,27.27272727272727,83.01886792452831,US,S2,7,FN_MATCHER_REJECTED
S1-829743661,candidate_present,S3-326111194,"S2-413541912,S3-834625388,S2-686499638,S2-512312721",0.46195650552698275,5,BOTH,0.06920432299375534,64.51612903225806,0.0,US,S3,5,FN_MATCHER_REJECTED
S1-106581142,candidate_present,S3-51885886,"S3-582965463,S2-231304326,S2-450022231",0.38808025530311224,5,SEMANTIC_ONLY,0.08224658668041229,28.57142857142857,47.19101123595506,India,S3,4,FN_MATCHER_REJECTED
S1-99545264,candidate_missing,S3-758264499,S2-747316437,0.0,-1,NOT_IN_CANDS,0.0,10.81081081081081,33.333333333333336,India,S3,2,FN_CANDIDATE_MISS
S1-842248062,candidate_present,NONE,S2-370980468,0.5820407025186393,10,BOTH,0.6936121582984924,19.999999999999996,78.78787878787878,India,S2,3,FP_FALSE_POSITIVE_MERGE
S1-842248062,candidate_present,NONE,S2-574076223,0.0,-1,CHAMPION_ONLY,0.8893927931785583,52.38095238095239,83.33333333333334,India,S2,3,FP_FALSE_POSITIVE_MERGE
S1-842248062,candidate_present,NONE,S3-997663638,0.0,-1,CHAMPION_ONLY,0.8974955677986145,85.71428571428572,35.820895522388064,India,S3,3,FP_FALSE_POSITIVE_MERGE
S1-719078259,candidate_present,S2-391162288,"S3-576323753,S3-112799533,S3-435326572",0.3884173657119091,16,CHAMPION_ONLY,0.0012520250165835023,27.27272727272727,38.33333333333333,India,S2,4,FN_MATCHER_REJECTED
S1-533233593,candidate_missing,S2-442878082,S3-362117116,0.0,-1,NOT_IN_CANDS,0.0,14.28571428571429,42.27642276422764,India,S2,2,FN_CANDIDATE_MISS
S1-222737969,candidate_present,S3-7330628,"S2-156111351,S2-660539541,S3-162659316,S3-718309684",0.437120659556686,24,CHAMPION_ONLY,0.3218365013599396,85.1063829787234,0.0,India,S3,6,FN_MATCHER_REJECTED
S1-222737969,candidate_present,S3-803680879,"S2-156111351,S2-660539541,S3-162659316,S3-718309684",0.6113969973370542,5,BOTH,0.656374990940094,48.88888888888889,78.0952380952381,India,S3,6,FN_MATCHER_REJECTED
S1-743818029,candidate_present,NONE,S2-365822846,0.6393431371351809,5,BOTH,0.9266064167022705,18.75,83.6734693877551,India,S2,4,FP_FALSE_POSITIVE_MERGE
S1-351961485,candidate_missing,S3-22610069,"S3-205311812,S2-521480213,S3-783457347",0.0,-1,NOT_IN_CANDS,0.0,22.22222222222222,43.103448275862064,India,S3,5,FN_CANDIDATE_MISS
S1-351961485,candidate_missing,S2-86133459,"S3-205311812,S2-521480213,S3-783457347",0.38117391812756074,26,NOT_IN_CANDS,0.0,12.0,66.66666666666667,India,S2,5,FN_CANDIDATE_MISS
S1-580220633,candidate_present,NONE,S2-105987335,0.3809503439207995,6,BOTH,0.9013577103614807,90.0,0.0,India,S2,2,FP_FALSE_POSITIVE_MERGE
S1-502145428,candidate_present,S3-426683603,"S2-440731637,S3-982507124,S2-207727511,S2-187784729",0.5023795736232366,5,BOTH,0.0021742680110037327,19.999999999999996,68.75,US,S3,5,FN_MATCHER_REJECTED
S1-890744498,candidate_present,NONE,S2-43477357,0.6177872009233288,5,BOTH,0.7587583065032959,73.6842105263158,71.42857142857143,India,S2,4,FP_FALSE_POSITIVE_MERGE
S1-825774567,candidate_missing,S3-962279543,S2-184942238,0.0,-1,NOT_IN_CANDS,0.0,11.111111111111116,22.55639097744361,India,S3,2,FN_CANDIDATE_MISS
S1-460719022,candidate_present,S3-514581778,"S3-743980699,S3-559357908,S3-216381692",0.6021681043405391,4,BOTH,0.6038066148757935,85.71428571428572,0.0,US,S3,6,FN_MATCHER_REJECTED
S1-460719022,candidate_present,S2-221510261,"S3-743980699,S3-559357908,S3-216381692",0.6021681043405391,5,BOTH,0.633586049079895,85.71428571428572,0.0,US,S2,6,FN_MATCHER_REJECTED
S1-460719022,candidate_present,S3-602049586,"S3-743980699,S3-559357908,S3-216381692",0.46153196116157125,7,BOTH,0.01408113818615675,58.53658536585367,0.0,US,S3,6,FN_MATCHER_REJECTED
S1-182298055,candidate_present,S3-359623545,"S2-625045406,S3-403301238,S3-465281387,S2-114366036",0.562958316042671,6,BOTH,0.358051061630249,81.08108108108108,54.86725663716814,India,S3,5,FN_MATCHER_REJECTED
S1-517036175,candidate_missing,S2-520024719,"S3-209265199,S3-917709570,S3-817366043",0.0,-1,NOT_IN_CANDS,0.0,9.523809523809524,55.35714285714286,India,S2,4,FN_CANDIDATE_MISS
S1-247777402,candidate_present,NONE,S2-691003831,0.7531642704963395,4,SEMANTIC_ONLY,0.8226812481880188,51.06382978723405,96.05263157894737,India,S2,3,FP_FALSE_POSITIVE_MERGE
S1-410313393,candidate_missing,S2-244510763,S2-471413839,0.0,-1,NOT_IN_CANDS,0.0,82.35294117647058,0.0,India,S2,2,FN_CANDIDATE_MISS
S1-255610553,candidate_present,NONE,S3-318430934,0.7849649421171981,8,SEMANTIC_ONLY,0.7722798585891724,80.0,64.34782608695653,India,S3,2,FP_FALSE_POSITIVE_MERGE
S1-255610553,candidate_present,NONE,S3-323691188,0.821910428338758,5,SEMANTIC_ONLY,0.7510316371917725,72.72727272727273,77.58620689655173,India,S3,2,FP_FALSE_POSITIVE_MERGE
S1-255610553,candidate_present,NONE,S3-590195752,0.8716890273327884,2,SEMANTIC_ONLY,0.9500241279602051,80.0,77.58620689655173,India,S3,2,FP_FALSE_POSITIVE_MERGE
S1-501147825,candidate_present,S2-427542111,"S2-145352834,S2-155851895",0.7494415602776783,3,BOTH,0.6640586853027344,77.77777777777779,77.85234899328859,India,S2,4,FN_MATCHER_REJECTED
S1-501147825,candidate_present,S3-686512377,"S2-145352834,S2-155851895",0.559955687413955,4,BOTH,0.09650064259767532,88.23529411764706,42.592592592592595,India,S3,4,FN_MATCHER_REJECTED
S1-993609628,candidate_present,S2-543100500,"S3-391802865,S3-106162052",0.6202676513413454,2,BOTH,0.47735196352005005,50.0,76.66666666666666,US,S2,3,FN_MATCHER_REJECTED
S1-263818576,candidate_present,S2-383146257,"S2-170694207,S3-680445389,S2-991598869",0.6469654089057671,4,BOTH,0.15655450522899628,71.42857142857143,0.0,US,S2,4,FN_MATCHER_REJECTED
S1-314561800,candidate_present,S3-908144349,"S2-710940398,S2-437974166,S3-73779053,S2-314517314",0.3642619413954139,6,BOTH,0.6790876388549805,90.625,0.0,India,S3,5,FN_MATCHER_REJECTED
S1-330742697,candidate_present,S2-308366908,"S2-776169932,S3-187230239,S2-330220788",0.3983934394113547,19,CHAMPION_ONLY,0.0010028958786278963,56.25,55.81395348837209,US,S2,4,FN_MATCHER_REJECTED
S1-607884731,candidate_missing,S3-939516170,"S2-234058812,S3-706402127",0.0,-1,NOT_IN_CANDS,0.0,10.71428571428571,30.98591549295775,India,S3,3,FN_CANDIDATE_MISS
S1-656907129,candidate_missing,S2-810171121,"S2-326331079,S2-885530442,S3-644074141,S3-46672214",0.0,-1,NOT_IN_CANDS,0.0,12.0,54.01459854014598,India,S2,5,FN_CANDIDATE_MISS
S1-656907129,candidate_missing,S3-866035631,"S2-326331079,S2-885530442,S3-644074141,S3-46672214",0.0,-1,NOT_IN_CANDS,0.0,12.0,46.15384615384615,India,S3,5,FN_CANDIDATE_MISS
S1-656907129,candidate_present,NONE,S3-46672214,0.3956898558731047,30,CHAMPION_ONLY,0.9154608845710754,100.0,0.0,India,S3,5,FP_FALSE_POSITIVE_MERGE
S1-62013228,candidate_missing,S2-362803451,"S2-228901599,S3-245938099,S3-111344775,S3-308721892,S3-267413582,S3-963695385,S2-164846220,S2-984665660",0.34359579153147496,15,NOT_IN_CANDS,0.0,12.903225806451612,54.54545454545454,India,S2,9,FN_CANDIDATE_MISS
S1-602338402,candidate_missing,S2-109947876,"S3-185406374,S3-381699862,S2-66565500,S3-459144191,S3-185736461",0.0,-1,NOT_IN_CANDS,0.0,11.538461538461542,63.33333333333333,India,S2,6,FN_CANDIDATE_MISS
S1-211017191,candidate_present,S3-534436607,S2-307032576,0.6588995689941232,2,BOTH,0.04162398353219032,66.66666666666667,0.0,US,S3,2,FN_MATCHER_REJECTED
S1-876713446,candidate_present,S2-278503106,"S3-884175196,S2-159979785,S3-850100059,S3-900248647",0.49532520965769483,5,BOTH,0.1727636754512787,71.11111111111111,0.0,US,S2,5,FN_MATCHER_REJECTED
S1-760888492,candidate_present,S3-268745505,S2-153950520,0.0,-1,CHAMPION_ONLY,0.6329501271247864,66.66666666666667,0.0,US,S3,2,FN_MATCHER_REJECTED
S1-757896798,candidate_present,S3-903631032,"S2-340735117,S2-157178063,S2-562656790,S3-524590178,S3-150414041,S3-340044857",0.8079487325947553,6,BOTH,0.17445161938667297,61.81818181818181,79.36507936507937,US,S3,7,FN_MATCHER_REJECTED
S1-927783044,candidate_present,S2-847756036,"S2-754559035,S3-885152988,S2-437957365,S2-334501552,S2-262316268",0.4743534340556582,12,CHAMPION_ONLY,0.2465173453092575,68.57142857142857,65.75342465753424,US,S2,6,FN_MATCHER_REJECTED
S1-631761609,candidate_missing,S2-890113107,"S2-927282966,S2-581694497,S3-298983523",0.3747333284487642,15,NOT_IN_CANDS,0.0,11.764705882352944,69.6969696969697,India,S2,4,FN_CANDIDATE_MISS
S1-660874497,candidate_present,S2-179888322,"S2-252781492,S2-904116641,S2-900909086",0.5683666958776973,4,BOTH,0.46635788679122925,73.33333333333334,0.0,US,S2,4,FN_MATCHER_REJECTED
S1-491499290,candidate_present,NONE,S3-882298331,0.0,-1,CHAMPION_ONLY,0.8999940752983093,60.86956521739131,49.504950495049506,India,S3,4,FP_FALSE_POSITIVE_MERGE
S1-683886830,candidate_missing,S3-371224750,"S2-78921823,S2-31724892,S3-172899164,S3-851103142",0.0,-1,NOT_IN_CANDS,0.0,48.275862068965516,0.0,India,S3,6,FN_CANDIDATE_MISS
S1-683886830,candidate_present,S3-656427480,"S2-78921823,S2-31724892,S3-172899164,S3-851103142",0.3723110607062918,7,SEMANTIC_ONLY,0.3413173258304596,8.695652173913048,37.2093023255814,India,S3,6,FN_MATCHER_REJECTED
S1-632224828,candidate_present,NONE,S2-510514014,0.8463892087166868,4,BOTH,0.7965468764305115,56.60377358490566,95.89041095890411,India,S2,4,FP_FALSE_POSITIVE_MERGE
S1-283065445,candidate_present,S3-783605026,S2-409569710,0.0,-1,CHAMPION_ONLY,0.05749502405524254,74.28571428571429,45.28301886792453,India,S3,2,FN_MATCHER_REJECTED
S1-522792425,candidate_present,S3-848224126,"S3-388545866,S2-188652578,S2-956774631,S2-965129533,S2-898022179",0.5398825122745986,6,SEMANTIC_ONLY,0.008894500322639942,72.72727272727273,59.45945945945945,US,S3,7,FN_MATCHER_REJECTED
S1-522792425,candidate_present,S3-410487821,"S3-388545866,S2-188652578,S2-956774631,S2-965129533,S2-898022179",0.5128149695111268,7,BOTH,0.5939275026321411,45.45454545454546,62.33766233766234,US,S3,7,FN_MATCHER_REJECTED
S1-912952966,candidate_present,S3-521449417,"S2-652873977,S2-919876484,S3-703044513,S2-872464756",0.4138220166740888,8,BOTH,0.15884597599506378,25.806451612903224,70.88607594936708,US,S3,5,FN_MATCHER_REJECTED
S1-101190186,candidate_missing,S2-344947353,"S2-463300327,S3-892881983,S3-317949715,S3-172087573",0.0,-1,NOT_IN_CANDS,0.0,12.244897959183676,52.23880597014925,India,S2,5,FN_CANDIDATE_MISS
S1-556801159,candidate_present,S2-964481916,"S3-113082198,S3-442976345,S2-908092890,S3-563982072",0.5809935770831033,4,BOTH,0.6058220267295837,29.268292682926834,100.0,US,S2,5,FN_MATCHER_REJECTED
S1-36503088,candidate_missing,S2-29324575,"S2-433557914,S2-387686909,S3-957466890",0.0,-1,NOT_IN_CANDS,0.0,8.888888888888891,62.295081967213115,India,S2,4,FN_CANDIDATE_MISS
S1-216630681,candidate_present,S2-282220533,"S2-549240994,S2-598366679,S3-441313900,S3-273742749",0.5982053067612418,5,BOTH,0.5170769691467285,75.67567567567568,0.0,US,S2,5,FN_MATCHER_REJECTED
S1-135974824,candidate_missing,S2-859035662,"S3-41634808,S2-802404459,S3-475038520,S3-434239879",0.0,-1,NOT_IN_CANDS,0.0,10.71428571428571,42.3728813559322,India,S2,6,FN_CANDIDATE_MISS
S1-135974824,candidate_missing,S3-159446464,"S3-41634808,S2-802404459,S3-475038520,S3-434239879",0.0,-1,NOT_IN_CANDS,0.0,10.71428571428571,36.8421052631579,India,S3,6,FN_CANDIDATE_MISS
S1-593702237,candidate_present,S3-224075241,"S2-654062059,S2-76800721",0.0,-1,CHAMPION_ONLY,0.002526933094486594,100.0,23.853211009174313,India,S3,3,FN_MATCHER_REJECTED
S1-600935743,candidate_missing,S2-347005800,"S2-890987089,S2-795834443,S2-849837958",0.3732495660221637,17,NOT_IN_CANDS,0.0,12.5,51.546391752577314,India,S2,4,FN_CANDIDATE_MISS
S1-267780177,candidate_present,NONE,S2-192524520,0.39293336247091815,7,SEMANTIC_ONLY,0.8349262475967407,91.42857142857143,0.0,US,S2,2,FP_FALSE_POSITIVE_MERGE
S1-946885324,candidate_present,S2-308803171,"S2-301515756,S3-219791093",0.3560745852931327,15,CHAMPION_ONLY,0.0020503040868788958,38.095238095238095,34.0,India,S2,3,FN_MATCHER_REJECTED
S1-594497707,candidate_present,S3-48627366,"S2-231058057,S2-751955281,S3-969676756,S2-339336192,S3-251048207,S3-862056216",0.7606515791120151,6,BOTH,0.6260965466499329,88.0,63.829787234042556,India,S3,7,FN_MATCHER_REJECTED
S1-776453630,candidate_present,S2-757081968,"S2-169264029,S3-971110676,S3-463743983",0.42257911524981523,5,BOTH,0.03864511847496033,70.58823529411764,0.0,US,S2,5,FN_MATCHER_REJECTED
S1-776453630,candidate_present,S2-116320083,"S2-169264029,S3-971110676,S3-463743983",0.6364130542992331,4,SEMANTIC_ONLY,0.1387273073196411,16.666666666666664,94.5945945945946,US,S2,5,FN_MATCHER_REJECTED
S1-605666486,candidate_missing,S3-586380751,"S2-865779185,S2-861791210",0.0,-1,NOT_IN_CANDS,0.0,13.559322033898303,32.18390804597702,India,S3,5,FN_CANDIDATE_MISS
S1-605666486,candidate_missing,S2-758581252,"S2-865779185,S2-861791210",0.0,-1,NOT_IN_CANDS,0.0,13.559322033898303,40.40404040404041,India,S2,5,FN_CANDIDATE_MISS
S1-605666486,candidate_missing,S2-48524688,"S2-865779185,S2-861791210",0.0,-1,NOT_IN_CANDS,0.0,13.559322033898303,43.29896907216495,India,S2,5,FN_CANDIDATE_MISS
S1-778442477,candidate_missing,S2-28045503,"S2-914271325,S3-285840637,S2-955692773,S2-261796240",0.41564015979355856,21,NOT_IN_CANDS,0.0,76.59574468085107,0.0,US,S2,5,FN_CANDIDATE_MISS
S1-253960987,candidate_present,S3-289247393,"S2-717519883,S2-634518520",0.39352589994924836,24,CHAMPION_ONLY,0.0025041010230779648,50.0,28.865979381443296,India,S3,3,FN_MATCHER_REJECTED
S1-920406397,candidate_present,S2-212458378,,0.6168412557531483,1,SEMANTIC_ONLY,0.2840159237384796,10.909090909090914,77.89473684210526,India,S2,1,FN_MATCHER_REJECTED
S1-96335666,candidate_present,S3-761029389,"S2-7863797,S2-513032445,S3-456922527,S3-371046641,S3-572644791",0.0,-1,CHAMPION_ONLY,0.02869478613138199,90.0,28.148148148148145,India,S3,7,FN_MATCHER_REJECTED
S1-96335666,candidate_present,S3-394091292,"S2-7863797,S2-513032445,S3-456922527,S3-371046641,S3-572644791",0.358873261636663,15,CHAMPION_ONLY,0.0004826773074455559,68.08510638297872,32.06106870229007,India,S3,7,FN_MATCHER_REJECTED
S1-737084148,candidate_present,S3-768789512,"S3-221839615,S2-513650266,S2-709152813,S2-62602590,S3-660616233",0.5883519586781261,8,BOTH,0.026567675173282623,70.0,62.42038216560509,India,S3,6,FN_MATCHER_REJECTED
S1-849049594,candidate_missing,S2-706145368,"S2-543237042,S3-216835525,S2-507648852,S3-205370920",0.49640824718277926,14,NOT_IN_CANDS,0.0,29.411764705882348,61.855670103092784,India,S2,5,FN_CANDIDATE_MISS
S1-892358282,candidate_present,S2-14775152,"S3-9664853,S2-793906129,S3-378667723",0.8244185919709374,3,BOTH,0.6532546281814575,54.54545454545454,81.15942028985508,US,S2,4,FN_MATCHER_REJECTED
S1-377090770,candidate_present,S3-317705473,"S2-307432760,S3-618956609",0.4460771647846157,4,BOTH,0.5793443918228149,83.33333333333334,0.0,US,S3,3,FN_MATCHER_REJECTED
S1-593131633,candidate_present,S3-82579274,"S2-252286028,S3-304695497",0.7017052090071668,3,BOTH,0.04285860061645508,36.36363636363637,93.33333333333333,India,S3,3,FN_MATCHER_REJECTED
S1-966390262,candidate_present,S2-386268013,"S3-279142489,S2-948120168",0.4650260107166091,3,SEMANTIC_ONLY,0.0036097101401537657,80.0,0.0,US,S2,3,FN_MATCHER_REJECTED
S1-656226670,candidate_missing,S3-767874925,"S2-371522469,S3-547543119,S3-432263597,S2-254675553,S2-417606312,S2-865660699",0.25116897068771177,20,NOT_IN_CANDS,0.0,40.0,79.3103448275862,US,S3,7,FN_CANDIDATE_MISS
S1-568428500,candidate_missing,S3-677752526,"S2-116962823,S2-202684274",0.0,-1,NOT_IN_CANDS,0.0,91.66666666666666,0.0,India,S3,3,FN_CANDIDATE_MISS
S1-183137601,candidate_present,NONE,S2-810171121,0.0,-1,CHAMPION_ONLY,0.7172655463218689,12.244897959183676,74.72527472527473,India,S2,2,FP_FALSE_POSITIVE_MERGE
S1-781585592,candidate_present,NONE,S3-270940676,0.5733233174752109,4,BOTH,0.8688878417015076,100.0,0.0,US,S3,2,FP_FALSE_POSITIVE_MERGE
S1-664125348,candidate_present,S3-358747048,"S2-276151053,S2-591860215,S3-284808813,S3-656884382",0.3187484910041966,24,CHAMPION_ONLY,0.16848255693912506,85.0,0.0,US,S3,5,FN_MATCHER_REJECTED
S1-889698574,candidate_present,NONE,S2-394608236,0.912603279088779,2,BOTH,0.8938021659851074,80.95238095238095,97.14285714285714,US,S2,3,FP_FALSE_POSITIVE_MERGE
S1-14159018,candidate_present,S2-619274513,"S3-985411986,S3-291671758,S3-797086351",0.0,-1,CHAMPION_ONLY,0.474046915769577,72.72727272727273,0.0,India,S2,4,FN_MATCHER_REJECTED
S1-199472642,candidate_present,S2-919127376,S2-502261049,0.4003283389860553,15,CHAMPION_ONLY,0.15148214995861053,13.33333333333333,61.53846153846154,India,S2,5,FN_MATCHER_REJECTED
S1-199472642,candidate_present,S3-547902356,S2-502261049,0.5030919509599078,6,BOTH,0.6355276107788086,86.48648648648648,45.54455445544554,India,S3,5,FN_MATCHER_REJECTED
S1-199472642,candidate_present,S2-177088090,S2-502261049,0.0,-1,CHAMPION_ONLY,0.043758753687143326,13.33333333333333,55.172413793103445,India,S2,5,FN_MATCHER_REJECTED
S1-199472642,candidate_present,S2-100285644,S2-502261049,0.4389130586443994,10,BOTH,0.24625264108181,15.384615384615385,61.53846153846154,India,S2,5,FN_MATCHER_REJECTED
S1-766377417,candidate_present,S2-231395728,"S2-838937031,S3-493888498,S3-972700971,S3-369911798",0.5251652481627433,6,BOTH,0.0489635244011879,69.76744186046511,62.06896551724138,US,S2,6,FN_MATCHER_REJECTED
S1-766377417,candidate_present,S3-539279884,"S2-838937031,S3-493888498,S3-972700971,S3-369911798",0.5284445214570757,5,BOTH,0.010999546386301517,69.76744186046511,58.18181818181818,US,S3,6,FN_MATCHER_REJECTED
S1-552406625,candidate_present,S2-765959253,"S3-263029909,S3-646547910",0.701180888102821,3,BOTH,0.6670966148376465,70.37037037037037,90.19607843137256,US,S2,3,FN_MATCHER_REJECTED
S1-171129315,candidate_missing,S3-385969678,"S2-867329621,S2-668712336",0.0,-1,NOT_IN_CANDS,0.0,10.71428571428571,34.42622950819673,India,S3,4,FN_CANDIDATE_MISS
S1-171129315,candidate_missing,S2-473230277,"S2-867329621,S2-668712336",0.0,-1,NOT_IN_CANDS,0.0,10.71428571428571,32.47863247863248,India,S2,4,FN_CANDIDATE_MISS
S1-526520368,candidate_present,S3-405472529,"S2-793231452,S2-820200167",0.6314992834155557,3,BOTH,0.19658230245113373,30.303030303030297,66.66666666666667,India,S3,3,FN_MATCHER_REJECTED
S1-743864993,candidate_present,NONE,S2-698397191,0.6471688950118455,3,BOTH,0.7176403403282166,83.87096774193549,0.0,US,S2,2,FP_FALSE_POSITIVE_MERGE
S1-302588323,candidate_present,S2-211136636,"S2-248587570,S3-674920447",0.5386752105349744,3,BOTH,0.20906366407871246,27.77777777777778,91.22807017543859,US,S2,3,FN_MATCHER_REJECTED
S1-39305329,candidate_missing,S3-815174461,"S2-891238283,S3-764383027,S2-560745429,S2-863502251,S3-760399253",0.0,-1,NOT_IN_CANDS,0.0,15.789473684210531,78.26086956521739,US,S3,6,FN_CANDIDATE_MISS
S1-161325793,candidate_present,NONE,S3-635424318,0.8164935097827158,1,BOTH,0.9072376489639282,76.92307692307692,81.31868131868131,India,S3,2,FP_FALSE_POSITIVE_MERGE
S1-975310221,candidate_present,NONE,S3-163697980,0.543626856951696,5,BOTH,0.8155461549758911,9.090909090909093,83.33333333333334,India,S3,4,FP_FALSE_POSITIVE_MERGE
S1-993841612,candidate_present,S2-269277729,"S3-177381288,S2-199919986,S2-423554722",0.46619583201066556,6,BOTH,0.34941986203193665,90.9090909090909,0.0,US,S2,4,FN_MATCHER_REJECTED
S1-885067039,candidate_present,S3-541538495,"S2-741368687,S3-269050716",0.44523542648385855,6,SEMANTIC_ONLY,0.023493686690926552,60.0,81.35593220338984,US,S3,4,FN_MATCHER_REJECTED
S1-885067039,candidate_present,S3-856439070,"S2-741368687,S3-269050716",0.5942350177062931,2,SEMANTIC_ONLY,0.22504964470863342,60.0,89.28571428571429,US,S3,4,FN_MATCHER_REJECTED
S1-839244643,candidate_present,NONE,S3-562191021,0.7591286662669716,5,BOTH,0.9304808378219604,25.0,83.07692307692307,India,S3,4,FP_FALSE_POSITIVE_MERGE
S1-706510565,candidate_missing,S3-290090802,"S3-792126398,S2-381519026,S3-801566651,S2-741968728",0.47891356900527776,17,NOT_IN_CANDS,0.0,24.242424242424242,54.28571428571429,India,S3,5,FN_CANDIDATE_MISS
S1-463741499,candidate_present,S2-258991701,"S3-269290863,S2-249415633,S2-70477053",0.6353802318426058,4,BOTH,0.536298930644989,86.56716417910448,0.0,US,S2,4,FN_MATCHER_REJECTED
S1-367418995,candidate_present,S3-190289866,"S3-455975989,S3-508828106",0.3700090948548736,25,CHAMPION_ONLY,0.17812877893447876,78.57142857142857,45.28301886792453,India,S3,3,FN_MATCHER_REJECTED
S1-322813591,candidate_present,NONE,S2-468895832,0.0,-1,CHAMPION_ONLY,1.0,61.224489795918366,37.93103448275862,India,S2,3,FP_FALSE_POSITIVE_MERGE
S1-434695777,candidate_present,S2-360250320,"S2-265326345,S2-527272672",0.888678690511698,3,BOTH,0.2879151999950409,76.36363636363637,80.0,India,S2,3,FN_MATCHER_REJECTED
S1-288982338,candidate_present,S2-784932553,"S2-614865751,S3-82203838,S3-792365958,S3-80630857,S3-963178838",0.4341233353460638,6,SEMANTIC_ONLY,0.00325757940299809,33.333333333333336,57.377049180327866,India,S2,6,FN_MATCHER_REJECTED
S1-201673109,candidate_present,S2-627968409,"S3-120954123,S2-873338767,S3-63503057",0.0,-1,CHAMPION_ONLY,0.009275255724787712,11.538461538461542,51.66666666666666,India,S2,4,FN_MATCHER_REJECTED
S1-858430922,candidate_present,S2-543498975,"S3-283275191,S3-904858248,S2-137033520,S3-309704084,S2-885244523",0.8309256638740754,5,BOTH,0.26069164276123047,87.87878787878788,0.0,US,S2,6,FN_MATCHER_REJECTED
S1-228404555,candidate_present,S3-730062360,"S2-644419804,S2-659266514,S3-318083996",0.43986756374634545,5,BOTH,0.21432362496852875,20.68965517241379,70.96774193548387,US,S3,5,FN_MATCHER_REJECTED
S1-228404555,candidate_present,S2-620828478,"S2-644419804,S2-659266514,S3-318083996",0.5811631743990457,4,BOTH,0.21253931522369385,60.0,69.0909090909091,US,S2,5,FN_MATCHER_REJECTED
S1-454405054,candidate_present,S2-382783021,"S3-510492728,S2-926601671,S2-673892673,S3-998222823,S2-195164138",0.453126413732469,13,CHAMPION_ONLY,0.3404167890548706,45.45454545454546,63.63636363636363,US,S2,6,FN_MATCHER_REJECTED
S1-388044650,candidate_present,NONE,S3-520664909,0.6437188842546274,3,BOTH,0.8192793130874634,100.0,0.0,US,S3,2,FP_FALSE_POSITIVE_MERGE
S1-987797878,candidate_present,S2-665050779,"S3-534234050,S2-159224321,S3-724622631,S3-486174,S3-817447531",0.0,-1,CHAMPION_ONLY,0.2856619954109192,11.538461538461542,32.30769230769231,India,S2,6,FN_MATCHER_REJECTED
S1-10028299,candidate_missing,S3-50398053,"S2-491642179,S3-290628736,S3-126355568",0.0,-1,NOT_IN_CANDS,0.0,47.05882352941176,0.0,US,S3,4,FN_CANDIDATE_MISS
S1-957218587,candidate_present,NONE,S2-165142876,0.7210854320859872,4,BOTH,0.8339965343475342,95.0,0.0,US,S2,3,FP_FALSE_POSITIVE_MERGE
S1-616026342,candidate_present,S2-967224746,"S2-287642826,S2-69360072,S3-11558817",0.587130137750573,4,BOTH,0.6223134994506836,91.22807017543859,0.0,US,S2,4,FN_MATCHER_REJECTED
S1-461012885,candidate_present,S3-266757077,"S3-539297257,S3-307266885,S3-138322980,S2-561174988,S2-568160074,S2-793348581",0.0,-1,CHAMPION_ONLY,0.012438002973794937,76.47058823529412,0.0,US,S3,7,FN_MATCHER_REJECTED
S1-568507847,candidate_missing,S2-125709988,"S3-609278130,S2-182651833,S3-64364635",0.0,-1,NOT_IN_CANDS,0.0,10.909090909090914,53.09734513274336,India,S2,3,FN_CANDIDATE_MISS
S1-568507847,candidate_present,NONE,S2-182651833,0.0,-1,CHAMPION_ONLY,0.6907206177711487,11.111111111111116,45.652173913043484,India,S2,3,FP_FALSE_POSITIVE_MERGE
S1-625184406,candidate_missing,S2-250562706,"S3-236847023,S2-497678588,S2-676913094",0.0,-1,NOT_IN_CANDS,0.0,30.188679245283023,18.556701030927837,India,S2,4,FN_CANDIDATE_MISS
S1-707471734,candidate_missing,S3-462894505,"S2-990075414,S2-879720898,S2-295229348,S3-769793045",0.0,-1,NOT_IN_CANDS,0.0,14.28571428571429,40.0,India,S3,7,FN_CANDIDATE_MISS
S1-707471734,candidate_missing,S3-259531581,"S2-990075414,S2-879720898,S2-295229348,S3-769793045",0.0,-1,NOT_IN_CANDS,0.0,14.28571428571429,37.142857142857146,India,S3,7,FN_CANDIDATE_MISS
S1-707471734,candidate_missing,S3-770182722,"S2-990075414,S2-879720898,S2-295229348,S3-769793045",0.0,-1,NOT_IN_CANDS,0.0,14.28571428571429,37.142857142857146,India,S3,7,FN_CANDIDATE_MISS
S1-707471734,candidate_present,S3-319928278,"S2-990075414,S2-879720898,S2-295229348,S3-769793045",0.7150301772798049,5,BOTH,0.6730942726135254,32.25806451612904,100.0,India,S3,7,FN_MATCHER_REJECTED
S1-707471734,candidate_present,NONE,S3-769793045,0.486362755445303,10,BOTH,0.933342456817627,100.0,0.0,India,S3,7,FP_FALSE_POSITIVE_MERGE
S1-793779272,candidate_present,S2-538429113,"S3-643763240,S2-190340031,S2-27338244",0.6983920442111743,4,BOTH,0.3697778284549713,87.5,0.0,US,S2,4,FN_MATCHER_REJECTED
S1-784753227,candidate_present,S3-483566381,"S2-403687527,S3-154697167,S2-571375645,S2-375702479",0.4946889399924566,5,SEMANTIC_ONLY,0.152040496468544,86.66666666666667,64.1025641025641,US,S3,3,FN_MATCHER_REJECTED
S1-784753227,candidate_present,NONE,S2-571375645,0.605952711122589,3,BOTH,0.7622061371803284,90.9090909090909,0.0,US,S2,3,FP_FALSE_POSITIVE_MERGE
S1-784753227,candidate_present,NONE,S2-375702479,0.5856053590611203,4,BOTH,0.7185326218605042,85.71428571428572,0.0,US,S2,3,FP_FALSE_POSITIVE_MERGE
S1-972503359,candidate_present,NONE,S3-284545898,0.8581574592412176,1,BOTH,0.7788084149360657,72.72727272727273,91.61290322580645,India,S3,2,FP_FALSE_POSITIVE_MERGE
S1-625416714,candidate_present,NONE,S2-262651627,0.5730504133171949,2,BOTH,0.8396750688552856,100.0,0.0,US,S2,0,FP_FALSE_POSITIVE_MERGE
S1-793349082,candidate_present,S2-258310201,"S3-866509235,S3-917407427",0.0,-1,CHAMPION_ONLY,0.29776322841644287,64.28571428571428,0.0,US,S2,3,FN_MATCHER_REJECTED
S1-195834336,candidate_present,S3-15509962,"S2-739381059,S3-136240252,S3-918623495",0.6254544525932809,4,BOTH,0.6416494250297546,88.23529411764706,0.0,India,S3,4,FN_MATCHER_REJECTED
S1-508052111,candidate_present,S2-418546968,"S3-521550883,S2-154169856",0.47143083206182196,3,BOTH,0.0013108801795169711,61.53846153846154,50.93167701863355,India,S2,4,FN_MATCHER_REJECTED
S1-508052111,candidate_present,S2-341233412,"S3-521550883,S2-154169856",0.4203502820830205,5,SEMANTIC_ONLY,0.00011113799700979143,30.303030303030297,50.93167701863355,India,S2,4,FN_MATCHER_REJECTED
S1-899080240,candidate_present,S3-830530038,"S2-668424463,S3-605846132,S2-610124469,S3-384971975",0.5869583907488839,5,BOTH,0.673507034778595,84.7457627118644,0.0,US,S3,5,FN_MATCHER_REJECTED
S1-544379692,candidate_present,S2-868596316,"S3-500719776,S3-126184942,S3-393819191",0.4107397713545233,7,BOTH,0.07083907723426819,84.61538461538461,0.0,US,S2,4,FN_MATCHER_REJECTED
S1-774848541,candidate_missing,S2-880969832,"S3-873534933,S3-399788940,S2-197269906,S2-35747313,S3-36254598",0.0,-1,NOT_IN_CANDS,0.0,48.275862068965516,0.0,US,S2,6,FN_CANDIDATE_MISS
S1-409817554,candidate_present,S3-767990479,"S3-423684262,S2-714242260,S2-606160947",0.0,-1,CHAMPION_ONLY,0.1627187877893448,12.0,51.06382978723405,India,S3,4,FN_MATCHER_REJECTED
S1-440203228,candidate_missing,S3-55656528,S2-213903030,0.0,-1,NOT_IN_CANDS,0.0,12.5,37.89473684210526,India,S3,2,FN_CANDIDATE_MISS
S1-47994415,candidate_present,S2-889097327,"S2-722897272,S2-289172733,S3-560118095,S3-547305780,S3-582685771,S3-638588718",0.7237892277166983,7,BOTH,0.6692002415657043,19.999999999999996,77.89473684210526,India,S2,7,FN_MATCHER_REJECTED
S1-93990641,candidate_missing,S3-918235209,"S3-205971755,S3-693336769,S2-849526842,S2-60034755",0.0,-1,NOT_IN_CANDS,0.0,12.765957446808507,29.885057471264364,India,S3,5,FN_CANDIDATE_MISS
S1-308257020,candidate_present,NONE,S2-259641402,0.6864070171194777,6,BOTH,0.7024027705192566,26.086956521739136,98.18181818181819,US,S2,5,FP_FALSE_POSITIVE_MERGE
S1-680008372,candidate_present,S3-306689701,S2-474048096,0.0,-1,CHAMPION_ONLY,0.59791499376297,100.0,31.11111111111111,India,S3,3,FN_MATCHER_REJECTED
S1-680008372,candidate_present,S3-319382210,S2-474048096,0.0,-1,CHAMPION_ONLY,0.23303750157356262,100.0,31.11111111111111,India,S3,3,FN_MATCHER_REJECTED
S1-14437240,candidate_present,NONE,S3-10915426,0.4932527909744678,16,CHAMPION_ONLY,0.9978386163711548,100.0,34.5679012345679,India,S3,4,FP_FALSE_POSITIVE_MERGE
S1-490961175,candidate_present,NONE,S3-824013845,0.8354328134454713,5,BOTH,0.8640835881233215,88.23529411764706,87.09677419354838,US,S3,4,FP_FALSE_POSITIVE_MERGE
S1-22342832,candidate_present,S3-53652269,"S2-238333400,S3-311676359,S3-452834252,S2-170531490",0.5718884055838452,5,BOTH,0.45999276638031006,66.66666666666667,0.0,India,S3,5,FN_MATCHER_REJECTED
S1-130981760,candidate_present,S3-668716200,"S2-531295054,S2-293749115,S2-365871200,S3-427921013",0.5681228260857428,6,BOTH,0.43700382113456726,59.57446808510638,64.64646464646464,India,S3,5,FN_MATCHER_REJECTED
S1-360911062,candidate_present,S2-178336004,"S3-317319441,S3-684345680,S2-147560937,S2-870570819,S2-246631938",0.5044620332777171,6,BOTH,0.6489904522895813,93.75,0.0,US,S2,6,FN_MATCHER_REJECTED
S1-962138329,candidate_present,S3-216353340,"S2-788094872,S3-266764789",0.6154715478192343,3,BOTH,0.6443915963172913,61.53846153846154,83.54430379746836,US,S3,3,FN_MATCHER_REJECTED
S1-616232777,candidate_present,S2-254255107,"S3-956980917,S2-358187946,S3-913510209",0.37365686106973806,18,CHAMPION_ONLY,0.1804419904947281,83.01886792452831,0.0,India,S2,4,FN_MATCHER_REJECTED
S1-205814890,candidate_present,S3-760051254,"S3-871093,S2-588843734,S2-644671288,S3-933775165",0.4881519680731667,4,SEMANTIC_ONLY,0.0015616819728165865,37.735849056603776,76.05633802816901,US,S3,5,FN_MATCHER_REJECTED
S1-4344548,candidate_present,NONE,S2-670204189,0.8367877921557278,3,BOTH,0.985062837600708,80.76923076923077,86.02150537634408,India,S2,3,FP_FALSE_POSITIVE_MERGE
S1-931827058,candidate_present,S3-891428899,"S3-388438327,S2-321597168,S2-41501168",0.4069023242454112,5,BOTH,0.004134268965572119,40.0,43.28358208955224,India,S3,5,FN_MATCHER_REJECTED
S1-931827058,candidate_present,S3-276647736,"S3-388438327,S2-321597168,S2-41501168",0.45961557795091446,4,BOTH,0.6266620755195618,93.02325581395348,46.875,India,S3,5,FN_MATCHER_REJECTED
S1-846163628,candidate_present,S2-724782380,"S3-215177930,S3-230854181,S3-421136769,S2-688500914",0.39746948532941484,5,SEMANTIC_ONLY,0.14036943018436432,25.64102564102564,87.8048780487805,US,S2,5,FN_MATCHER_REJECTED
S1-976383283,candidate_missing,S3-210139553,"S2-961317062,S2-654333621",0.0,-1,NOT_IN_CANDS,0.0,13.11475409836066,32.14285714285714,India,S3,5,FN_CANDIDATE_MISS
S1-976383283,candidate_present,S2-983792793,"S2-961317062,S2-654333621",0.0,-1,CHAMPION_ONLY,0.10516533255577087,13.11475409836066,44.628099173553714,India,S2,5,FN_MATCHER_REJECTED
S1-976383283,candidate_present,S2-621554117,"S2-961317062,S2-654333621",0.0,-1,CHAMPION_ONLY,0.07200045138597488,13.11475409836066,32.20338983050848,India,S2,5,FN_MATCHER_REJECTED
S1-220619089,candidate_present,S3-129669925,"S3-765402955,S2-287533677",0.34779770533891874,21,CHAMPION_ONLY,0.07741163671016693,12.0,47.05882352941176,India,S3,3,FN_MATCHER_REJECTED
S1-830891960,candidate_present,NONE,S3-794369575,0.5224926877411922,9,SEMANTIC_ONLY,0.8075777292251587,50.0,41.9753086419753,India,S3,6,FP_FALSE_POSITIVE_MERGE
S1-775746787,candidate_missing,S2-874026038,"S2-896082099,S3-222312256,S3-772474363",0.0,-1,NOT_IN_CANDS,0.0,11.32075471698113,43.24324324324324,India,S2,4,FN_CANDIDATE_MISS
S1-501889863,candidate_present,S3-317282313,"S2-521816472,S2-885588543",0.45094819214887183,17,CHAMPION_ONLY,0.27427729964256287,90.19607843137256,0.0,India,S3,3,FN_MATCHER_REJECTED
S1-255014304,candidate_missing,S3-331985553,,0.42289682308146687,16,NOT_IN_CANDS,0.0,51.85185185185186,27.450980392156865,India,S3,1,FN_CANDIDATE_MISS
S1-369433612,candidate_present,S3-737752434,S2-201211091,0.40098283869644485,16,CHAMPION_ONLY,0.01704898104071617,81.81818181818181,35.44303797468354,India,S3,3,FN_MATCHER_REJECTED
S1-369433612,candidate_missing,S3-651048534,S2-201211091,0.37055189150292944,25,NOT_IN_CANDS,0.0,68.57142857142857,37.33333333333333,India,S3,3,FN_CANDIDATE_MISS
S1-55649452,candidate_present,S3-225460320,S2-379764996,0.5139065519271202,10,BOTH,0.11328818649053574,87.17948717948718,0.0,US,S3,3,FN_MATCHER_REJECTED
S1-55649452,candidate_present,S3-976526092,S2-379764996,0.49146363222778067,13,CHAMPION_ONLY,0.010262695141136646,31.25,65.45454545454545,US,S3,3,FN_MATCHER_REJECTED
S1-399433959,candidate_present,S3-609410320,S2-473110779,0.5647702635875613,2,BOTH,0.4026489853858948,83.72093023255813,0.0,US,S3,2,FN_MATCHER_REJECTED
S1-652238226,candidate_present,S2-118055572,"S3-536001604,S3-553404835",0.3522723414641966,7,BOTH,0.46941784024238586,94.11764705882352,0.0,India,S2,3,FN_MATCHER_REJECTED
S1-572343716,candidate_present,S3-46495808,"S2-145136014,S3-970482838",0.38428151878209,7,BOTH,0.07589903473854065,68.08510638297872,0.0,India,S3,3,FN_MATCHER_REJECTED
S1-470670887,candidate_present,S3-148740607,"S2-581970926,S2-219446202,S3-561584118,S2-359234286,S3-437397137,S2-218995258",0.39999245397851135,7,BOTH,0.4456888437271118,77.77777777777779,0.0,India,S3,7,FN_MATCHER_REJECTED
S1-540857690,candidate_present,S2-29080517,"S3-206228717,S3-617768710",0.7888547176464251,2,BOTH,0.6703455448150635,36.8421052631579,94.11764705882352,India,S2,3,FN_MATCHER_REJECTED
S1-624693230,candidate_present,S2-976889941,"S2-287471274,S3-607997203,S2-229114852",0.5067220005731277,5,BOTH,0.37299644947052,78.94736842105263,0.0,US,S2,4,FN_MATCHER_REJECTED
S1-739576263,candidate_present,S2-999050005,"S3-469274307,S2-605082717,S2-449049482,S3-762687811",0.0,-1,CHAMPION_ONLY,0.02238241210579872,43.90243902439024,49.09090909090909,India,S2,5,FN_MATCHER_REJECTED
S1-100545494,candidate_present,S2-552918384,"S2-156521042,S3-619241638,S3-239274229,S2-653176941,S2-858881266,S3-477540961",0.565253104623152,8,BOTH,0.41281917691230774,21.42857142857143,91.66666666666666,US,S2,8,FN_MATCHER_REJECTED
S1-100545494,candidate_present,S2-144732000,"S2-156521042,S3-619241638,S3-239274229,S2-653176941,S2-858881266,S3-477540961",0.844770201593868,6,BOTH,0.4879523813724518,48.275862068965516,91.66666666666666,US,S2,8,FN_MATCHER_REJECTED
S1-35831332,candidate_present,S2-620040847,"S3-539693479,S3-96580453,S2-892569876,S3-927248000,S3-839194887,S2-221469323,S3-617217160",0.4833109593679359,8,BOTH,0.5192746520042419,73.6842105263158,0.0,US,S2,8,FN_MATCHER_REJECTED
S1-949948557,candidate_present,S2-245172620,"S3-357004924,S2-476241234",0.581822904917605,2,SEMANTIC_ONLY,0.6165070533752441,15.000000000000002,54.54545454545454,India,S2,3,FN_MATCHER_REJECTED
S1-949948557,candidate_present,S2-731450644,"S3-357004924,S2-476241234",0.581822904917605,3,SEMANTIC_ONLY,0.6165070533752441,15.000000000000002,54.54545454545454,India,S2,3,FN_MATCHER_REJECTED
S1-949948557,candidate_present,NONE,S3-357004924,0.0,-1,CHAMPION_ONLY,0.8797423839569092,100.0,0.0,India,S3,3,FP_FALSE_POSITIVE_MERGE
S1-719223964,candidate_present,S3-287035173,"S2-828287211,S2-290995112,S3-860054551,S2-359374047,S3-111834048,S2-730692950",0.5774044845498247,7,BOTH,0.5587524175643921,88.37209302325581,0.0,US,S3,7,FN_MATCHER_REJECTED
S1-333878383,candidate_present,S3-698988464,"S3-371965333,S3-490763189",0.4894322908405903,3,BOTH,0.02551976963877678,75.75757575757575,0.0,US,S3,3,FN_MATCHER_REJECTED
S1-495177163,candidate_present,S3-257624172,"S3-490715898,S3-134917510,S2-982912460",0.0,-1,CHAMPION_ONLY,0.04398394003510475,60.0,0.0,India,S3,4,FN_MATCHER_REJECTED
S1-360026263,candidate_present,S2-78385488,"S3-539957781,S3-592773736,S2-123685759,S3-122323585",0.5102397889846063,5,BOTH,0.004464323632419109,65.38461538461539,0.0,US,S2,5,FN_MATCHER_REJECTED
S1-875466687,candidate_present,S2-367853028,"S3-249879071,S3-421913653,S3-991437001,S3-169448070,S3-528745570",0.3440028318558515,11,CHAMPION_ONLY,0.5920509696006775,58.33333333333333,0.0,India,S2,6,FN_MATCHER_REJECTED
S1-8612167,candidate_present,S3-335601989,"S3-682601833,S3-949105357,S2-968241707,S2-483684222",0.5768177219499598,5,BOTH,0.48178261518478394,80.70175438596492,0.0,India,S3,5,FN_MATCHER_REJECTED
S1-735379127,candidate_present,S2-990288343,"S2-814680133,S3-80485593",0.7812389049534696,2,BOTH,0.4403253197669983,83.33333333333334,0.0,US,S2,3,FN_MATCHER_REJECTED
S1-186076527,candidate_present,S2-34611303,S3-737333333,0.0,-1,CHAMPION_ONLY,0.46125224232673645,93.75,0.0,India,S2,2,FN_MATCHER_REJECTED
S1-533650484,candidate_present,S3-928127681,"S3-864656774,S2-73983722,S2-895585465,S3-407319938,S3-20408762",0.6275611201462941,7,BOTH,0.12500883638858795,80.95238095238095,0.0,US,S3,6,FN_MATCHER_REJECTED
S1-575085576,candidate_present,NONE,S3-67127445,0.5660941437174827,6,BOTH,0.7407150864601135,53.333333333333336,0.0,US,S3,3,FP_FALSE_POSITIVE_MERGE
S1-780744365,candidate_present,S3-797155805,"S2-997443612,S3-578133857,S2-772414753",0.6042701114888814,4,BOTH,0.5900583863258362,87.17948717948718,0.0,US,S3,4,FN_MATCHER_REJECTED
S1-999043072,candidate_missing,S2-708479023,"S3-37330996,S2-688155022,S3-541708100",0.0,-1,NOT_IN_CANDS,0.0,11.32075471698113,54.90196078431373,India,S2,4,FN_CANDIDATE_MISS
S1-305547695,candidate_present,S3-115830189,"S3-336582917,S3-222851035,S2-485232777,S3-250645309,S3-430024997",0.5725411988229605,6,BOTH,0.4073010981082916,82.35294117647058,0.0,US,S3,6,FN_MATCHER_REJECTED
S1-525970796,candidate_missing,S2-318943995,"S2-608080708,S3-350962027,S2-415476574,S3-212813105,S2-656982759,S3-687778264",0.0,-1,NOT_IN_CANDS,0.0,40.0,0.0,India,S2,7,FN_CANDIDATE_MISS
S1-525970796,candidate_missing,S3-148850107,"S2-608080708,S3-350962027,S2-415476574,S3-212813105,S2-656982759,S3-687778264",0.0,-1,NOT_IN_CANDS,0.0,90.32258064516128,0.0,India,S3,7,FN_CANDIDATE_MISS
S1-525970796,candidate_present,NONE,S3-212813105,0.5714663888759991,9,SEMANTIC_ONLY,0.7623737454414368,17.391304347826086,68.65671641791045,India,S3,7,FP_FALSE_POSITIVE_MERGE
S1-974748718,candidate_present,NONE,S3-364872562,0.820025615848578,3,BOTH,0.9172709584236145,25.0,92.1875,India,S3,2,FP_FALSE_POSITIVE_MERGE
S1-19302667,candidate_present,S2-452112134,"S3-516937527,S2-752165491,S2-925690008",0.6185831342635771,4,SEMANTIC_ONLY,0.02559414505958557,80.64516129032258,0.0,US,S2,4,FN_MATCHER_REJECTED
S1-375445832,candidate_present,S3-635499548,S2-963564545,0.38391221957023913,9,SEMANTIC_ONLY,6.226186087587848e-05,51.61290322580645,47.82608695652174,US,S3,2,FN_MATCHER_REJECTED
S1-443666662,candidate_present,S2-357306659,,0.6257438830843691,1,BOTH,0.42840874195098877,13.043478260869568,69.17293233082707,India,S2,1,FN_MATCHER_REJECTED
S1-83323678,candidate_present,S2-607936399,"S3-506984823,S2-618351240,S3-624760238,S3-394064366",0.4810139451128099,5,BOTH,0.0291238185018301,85.1063829787234,0.0,US,S2,5,FN_MATCHER_REJECTED
S1-111306630,candidate_present,S3-761396558,"S3-398534193,S3-14045346,S2-361282828",0.43781687518272316,10,SEMANTIC_ONLY,0.4993009567260742,54.054054054054056,44.705882352941174,India,S3,4,FN_MATCHER_REJECTED
S1-16456176,candidate_present,NONE,S2-819091818,0.802034116599695,4,BOTH,0.9286056756973267,81.08108108108108,80.64516129032258,US,S2,3,FP_FALSE_POSITIVE_MERGE
S1-378748289,candidate_present,S3-603856090,S3-516409494,0.47556372413510994,5,SEMANTIC_ONLY,0.009689967148005962,13.953488372093027,55.855855855855864,India,S3,6,FN_MATCHER_REJECTED
S1-378748289,candidate_present,S3-764831996,S3-516409494,0.5390475011948171,4,SEMANTIC_ONLY,0.05615083873271942,13.953488372093027,51.28205128205128,India,S3,6,FN_MATCHER_REJECTED
S1-378748289,candidate_present,S2-821598055,S3-516409494,0.5881984025651896,3,SEMANTIC_ONLY,0.00846273172646761,13.953488372093027,59.20000000000001,India,S2,6,FN_MATCHER_REJECTED
S1-378748289,candidate_present,S3-712322900,S3-516409494,0.6011725448242208,2,SEMANTIC_ONLY,0.44044923782348633,13.953488372093027,66.66666666666667,India,S3,6,FN_MATCHER_REJECTED
S1-378748289,candidate_present,S3-347864654,S3-516409494,0.45140882871654536,7,SEMANTIC_ONLY,0.10008492320775986,13.953488372093027,45.614035087719294,India,S3,6,FN_MATCHER_REJECTED
S1-620395561,candidate_missing,S3-814010830,"S2-45229891,S3-364245650",0.0,-1,NOT_IN_CANDS,0.0,11.32075471698113,41.0958904109589,India,S3,4,FN_CANDIDATE_MISS
S1-620395561,candidate_missing,S2-674518126,"S2-45229891,S3-364245650",0.0,-1,NOT_IN_CANDS,0.0,11.32075471698113,44.44444444444444,India,S2,4,FN_CANDIDATE_MISS
S1-312708836,candidate_present,NONE,S3-254490394,0.5875234022288653,4,BOTH,0.7379562854766846,90.47619047619048,0.0,US,S3,2,FP_FALSE_POSITIVE_MERGE
S1-670183914,candidate_present,S2-181918374,"S3-513609721,S2-600164897",0.6412669895460222,3,BOTH,0.13709409534931183,87.17948717948718,0.0,India,S2,3,FN_MATCHER_REJECTED
S1-966027321,candidate_present,S3-472664232,"S2-4379937,S3-843993154,S2-180000980,S3-363342458",0.33307151344999897,9,BOTH,0.04409674182534218,46.15384615384615,56.25,US,S3,5,FN_MATCHER_REJECTED
S1-216931030,candidate_present,S2-953618448,"S3-107363232,S3-124537234,S2-144030565,S2-213004624",0.4082369799563911,17,CHAMPION_ONLY,0.505864679813385,82.35294117647058,0.0,US,S2,5,FN_MATCHER_REJECTED
S1-590903721,candidate_present,NONE,S2-728685438,0.833469033096635,3,BOTH,0.9254944324493408,87.17948717948718,96.66666666666667,US,S2,3,FP_FALSE_POSITIVE_MERGE
S1-506051086,candidate_present,S2-255284863,"S3-974368536,S2-428220350,S3-810950056,S2-851729280,S3-956897181",0.0,-1,CHAMPION_ONLY,0.007678252179175615,12.765957446808507,56.60377358490566,India,S2,6,FN_MATCHER_REJECTED
S1-506051086,candidate_present,S3-630818547,"S3-974368536,S2-428220350,S3-810950056,S2-851729280,S3-956897181",0.4998739392361052,5,BOTH,0.5557650923728943,54.90196078431373,49.43820224719101,India,S3,6,FN_MATCHER_REJECTED
S1-506051086,candidate_present,NONE,S2-428220350,0.4615479593980002,6,SEMANTIC_ONLY,0.7107399702072144,96.2962962962963,0.0,India,S2,6,FP_FALSE_POSITIVE_MERGE
S1-651158793,candidate_missing,S2-508879589,"S2-273594837,S2-533761278,S3-780413175",0.0,-1,NOT_IN_CANDS,0.0,12.5,41.379310344827594,India,S2,4,FN_CANDIDATE_MISS
S1-821579094,candidate_present,S2-415264317,"S3-428119600,S3-368485037,S3-255010890,S3-595060759,S2-358806790",0.46512557618136746,7,SEMANTIC_ONLY,0.5400919914245605,19.047619047619047,59.62732919254658,India,S2,6,FN_MATCHER_REJECTED
S1-544682121,candidate_present,S2-301672756,"S3-243039341,S3-123095217,S3-313625671,S2-347454751",0.5188395613627375,5,BOTH,0.015868227928876877,13.33333333333333,55.49132947976878,India,S2,5,FN_MATCHER_REJECTED
S1-917191374,candidate_missing,S3-563195617,"S2-605938888,S3-618645675,S3-749339753",0.0,-1,NOT_IN_CANDS,0.0,11.764705882352944,59.45945945945945,India,S3,3,FN_CANDIDATE_MISS
S1-917191374,candidate_present,NONE,S3-749339753,0.0,-1,CHAMPION_ONLY,0.6963773965835571,100.0,20.895522388059707,India,S3,3,FP_FALSE_POSITIVE_MERGE
S1-408417846,candidate_present,S3-300188718,"S2-556040518,S3-568316389,S3-250655904",0.5312887270023536,26,CHAMPION_ONLY,0.23656344413757324,66.66666666666667,46.728971962616825,India,S3,4,FN_MATCHER_REJECTED
S1-408417846,candidate_present,S3-294631379,"S2-556040518,S3-568316389,S3-250655904",0.0,-1,CHAMPION_ONLY,0.02461003139615059,100.0,12.658227848101266,India,S3,4,FN_MATCHER_REJECTED
S1-408417846,candidate_present,NONE,S3-250655904,0.7326387550917851,3,BOTH,0.9597956538200378,22.22222222222222,83.43558282208589,India,S3,4,FP_FALSE_POSITIVE_MERGE
S1-554453312,candidate_missing,S2-614550614,"S2-75664586,S3-947625833,S3-135201140,S2-858248117,S2-276763411",0.0,-1,NOT_IN_CANDS,0.0,63.63636363636363,58.33333333333333,India,S2,6,FN_CANDIDATE_MISS
S1-596946418,candidate_missing,S2-675989169,"S3-827923545,S3-711417078,S2-666772132,S3-839413983,S3-616214517",0.0,-1,NOT_IN_CANDS,0.0,41.666666666666664,0.0,US,S2,6,FN_CANDIDATE_MISS
S1-379080162,candidate_present,S2-787793702,"S3-118007169,S3-586549163,S3-176305847",0.5405356103194268,12,CHAMPION_ONLY,0.647964358329773,11.538461538461542,73.33333333333334,India,S2,4,FN_MATCHER_REJECTED
S1-72372050,candidate_present,S2-146427971,"S2-567911693,S2-610417075,S3-689123417,S3-288159232,S3-679513338,S3-824170805",0.386887425570057,13,CHAMPION_ONLY,0.47261250019073486,80.0,49.64539007092199,India,S2,7,FN_MATCHER_REJECTED
S1-124565085,candidate_present,S2-475500566,"S3-274409765,S2-998964026,S2-860727218,S3-269789575",0.5408951040713791,6,BOTH,0.1357489824295044,12.5,69.4915254237288,India,S2,5,FN_MATCHER_REJECTED
S1-915931045,candidate_present,S2-527036259,"S2-115917611,S3-707264156",0.3100991383693352,20,CHAMPION_ONLY,0.014661476016044617,12.244897959183676,52.27272727272727,India,S2,4,FN_MATCHER_REJECTED
S1-915931045,candidate_present,S3-121896077,"S2-115917611,S3-707264156",0.0,-1,CHAMPION_ONLY,0.017399640753865242,12.244897959183676,44.15584415584416,India,S3,4,FN_MATCHER_REJECTED
S1-957471043,candidate_present,NONE,S2-959202199,0.919824568020859,5,BOTH,0.997347354888916,33.333333333333336,93.33333333333333,India,S2,4,FP_FALSE_POSITIVE_MERGE
S1-555072354,candidate_present,S3-533635806,"S3-91746490,S3-355007962",0.6516036878946494,3,SEMANTIC_ONLY,0.01846252754330635,12.903225806451612,75.0,India,S3,3,FN_MATCHER_REJECTED
S1-828597152,candidate_present,NONE,S2-46068596,0.5011575005148687,7,BOTH,0.8653417229652405,22.22222222222222,90.9090909090909,US,S2,5,FP_FALSE_POSITIVE_MERGE
S1-682004661,candidate_present,NONE,S3-721916884,0.8210738700606501,3,BOTH,0.9029125571250916,85.71428571428572,84.7457627118644,US,S3,3,FP_FALSE_POSITIVE_MERGE
S1-99821,candidate_present,S2-327669411,"S3-692815971,S3-589999431,S2-571543715,S2-598212988",0.674687503843662,4,SEMANTIC_ONLY,0.6273333430290222,9.090909090909093,48.611111111111114,India,S2,5,FN_MATCHER_REJECTED
S1-865233353,candidate_present,S3-291913114,"S2-241606588,S2-603984750",0.6667503106731285,3,SEMANTIC_ONLY,0.43004608154296875,10.344827586206895,85.98130841121495,India,S3,3,FN_MATCHER_REJECTED
S1-484394919,candidate_present,S3-572950432,"S3-867667936,S3-961390691,S2-759316882",0.5002991317390735,5,BOTH,0.26771679520606995,64.40677966101696,0.0,US,S3,4,FN_MATCHER_REJECTED
S1-68411138,candidate_present,S3-53538590,"S2-637944944,S3-418787481,S2-152073650,S2-156235791",0.5401232095339568,6,BOTH,0.00017705161008052528,73.6842105263158,40.40404040404041,India,S3,5,FN_MATCHER_REJECTED
S1-619790759,candidate_present,NONE,S2-181851707,0.6881032091172692,5,BOTH,0.8435574173927307,93.33333333333333,0.0,US,S2,4,FP_FALSE_POSITIVE_MERGE
S1-133029916,candidate_present,NONE,S2-936297456,0.7379994645638369,3,BOTH,0.7459710240364075,41.02564102564102,90.0,India,S2,3,FP_FALSE_POSITIVE_MERGE
S1-620158180,candidate_present,S2-656166363,S2-743243006,0.481296013460998,2,BOTH,0.10231247544288635,22.22222222222222,80.0,US,S2,2,FN_MATCHER_REJECTED
S1-423566267,candidate_present,S3-541638916,"S2-436236456,S3-477904510",0.5342925393358006,6,BOTH,0.6449849009513855,93.5483870967742,0.0,US,S3,3,FN_MATCHER_REJECTED
S1-805416046,candidate_present,NONE,S3-972329637,0.8707633893861496,5,BOTH,0.980157732963562,87.71929824561404,86.11111111111111,India,S3,4,FP_FALSE_POSITIVE_MERGE
S1-418292699,candidate_present,S3-144159129,"S3-464484692,S3-517327886,S2-512797502",0.6343927130340009,4,SEMANTIC_ONLY,0.5449316501617432,38.888888888888886,79.41176470588236,US,S3,4,FN_MATCHER_REJECTED
S1-378731227,candidate_present,S2-290115439,"S2-758751711,S3-567693435",0.579373950056338,3,BOTH,0.021357465535402298,72.72727272727273,61.01694915254237,US,S2,4,FN_MATCHER_REJECTED
S1-378731227,candidate_present,S2-53345568,"S2-758751711,S3-567693435",0.5209315905029586,4,BOTH,0.08175290375947952,66.66666666666667,61.01694915254237,US,S2,4,FN_MATCHER_REJECTED
S1-837399164,candidate_present,S3-229511072,"S3-416585396,S2-916988987,S2-526855459",0.3153824143659373,9,SEMANTIC_ONLY,0.04015862196683884,83.33333333333334,44.26229508196722,India,S3,3,FN_MATCHER_REJECTED
S1-837399164,candidate_present,NONE,S3-416585396,0.9306544500130166,2,BOTH,0.9792907238006592,66.66666666666667,89.13043478260869,India,S3,3,FP_FALSE_POSITIVE_MERGE
S1-82798076,candidate_present,S3-422955057,S2-908894711,0.7594523593250915,2,BOTH,0.3335803151130676,57.692307692307686,83.63636363636364,US,S3,2,FN_MATCHER_REJECTED
S1-689462468,candidate_present,S3-340047303,"S3-771517424,S3-477598186",0.3731929578672136,8,BOTH,0.009357466362416744,70.88607594936708,0.0,India,S3,3,FN_MATCHER_REJECTED
S1-971636809,candidate_present,S3-788144385,"S2-959057441,S3-420206582",0.5677413895419204,3,BOTH,0.6335113644599915,82.75862068965517,0.0,US,S3,3,FN_MATCHER_REJECTED
S1-391664892,candidate_missing,S3-260917600,"S2-710677380,S2-229774155,S3-346551715",0.4074425377498353,22,NOT_IN_CANDS,0.0,11.111111111111116,58.82352941176471,India,S3,5,FN_CANDIDATE_MISS
S1-391664892,candidate_missing,S3-841672111,"S2-710677380,S2-229774155,S3-346551715",0.0,-1,NOT_IN_CANDS,0.0,11.111111111111116,40.0,India,S3,5,FN_CANDIDATE_MISS
S1-844024478,candidate_missing,S2-995210620,"S3-432086158,S2-240486324,S2-479907313",0.3686532586486929,16,NOT_IN_CANDS,0.0,27.586206896551722,78.68852459016394,US,S2,4,FN_CANDIDATE_MISS
S1-115251266,candidate_present,S2-162506576,"S3-44267140,S3-182750248,S3-941000186,S3-870684653",0.7542935100125522,3,SEMANTIC_ONLY,0.3187251091003418,64.28571428571428,70.96774193548387,India,S2,5,FN_MATCHER_REJECTED
S1-801867049,candidate_present,S3-308178777,"S3-158646860,S2-339079362",0.45054571114339986,4,BOTH,0.27695631980895996,58.82352941176471,0.0,US,S3,3,FN_MATCHER_REJECTED
S1-201576549,candidate_present,S3-95555685,"S3-182624873,S2-793748437,S3-949751937,S2-706817206,S2-954601282",0.5452770712576399,6,BOTH,0.5146638751029968,68.57142857142857,77.61194029850746,US,S3,6,FN_MATCHER_REJECTED
S1-156011256,candidate_missing,S2-139194535,"S2-529776482,S2-676659168",0.0,-1,NOT_IN_CANDS,0.0,18.75,38.20224719101124,India,S2,3,FN_CANDIDATE_MISS
S1-267974855,candidate_present,S2-726288718,"S3-856426503,S2-487851320",0.530141475121635,4,BOTH,0.02775833010673523,83.33333333333334,0.0,US,S2,3,FN_MATCHER_REJECTED
S1-868074583,candidate_present,S2-901070769,"S3-133141122,S3-655437159",0.45699981817315255,3,BOTH,0.2735956907272339,80.0,0.0,US,S2,3,FN_MATCHER_REJECTED
S1-248948381,candidate_present,S3-472973476,"S2-390456057,S3-888918094",0.6184769229365867,3,BOTH,0.5811380743980408,87.5,0.0,India,S3,3,FN_MATCHER_REJECTED
S1-591847195,candidate_present,S3-659519980,"S2-316507033,S2-240339419,S2-180368317,S2-424686198,S3-941268956,S3-875431861",0.6748909693672902,7,BOTH,0.2181381732225418,57.14285714285714,87.27272727272728,US,S3,7,FN_MATCHER_REJECTED
S1-165422067,candidate_missing,S2-595759579,"S3-517616540,S3-924603579,S3-815943358",0.0,-1,NOT_IN_CANDS,0.0,53.333333333333336,0.0,India,S2,4,FN_CANDIDATE_MISS
S1-675065181,candidate_missing,S3-673673463,"S3-944787442,S2-799561,S3-50174912",0.0,-1,NOT_IN_CANDS,0.0,68.57142857142857,46.37681159420289,India,S3,4,FN_CANDIDATE_MISS
S1-675065181,candidate_missing,S3-884621418,"S3-944787442,S2-799561,S3-50174912",0.0,-1,NOT_IN_CANDS,0.0,13.636363636363635,49.63503649635036,India,S3,4,FN_CANDIDATE_MISS
S1-675065181,candidate_present,NONE,S3-944787442,0.45092717030947854,17,CHAMPION_ONLY,0.9061821103096008,100.0,31.404958677685947,India,S3,4,FP_FALSE_POSITIVE_MERGE
S1-186971947,candidate_present,NONE,S3-772220747,0.8153875081302256,5,BOTH,0.8836643099784851,75.40983606557377,93.5483870967742,US,S3,4,FP_FALSE_POSITIVE_MERGE
S1-732730477,candidate_present,NONE,S2-461000910,0.6247325829120837,1,SEMANTIC_ONLY,0.9510471820831299,47.61904761904761,76.31578947368422,US,S2,0,FP_FALSE_POSITIVE_MERGE
S1-942355854,candidate_present,S3-599699469,"S2-181812960,S3-127654078,S3-205639881,S2-592841671",0.8866519356978386,2,BOTH,0.5789771676063538,76.36363636363637,88.69565217391305,India,S3,5,FN_MATCHER_REJECTED
S1-326456971,candidate_present,NONE,S2-754673660,0.8770833884667422,1,BOTH,0.9880629181861877,81.25,93.5483870967742,US,S2,2,FP_FALSE_POSITIVE_MERGE
S1-99574491,candidate_present,S3-771302375,"S2-257793426,S3-107844003,S2-949992979,S3-372081522",0.7064479972144565,5,BOTH,0.5478150248527527,91.22807017543859,52.5,US,S3,5,FN_MATCHER_REJECTED
S1-348128308,candidate_present,NONE,S2-176608504,0.7697797466055685,9,SEMANTIC_ONLY,0.7423558831214905,88.60759493670886,77.77777777777779,US,S2,8,FP_FALSE_POSITIVE_MERGE
S1-514166392,candidate_present,NONE,S3-378208643,0.6122936740358643,1,BOTH,0.8537918925285339,91.66666666666666,0.0,US,S3,0,FP_FALSE_POSITIVE_MERGE
S1-924020849,candidate_present,S3-562470293,"S2-192075797,S2-504362063,S3-792645063",0.6427823176844769,4,BOTH,0.6681138873100281,81.4814814814815,0.0,US,S3,4,FN_MATCHER_REJECTED
S1-915421780,candidate_present,NONE,S2-452524427,0.9389141612564034,1,BOTH,0.7703061699867249,88.88888888888889,90.0398406374502,India,S2,2,FP_FALSE_POSITIVE_MERGE
S1-887874643,candidate_present,NONE,S3-90137492,0.0,-1,CHAMPION_ONLY,0.9174367189407349,88.37209302325581,65.57377049180329,India,S3,3,FP_FALSE_POSITIVE_MERGE
S1-31195783,candidate_present,NONE,S3-813710241,0.6601819559478103,6,BOTH,0.7332531213760376,78.57142857142857,70.4225352112676,US,S3,5,FP_FALSE_POSITIVE_MERGE
S1-880201597,candidate_present,S2-113694947,,0.6224055808072035,1,BOTH,0.3699330687522888,80.85106382978724,0.0,US,S2,1,FN_MATCHER_REJECTED
S1-19029866,candidate_present,S3-995962103,"S2-962056723,S3-483323364",0.5606231884160132,7,BOTH,0.5386769771575928,76.59574468085107,50.63291139240506,India,S3,3,FN_MATCHER_REJECTED
S1-99112718,candidate_present,S3-508995979,"S2-805156703,S3-705431967,S2-57437434",0.0,-1,CHAMPION_ONLY,0.03524024039506912,17.391304347826086,65.67164179104478,US,S3,4,FN_MATCHER_REJECTED
S1-590542187,candidate_present,NONE,S3-92624949,0.5020616586809011,7,BOTH,0.9080004692077637,100.0,0.0,India,S3,4,FP_FALSE_POSITIVE_MERGE
S1-931126388,candidate_present,S2-885056328,"S2-746659034,S2-933905629,S3-680144431,S3-731455011",0.7247799625906372,4,BOTH,0.5714672207832336,63.1578947368421,80.0,US,S2,5,FN_MATCHER_REJECTED
S1-520560165,candidate_present,S3-665711525,"S2-635497661,S3-109533885,S3-653062391,S3-903308931",0.0,-1,CHAMPION_ONLY,0.4897185266017914,10.526315789473683,48.64864864864865,India,S3,4,FN_MATCHER_REJECTED
S1-520560165,candidate_present,NONE,S3-109533885,0.6817311386995079,4,SEMANTIC_ONLY,0.7032470107078552,69.23076923076923,74.50980392156863,India,S3,4,FP_FALSE_POSITIVE_MERGE
S1-395619089,candidate_present,S2-137990609,"S2-515998033,S2-357203103,S3-961801216,S2-747805413",0.6090029169806777,5,BOTH,0.5577828884124756,59.09090909090908,60.0,US,S2,5,FN_MATCHER_REJECTED
S1-780487368,candidate_present,S2-572629778,"S3-458964510,S3-871523189",0.4798355223267423,6,BOTH,0.09231627732515335,63.829787234042556,0.0,US,S2,4,FN_MATCHER_REJECTED
S1-780487368,candidate_present,S2-355471820,"S3-458964510,S3-871523189",0.5517870473894575,3,BOTH,0.47659361362457275,82.05128205128204,0.0,US,S2,4,FN_MATCHER_REJECTED
S1-692685078,candidate_present,NONE,S3-554806679,0.5945864800097689,4,BOTH,0.7994484305381775,91.30434782608697,0.0,India,S3,5,FP_FALSE_POSITIVE_MERGE
S1-859350246,candidate_present,S3-830873916,"S2-433296406,S2-616789374,S3-939796253,S3-568097938",0.48466937716152725,5,BOTH,0.28290605545043945,16.666666666666664,75.40983606557377,US,S3,5,FN_MATCHER_REJECTED
S1-20948977,candidate_present,S3-332066871,"S2-788799289,S2-217483793,S3-522195469,S2-156268656",0.5414812097433035,5,SEMANTIC_ONLY,0.0022304600570350885,19.354838709677423,56.07476635514019,India,S3,5,FN_MATCHER_REJECTED
S1-763631864,candidate_present,NONE,S2-562324537,0.0,-1,CHAMPION_ONLY,0.6968064904212952,70.27027027027026,58.11965811965811,India,S2,2,FP_FALSE_POSITIVE_MERGE
S1-536659110,candidate_present,S3-646499757,"S3-132889486,S3-783087238,S2-509930489,S3-214809447",0.42189690356105586,5,BOTH,0.5555130243301392,78.04878048780488,0.0,India,S3,5,FN_MATCHER_REJECTED
S1-930034422,candidate_missing,S2-709172007,"S2-150404552,S3-831492454",0.0,-1,NOT_IN_CANDS,0.0,12.5,54.20560747663552,India,S2,4,FN_CANDIDATE_MISS
S1-930034422,candidate_missing,S3-167496461,"S2-150404552,S3-831492454",0.0,-1,NOT_IN_CANDS,0.0,12.5,51.42857142857142,India,S3,4,FN_CANDIDATE_MISS
S1-125308073,candidate_present,S2-66695826,"S3-372295426,S3-469641225,S3-695996305,S2-252400135",0.5112046535994087,8,BOTH,0.011629943735897541,17.14285714285714,72.26890756302521,India,S2,4,FN_MATCHER_REJECTED
S1-125308073,candidate_present,NONE,S3-372295426,0.6612241591864533,4,BOTH,0.9495062828063965,61.81818181818181,90.9090909090909,India,S3,4,FP_FALSE_POSITIVE_MERGE
S1-242533264,candidate_present,S3-639731431,"S3-689470465,S3-826178210",0.7342009214843286,3,BOTH,0.2971969246864319,66.66666666666667,75.75757575757575,US,S3,4,FN_MATCHER_REJECTED
S1-242533264,candidate_present,S2-148185690,"S3-689470465,S3-826178210",0.730066908026302,4,SEMANTIC_ONLY,0.22671326994895935,57.89473684210527,84.7457627118644,US,S2,4,FN_MATCHER_REJECTED
S1-56456898,candidate_present,NONE,S3-937657140,0.5019701097068615,3,BOTH,0.80750572681427,88.46153846153845,0.0,India,S3,2,FP_FALSE_POSITIVE_MERGE
S1-704886105,candidate_present,S2-388864223,"S2-62755657,S3-653158856",0.44107593708862086,3,SEMANTIC_ONLY,0.1367810219526291,23.529411764705888,61.68224299065421,India,S2,3,FN_MATCHER_REJECTED
S1-239202876,candidate_present,S3-601036876,"S2-907766414,S3-656388754",0.3977862512729848,9,BOTH,0.07104581594467163,43.24324324324324,48.22695035460993,India,S3,3,FN_MATCHER_REJECTED
S1-816685191,candidate_present,S2-86231082,"S2-180411023,S2-455451039",0.3206462305384602,9,BOTH,0.01795223541557789,10.526315789473683,56.56565656565656,India,S2,3,FN_MATCHER_REJECTED
S1-475972747,candidate_present,S3-727630901,"S3-276663208,S3-622212062,S3-621648765,S2-620567901",0.545728045218757,10,BOTH,0.25258561968803406,47.36842105263158,65.75342465753424,India,S3,5,FN_MATCHER_REJECTED
S1-798417864,candidate_present,S2-514625723,"S2-186073777,S3-564060360,S3-224945978,S2-316826957,S3-321578275",0.0,-1,CHAMPION_ONLY,0.10310816764831543,60.0,0.0,India,S2,6,FN_MATCHER_REJECTED
S1-616356553,candidate_present,S3-307294967,"S2-545265870,S3-489642751",0.5416717147625468,3,BOTH,0.37961792945861816,100.0,45.333333333333336,US,S3,3,FN_MATCHER_REJECTED
S1-8811279,candidate_missing,S2-899899974,"S3-35093926,S2-11316443,S2-704452687",0.0,-1,NOT_IN_CANDS,0.0,7.692307692307687,61.53846153846154,India,S2,4,FN_CANDIDATE_MISS
S1-138445748,candidate_present,S3-6144610,S2-465273086,0.41692196056900754,11,CHAMPION_ONLY,0.178196519613266,64.86486486486487,42.22222222222223,India,S3,2,FN_MATCHER_REJECTED
S1-516843244,candidate_missing,S2-96685976,"S3-623942786,S3-775017703",0.33256918445800543,13,NOT_IN_CANDS,0.0,85.71428571428572,0.0,US,S2,3,FN_CANDIDATE_MISS
S1-639629096,candidate_present,S2-658744822,"S3-215501946,S3-746603158,S2-347657505,S3-468574802,S2-171558296,S3-842055851,S2-708908776",0.6068225623458511,7,BOTH,0.23772089183330536,80.0,0.0,US,S2,8,FN_MATCHER_REJECTED
S1-464812938,candidate_present,NONE,S3-708266240,0.7625937505889657,5,BOTH,0.6911292672157288,65.0,62.857142857142854,India,S3,5,FP_FALSE_POSITIVE_MERGE
S1-700317756,candidate_present,NONE,S2-251609852,0.6971643718821781,3,BOTH,0.7748225927352905,75.0,88.88888888888889,US,S2,2,FP_FALSE_POSITIVE_MERGE
S1-469262153,candidate_present,S3-698722912,"S3-589095129,S3-552014575,S2-385767817,S3-7508127,S3-370441792",0.0,-1,CHAMPION_ONLY,0.032538432627916336,51.162790697674424,25.67567567567568,India,S3,7,FN_MATCHER_REJECTED
S1-469262153,candidate_present,S3-279054627,"S3-589095129,S3-552014575,S2-385767817,S3-7508127,S3-370441792",0.3498636716109281,13,CHAMPION_ONLY,0.6429449915885925,55.319148936170215,25.67567567567568,India,S3,7,FN_MATCHER_REJECTED
S1-417967521,candidate_present,NONE,S2-874451827,0.7143629153308719,4,BOTH,0.8539827466011047,66.66666666666667,0.0,US,S2,3,FP_FALSE_POSITIVE_MERGE
S1-489858625,candidate_present,S3-919013080,"S3-747956869,S3-408383726",0.0,-1,CHAMPION_ONLY,0.3436414897441864,64.51612903225806,55.55555555555556,India,S3,2,FN_MATCHER_REJECTED
S1-489858625,candidate_present,NONE,S3-747956869,0.4900570987346237,5,BOTH,0.8797423839569092,100.0,0.0,India,S3,2,FP_FALSE_POSITIVE_MERGE
S1-603925072,candidate_present,NONE,S2-621450423,0.4200714576012553,5,BOTH,0.8952832221984863,92.3076923076923,0.0,India,S2,1,FP_FALSE_POSITIVE_MERGE
S1-526293740,candidate_present,NONE,S2-279399406,0.6459453232579393,4,BOTH,0.9043706059455872,66.66666666666667,79.36507936507937,US,S2,5,FP_FALSE_POSITIVE_MERGE
S1-118198262,candidate_missing,S2-615813343,"S3-625338547,S3-135631644",0.0,-1,NOT_IN_CANDS,0.0,41.666666666666664,0.0,India,S2,3,FN_CANDIDATE_MISS
S1-124987634,candidate_present,S3-468813596,"S3-7520603,S3-56585757,S3-985261783,S2-487102931",0.4834551979133464,5,BOTH,0.06751760840415955,56.25,60.75949367088608,US,S3,5,FN_MATCHER_REJECTED
S1-715967443,candidate_present,S3-835371209,"S2-980142958,S3-245493154",0.603774815388005,2,BOTH,0.37414610385894775,55.00000000000001,78.63247863247864,India,S3,3,FN_MATCHER_REJECTED
S1-302364466,candidate_missing,S3-811240667,"S2-707322333,S3-764571072,S3-6620513",0.0,-1,NOT_IN_CANDS,0.0,17.777777777777782,45.09803921568627,India,S3,4,FN_CANDIDATE_MISS
S1-434417223,candidate_missing,S2-354715017,"S2-92015009,S3-921426871,S2-972478200",0.0,-1,NOT_IN_CANDS,0.0,12.0,53.93258426966292,India,S2,4,FN_CANDIDATE_MISS
S1-430290873,candidate_present,S2-500727018,"S3-572719879,S2-400031461",0.5828711749394441,3,BOTH,0.3282404839992523,73.6842105263158,0.0,US,S2,3,FN_MATCHER_REJECTED
S1-262875473,candidate_present,S2-386877654,"S3-159551037,S2-45071486,S3-662128758,S2-448394469",0.5940724237115765,6,SEMANTIC_ONLY,0.3515530824661255,9.999999999999998,71.11111111111111,India,S2,6,FN_MATCHER_REJECTED
S1-262875473,candidate_present,S3-340133984,"S3-159551037,S2-45071486,S3-662128758,S2-448394469",0.6642608230280678,5,SEMANTIC_ONLY,0.6635036468505859,34.78260869565217,97.34513274336283,India,S3,6,FN_MATCHER_REJECTED
S1-990433106,candidate_missing,S3-823878280,"S2-444646621,S2-704168572,S2-239189762",0.0,-1,NOT_IN_CANDS,0.0,6.25,59.09090909090908,India,S3,4,FN_CANDIDATE_MISS
S1-743030178,candidate_missing,S3-925535014,,0.37775891032125486,14,NOT_IN_CANDS,0.0,14.28571428571429,57.14285714285714,India,S3,2,FN_CANDIDATE_MISS
S1-743030178,candidate_present,S2-376234399,,0.4666004286202599,1,SEMANTIC_ONLY,0.14210693538188934,14.28571428571429,66.01941747572815,India,S2,2,FN_MATCHER_REJECTED
S1-958314896,candidate_missing,S3-622467613,"S2-912998256,S2-755296932,S2-343771214",0.0,-1,NOT_IN_CANDS,0.0,12.765957446808507,67.41573033707866,India,S3,4,FN_CANDIDATE_MISS
S1-75001001,candidate_present,NONE,S3-20269044,0.8026789209281022,2,BOTH,0.7563514113426208,80.85106382978724,70.37037037037037,US,S3,3,FP_FALSE_POSITIVE_MERGE
S1-915475076,candidate_present,S2-113135292,"S2-255262799,S3-13978286,S3-964783521",0.45546627620687885,9,BOTH,0.3164936900138855,10.909090909090914,67.5,India,S2,4,FN_MATCHER_REJECTED
S1-590321576,candidate_present,S3-661574062,"S2-270613574,S3-880600661,S3-483239231",0.4639562927288948,7,BOTH,0.013234947808086872,63.63636363636363,32.25806451612904,India,S3,5,FN_MATCHER_REJECTED
S1-590321576,candidate_present,S3-355897303,"S2-270613574,S3-880600661,S3-483239231",0.0,-1,CHAMPION_ONLY,0.0001065952965291217,16.666666666666664,43.07692307692308,India,S3,5,FN_MATCHER_REJECTED
S1-424137909,candidate_present,S3-725469570,"S2-967116857,S3-634062856",0.5578480210864801,5,BOTH,0.13678903877735138,62.68656716417911,56.60377358490566,India,S3,3,FN_MATCHER_REJECTED
S1-512893342,candidate_present,NONE,S2-305033236,0.46766729591922246,1,BOTH,0.7682888507843018,87.5,65.67164179104478,US,S2,0,FP_FALSE_POSITIVE_MERGE
S1-41369509,candidate_present,S2-499246395,"S3-146216501,S2-31936374,S3-816076121",0.5588261001216206,4,SEMANTIC_ONLY,0.08202134817838669,75.0,0.0,US,S2,4,FN_MATCHER_REJECTED
S1-582452447,candidate_present,S3-341125960,"S2-141175220,S3-396306324,S3-555831766,S2-247798262",0.0,-1,CHAMPION_ONLY,0.12199873477220535,16.666666666666664,61.53846153846154,US,S3,5,FN_MATCHER_REJECTED
S1-202230061,candidate_present,NONE,S3-601290887,0.7050577285379612,4,BOTH,0.9294916391372681,56.00000000000001,91.42857142857143,India,S3,5,FP_FALSE_POSITIVE_MERGE
S1-202230061,candidate_present,NONE,S3-588202657,0.6695357196228645,5,BOTH,0.8422526717185974,16.000000000000004,91.42857142857143,India,S3,5,FP_FALSE_POSITIVE_MERGE
S1-266394603,candidate_present,NONE,S2-521323233,0.0,-1,CHAMPION_ONLY,0.707923412322998,90.9090909090909,0.0,India,S2,4,FP_FALSE_POSITIVE_MERGE
S1-300087245,candidate_present,S3-271677332,"S3-580232588,S3-907374780,S3-18403511,S2-635531762",0.6236346571472507,5,BOTH,0.2367570847272873,77.19298245614034,0.0,US,S3,5,FN_MATCHER_REJECTED
S1-988349519,candidate_present,S2-878583386,"S2-372783108,S3-657158676,S2-621370914,S3-833105503",0.8693941829772083,4,BOTH,0.6309268474578857,88.88888888888889,0.0,US,S2,5,FN_MATCHER_REJECTED
S1-819966462,candidate_missing,S3-149143737,"S2-902931538,S3-305355095",0.0,-1,NOT_IN_CANDS,0.0,27.77777777777778,47.05882352941176,US,S3,4,FN_CANDIDATE_MISS
S1-819966462,candidate_present,S3-40413512,"S2-902931538,S3-305355095",0.6393929782325406,2,BOTH,0.03921927139163017,80.0,47.05882352941176,US,S3,4,FN_MATCHER_REJECTED
S1-436108749,candidate_present,NONE,S2-393629406,0.4204832541700125,7,SEMANTIC_ONLY,0.8148914575576782,93.33333333333333,43.548387096774185,India,S2,3,FP_FALSE_POSITIVE_MERGE
S1-748748267,candidate_present,S2-151712913,"S3-281006277,S3-489189710,S3-651722087",0.6246548268593833,4,BOTH,0.01727472059428692,59.45945945945945,61.417322834645674,India,S2,4,FN_MATCHER_REJECTED
S1-96135581,candidate_missing,S3-402564292,"S3-287713987,S2-372684908",0.0,-1,NOT_IN_CANDS,0.0,12.903225806451612,48.19277108433735,India,S3,3,FN_CANDIDATE_MISS
S1-45969321,candidate_present,NONE,S3-416127783,0.6193782508393776,5,BOTH,0.7412489056587219,88.37209302325581,0.0,US,S3,4,FP_FALSE_POSITIVE_MERGE
S1-45969321,candidate_present,NONE,S2-403645041,0.6365390621502751,4,BOTH,0.738868236541748,90.47619047619048,0.0,US,S2,4,FP_FALSE_POSITIVE_MERGE
S1-221841305,candidate_present,S3-746290232,"S3-661893166,S2-325694887",0.4265040689983019,8,BOTH,0.6383194327354431,92.06349206349206,0.0,India,S3,3,FN_MATCHER_REJECTED
S1-825705647,candidate_present,S3-36186163,"S2-443155936,S3-18067761,S2-678360953,S2-28085366,S3-809253051",0.3395377659506368,12,CHAMPION_ONLY,0.441002756357193,61.53846153846154,0.0,US,S3,6,FN_MATCHER_REJECTED
S1-814449478,candidate_present,S2-632234023,"S3-292054219,S3-648109197,S2-226107061,S3-787484235,S2-854610685,S2-226471943",0.6106834508026643,7,SEMANTIC_ONLY,0.34884142875671387,28.57142857142857,92.47311827956989,India,S2,7,FN_MATCHER_REJECTED
S1-40982538,candidate_present,NONE,S2-508341373,0.5344018257373733,11,CHAMPION_ONLY,0.6893839240074158,84.0,0.0,India,S2,4,FP_FALSE_POSITIVE_MERGE
S1-714884055,candidate_present,S3-260813980,"S3-987604044,S2-181043220,S2-679757858,S3-163997392,S3-507266029",0.5868651886419143,6,BOTH,0.3538658618927002,78.94736842105263,45.56962025316456,India,S3,7,FN_MATCHER_REJECTED
S1-714884055,candidate_present,S3-837211750,"S3-987604044,S2-181043220,S2-679757858,S3-163997392,S3-507266029",0.41303769322693895,9,BOTH,0.6045035123825073,93.33333333333333,0.0,India,S3,7,FN_MATCHER_REJECTED
S1-85965426,candidate_present,S3-908442241,"S3-698885518,S2-649600223,S2-482015312,S2-562404912,S2-995692775",0.49838461835443765,6,BOTH,0.19641385972499847,84.375,0.0,India,S3,6,FN_MATCHER_REJECTED
S1-670284680,candidate_present,S2-975723898,S3-322083480,0.4845425875064882,2,BOTH,0.23029816150665283,73.33333333333334,0.0,US,S2,2,FN_MATCHER_REJECTED
S1-915298960,candidate_missing,S3-951980255,"S2-724094892,S3-791453600,S3-49369536",0.0,-1,NOT_IN_CANDS,0.0,19.512195121951216,44.5859872611465,India,S3,4,FN_CANDIDATE_MISS
S1-94411349,candidate_missing,S3-469305796,"S2-231470413,S2-351025188,S3-55937852,S3-873957571,S3-618015360",0.36202970626052033,19,NOT_IN_CANDS,0.0,84.21052631578947,0.0,US,S3,6,FN_CANDIDATE_MISS
S1-173089268,candidate_missing,S2-203764257,"S2-201754355,S3-667714753",0.0,-1,NOT_IN_CANDS,0.0,90.47619047619048,0.0,India,S2,3,FN_CANDIDATE_MISS
S1-298925720,candidate_present,S3-309877049,"S3-767087991,S2-902325613",0.6445078535049028,3,BOTH,0.14723089337348938,77.41935483870968,0.0,US,S3,3,FN_MATCHER_REJECTED
S1-861271386,candidate_present,S2-631842884,"S3-936604092,S2-641697413,S2-466665851,S2-62646880,S3-646790722,S3-888244546,S3-375877393",0.5940067852955201,7,BOTH,0.32320600748062134,76.47058823529412,0.0,US,S2,8,FN_MATCHER_REJECTED
S1-98996784,candidate_present,S3-434682538,"S2-876416194,S3-270460534,S2-203367638,S3-50231006",0.5045211158653835,6,BOTH,0.5726731419563293,57.89473684210527,80.0,US,S3,5,FN_MATCHER_REJECTED
S1-8731441,candidate_present,S2-973681365,"S3-903713980,S3-899423032,S2-261267322,S2-907869510,S2-782393632",0.5050449849092082,18,CHAMPION_ONLY,0.2063305377960205,13.33333333333333,61.261261261261254,India,S2,6,FN_MATCHER_REJECTED
S1-290900198,candidate_present,S3-540848157,"S3-184557446,S3-582871876,S2-413162276",0.6287307952813939,5,BOTH,0.5613219738006592,27.118644067796616,100.0,India,S3,4,FN_MATCHER_REJECTED
S1-199799418,candidate_present,S2-779956987,"S2-989479207,S2-661473281,S3-970380473",0.6583005981219218,4,BOTH,0.4005371630191803,16.666666666666664,93.10344827586206,US,S2,4,FN_MATCHER_REJECTED
S1-949966743,candidate_present,S2-201880024,"S3-359355132,S3-269983516,S3-423700024,S2-24832253",0.4466680435250292,9,BOTH,0.5138381719589233,28.57142857142857,90.19607843137256,US,S2,5,FN_MATCHER_REJECTED
S1-908063079,candidate_missing,S2-689931902,"S3-246611007,S3-287070468,S3-745554856",0.0,-1,NOT_IN_CANDS,0.0,13.043478260869568,35.78947368421053,India,S2,5,FN_CANDIDATE_MISS
S1-908063079,candidate_missing,S3-89723256,"S3-246611007,S3-287070468,S3-745554856",0.0,-1,NOT_IN_CANDS,0.0,13.043478260869568,29.268292682926834,India,S3,5,FN_CANDIDATE_MISS
S1-848337111,candidate_missing,S3-963548712,"S2-533593111,S2-838230810",0.0,-1,NOT_IN_CANDS,0.0,12.244897959183676,46.728971962616825,India,S3,4,FN_CANDIDATE_MISS
S1-848337111,candidate_missing,S3-772111286,"S2-533593111,S2-838230810",0.0,-1,NOT_IN_CANDS,0.0,12.244897959183676,52.42718446601942,India,S3,4,FN_CANDIDATE_MISS
S1-66980183,candidate_present,S2-554295964,"S2-839533786,S2-586734926,S3-725452522,S2-869895454",0.718374055564673,1,BOTH,0.12901537120342255,81.63265306122449,41.81818181818182,India,S2,4,FN_MATCHER_REJECTED
S1-66980183,candidate_present,S3-860318373,"S2-839533786,S2-586734926,S3-725452522,S2-869895454",0.0,-1,CHAMPION_ONLY,0.13124221563339233,77.19298245614034,36.065573770491795,India,S3,4,FN_MATCHER_REJECTED
S1-66980183,candidate_present,NONE,S2-869895454,0.0,-1,CHAMPION_ONLY,0.9999887943267822,48.64864864864865,0.0,India,S2,4,FP_FALSE_POSITIVE_MERGE
S1-66980183,candidate_present,NONE,S2-839533786,0.0,-1,CHAMPION_ONLY,0.9999997615814209,47.05882352941176,0.0,India,S2,4,FP_FALSE_POSITIVE_MERGE
S1-848974405,candidate_present,NONE,S3-854948625,0.7161413545872097,6,BOTH,0.9943774938583374,55.55555555555556,78.04878048780488,India,S3,5,FP_FALSE_POSITIVE_MERGE
S1-695962769,candidate_missing,S3-668397372,"S2-386617652,S2-946492549",0.0,-1,NOT_IN_CANDS,0.0,50.0,0.0,US,S3,3,FN_CANDIDATE_MISS
S1-425573756,candidate_present,NONE,S2-500446960,0.8244646651991996,5,BOTH,0.9813358187675476,11.764705882352944,95.39748953974896,India,S2,4,FP_FALSE_POSITIVE_MERGE
S1-966352755,candidate_present,S3-304238123,"S2-561454267,S3-45843057,S2-483357858,S2-855786549,S3-342176255",0.4143107484836054,15,CHAMPION_ONLY,0.026704011484980583,85.1063829787234,0.0,US,S3,6,FN_MATCHER_REJECTED
S1-122129571,candidate_present,S2-415764238,"S3-831671026,S2-149736632,S3-377668099,S3-729210254,S2-105491843,S3-750150930",0.6547894994950839,7,BOTH,0.10480446368455887,74.50980392156863,52.459016393442624,US,S2,9,FN_MATCHER_REJECTED
S1-122129571,candidate_present,S2-76877801,"S3-831671026,S2-149736632,S3-377668099,S3-729210254,S2-105491843,S3-750150930",0.6213320944793161,9,SEMANTIC_ONLY,0.08167281746864319,58.06451612903225,52.459016393442624,US,S2,9,FN_MATCHER_REJECTED
S1-122129571,candidate_present,S2-242415228,"S3-831671026,S2-149736632,S3-377668099,S3-729210254,S2-105491843,S3-750150930",0.6547894994950839,8,BOTH,0.10480446368455887,74.50980392156863,52.459016393442624,US,S2,9,FN_MATCHER_REJECTED
S1-229636920,candidate_present,S2-952935289,"S3-537555692,S3-617527661",0.7290017541663751,2,BOTH,0.44791892170906067,85.0,95.45454545454545,US,S2,3,FN_MATCHER_REJECTED
S1-376841393,candidate_missing,S2-943469278,"S2-480494361,S3-540482612,S3-77379165,S2-237482059,S2-92017112",0.0,-1,NOT_IN_CANDS,0.0,11.594202898550721,59.541984732824424,India,S2,6,FN_CANDIDATE_MISS
S1-868574189,candidate_present,S3-81478105,"S3-984801729,S3-309463377,S2-869526918,S3-440853024,S2-963401174,S3-781650519,S2-411154199,S2-874973347",0.4558343332981184,21,CHAMPION_ONLY,0.6753926277160645,13.793103448275868,76.0,India,S3,8,FN_MATCHER_REJECTED
S1-868574189,candidate_present,NONE,S2-963401174,0.593871658488714,8,SEMANTIC_ONLY,0.7130403518676758,11.32075471698113,73.21428571428572,India,S2,8,FP_FALSE_POSITIVE_MERGE
S1-43416014,candidate_present,S3-549455763,"S2-818593351,S2-89829928,S3-711781684",0.5975832629794382,4,BOTH,0.009011022746562958,33.333333333333336,70.27027027027026,India,S3,4,FN_MATCHER_REJECTED
S1-729926555,candidate_missing,S2-566609290,"S3-592879177,S3-638617438",0.0,-1,NOT_IN_CANDS,0.0,10.344827586206895,41.30434782608695,India,S2,3,FN_CANDIDATE_MISS
S1-655119870,candidate_present,S3-529337806,"S2-824597376,S2-829820523,S3-609807407",0.5932301045843998,4,BOTH,0.6437011957168579,100.0,29.411764705882348,India,S3,4,FN_MATCHER_REJECTED
S1-977472271,candidate_missing,S2-456726493,"S3-769822730,S3-996282399,S3-855990149,S3-850355610,S3-453407448,S2-484198482,S2-914182352",0.0,-1,NOT_IN_CANDS,0.0,15.000000000000002,95.45454545454545,US,S2,8,FN_CANDIDATE_MISS
S1-105025539,candidate_present,NONE,S3-215427927,0.6809782568314826,8,BOTH,0.6862653493881226,11.538461538461542,84.12698412698413,India,S3,4,FP_FALSE_POSITIVE_MERGE
S1-829565132,candidate_missing,S3-498877402,"S2-534043104,S2-488049041",0.0,-1,NOT_IN_CANDS,0.0,89.28571428571429,0.0,India,S3,3,FN_CANDIDATE_MISS
S1-138741291,candidate_missing,S3-750523762,"S2-921979551,S2-950493256",0.0,-1,NOT_IN_CANDS,0.0,11.764705882352944,48.275862068965516,India,S3,4,FN_CANDIDATE_MISS
S1-138741291,candidate_missing,S3-188039202,"S2-921979551,S2-950493256",0.0,-1,NOT_IN_CANDS,0.0,11.764705882352944,48.275862068965516,India,S3,4,FN_CANDIDATE_MISS
S1-565665689,candidate_present,S3-127115796,"S3-298879761,S3-943986526,S2-565945117,S3-574407507,S2-517497502",0.5346762408965913,5,SEMANTIC_ONLY,0.43892425298690796,12.0,66.11570247933885,India,S3,6,FN_MATCHER_REJECTED
S1-574114994,candidate_missing,S2-312991564,,0.0,-1,NOT_IN_CANDS,0.0,11.32075471698113,48.275862068965516,India,S2,2,FN_CANDIDATE_MISS
S1-574114994,candidate_missing,S2-484473077,,0.0,-1,NOT_IN_CANDS,0.0,11.32075471698113,48.275862068965516,India,S2,2,FN_CANDIDATE_MISS
S1-938222310,candidate_present,S3-294128750,"S3-811706621,S2-408300665",0.0,-1,CHAMPION_ONLY,0.00548670906573534,77.27272727272727,33.87096774193549,India,S3,3,FN_MATCHER_REJECTED
S1-169237822,candidate_present,S2-758723571,"S2-31003708,S3-85215217",0.5968458585856239,3,SEMANTIC_ONLY,0.2806376516819,10.71428571428571,81.92771084337349,India,S2,3,FN_MATCHER_REJECTED
S1-594053730,candidate_present,S3-904479673,"S2-162476547,S2-476131766",0.0,-1,CHAMPION_ONLY,0.2496419996023178,15.789473684210531,75.40983606557377,India,S3,4,FN_MATCHER_REJECTED
S1-594053730,candidate_present,S3-522138437,"S2-162476547,S2-476131766",0.0,-1,CHAMPION_ONLY,0.2496419996023178,15.789473684210531,75.40983606557377,India,S3,4,FN_MATCHER_REJECTED
S1-587448674,candidate_present,S3-338519762,"S2-731630986,S2-596549415,S3-460361959,S2-130656815,S2-228655086,S3-428366625,S3-685629754",0.0,-1,CHAMPION_ONLY,0.0004158124211244285,61.81818181818181,0.0,India,S3,7,FN_MATCHER_REJECTED
S1-587448674,candidate_present,NONE,S2-596549415,0.6143310129347203,7,BOTH,0.8795242309570312,9.523809523809524,85.45454545454545,India,S2,7,FP_FALSE_POSITIVE_MERGE
S1-891990458,candidate_present,S3-22510221,"S2-492228560,S2-785577826,S2-834069453",0.5175185346672667,5,BOTH,0.2853870391845703,88.23529411764706,0.0,India,S3,4,FN_MATCHER_REJECTED
S1-703390447,candidate_present,NONE,S2-408136415,0.8307245354399804,3,BOTH,0.8223811984062195,84.0,92.3076923076923,US,S2,2,FP_FALSE_POSITIVE_MERGE
S1-709642703,candidate_present,S3-731374806,"S2-120210724,S2-234110092,S3-522923535,S3-445297938",0.4557778313189737,9,BOTH,0.2516864836215973,69.23076923076923,45.12195121951219,India,S3,5,FN_MATCHER_REJECTED
S1-726176334,candidate_present,S3-878449898,"S2-105192542,S2-961407661,S2-933098045,S3-218254117,S2-462354984",0.5181192655959853,6,BOTH,0.5168573260307312,27.586206896551722,91.89189189189189,US,S3,6,FN_MATCHER_REJECTED
S1-268328102,candidate_present,S2-185515584,"S3-866601228,S3-417277595,S3-982300590,S2-457845473",0.4368600692771353,7,BOTH,0.6555985808372498,84.61538461538461,0.0,US,S2,5,FN_MATCHER_REJECTED
S1-610749071,candidate_present,NONE,S2-595333976,0.0,-1,CHAMPION_ONLY,0.9190430641174316,70.83333333333333,61.1764705882353,India,S2,4,FP_FALSE_POSITIVE_MERGE
S1-991878061,candidate_present,S3-556312973,"S3-647061102,S3-121584814,S3-612821773,S3-871801609,S2-941303651",0.0,-1,CHAMPION_ONLY,0.0005639396840706468,62.06896551724138,0.0,India,S3,6,FN_MATCHER_REJECTED
S1-224539279,candidate_present,S2-869895454,"S2-534256325,S2-504115670,S2-8080627,S3-617769951",0.0,-1,CHAMPION_ONLY,0.011513040401041508,53.333333333333336,0.0,India,S2,5,FN_MATCHER_REJECTED
S1-706512819,candidate_present,S2-347412418,,0.6978096596156662,1,BOTH,0.6194645762443542,88.37209302325581,0.0,US,S2,1,FN_MATCHER_REJECTED
S1-542479949,candidate_present,S2-813601941,S3-921049340,0.0,-1,CHAMPION_ONLY,0.3264216482639313,27.27272727272727,85.18518518518519,US,S2,2,FN_MATCHER_REJECTED
S1-556632468,candidate_present,NONE,S3-27940543,0.4787456946497045,2,BOTH,0.8003218173980713,91.30434782608697,0.0,India,S3,1,FP_FALSE_POSITIVE_MERGE
S1-649279012,candidate_missing,S2-953610319,"S2-936677327,S3-331098848,S3-951442538,S2-343164000,S3-155728669",0.4435023816804173,15,NOT_IN_CANDS,0.0,31.999999999999996,87.5,US,S2,6,FN_CANDIDATE_MISS
S1-847409991,candidate_present,S3-484294896,"S2-23275517,S3-14058061",0.0,-1,CHAMPION_ONLY,0.06520092487335205,68.08510638297872,41.666666666666664,India,S3,3,FN_MATCHER_REJECTED
S1-329276806,candidate_missing,S2-503933218,S2-98135850,0.4058367094078833,12,NOT_IN_CANDS,0.0,10.71428571428571,48.92086330935251,India,S2,2,FN_CANDIDATE_MISS
S1-572463135,candidate_present,NONE,S3-123256619,0.7280842116584079,1,BOTH,0.9185468554496765,50.98039215686274,93.43065693430657,India,S3,0,FP_FALSE_POSITIVE_MERGE
S1-670289577,candidate_present,NONE,S3-538882911,0.6677667727588957,1,BOTH,0.9074488878250122,100.0,0.0,US,S3,0,FP_FALSE_POSITIVE_MERGE
S1-798367402,candidate_present,S3-643628699,"S2-758093846,S2-466604262",0.47103854206443374,26,CHAMPION_ONLY,0.32730811834335327,96.15384615384616,34.66666666666667,India,S3,3,FN_MATCHER_REJECTED
S1-96624232,candidate_present,S3-287692289,"S2-906101393,S2-754827517,S3-346337745,S2-66838513,S2-809404203,S3-420135723",0.0,-1,CHAMPION_ONLY,0.332720547914505,11.111111111111116,42.51968503937008,India,S3,7,FN_MATCHER_REJECTED
S1-727766400,candidate_present,S2-793228113,"S3-52952785,S3-442138951,S2-558645609",0.5269215318983501,4,BOTH,0.2506985664367676,90.9090909090909,0.0,India,S2,4,FN_MATCHER_REJECTED
S1-815276354,candidate_present,S2-645060471,"S3-462512707,S2-79064283",0.7349405310484883,3,BOTH,0.3512386977672577,80.0,96.875,US,S2,3,FN_MATCHER_REJECTED
S1-374228375,candidate_present,S3-320974821,"S2-807151317,S2-982919729,S3-757046488",0.685890371826758,4,BOTH,0.5343035459518433,93.10344827586206,0.0,US,S3,4,FN_MATCHER_REJECTED
S1-802647589,candidate_present,S3-706570524,"S2-32863414,S3-995085734,S2-740512209,S2-714460535,S3-674458796,S2-325730125,S3-707979848",0.6106160909725052,8,SEMANTIC_ONLY,0.24797847867012024,24.242424242424242,42.10526315789473,India,S3,8,FN_MATCHER_REJECTED
S1-53562951,candidate_present,S3-910012670,"S2-75079079,S3-925874607",0.0,-1,CHAMPION_ONLY,0.2537597417831421,82.6086956521739,33.009708737864074,India,S3,3,FN_MATCHER_REJECTED
S1-443686677,candidate_present,S2-486183238,"S3-733566890,S3-779836062,S2-415377423,S2-907517636,S3-486432964",0.6025077287603953,5,BOTH,0.32626187801361084,78.94736842105263,0.0,US,S2,7,FN_MATCHER_REJECTED
S1-443686677,candidate_missing,S2-308426330,"S3-733566890,S3-779836062,S2-415377423,S2-907517636,S3-486432964",0.0,-1,NOT_IN_CANDS,0.0,48.64864864864865,0.0,US,S2,7,FN_CANDIDATE_MISS
S1-301339923,candidate_present,NONE,S3-575237780,0.6445291142641704,3,BOTH,0.8640071749687195,100.0,0.0,US,S3,2,FP_FALSE_POSITIVE_MERGE
S1-654416833,candidate_present,S2-785742540,"S3-682031020,S2-631682294,S2-893286392",0.6626814968850995,4,BOTH,0.5750910639762878,54.054054054054056,85.24590163934427,US,S2,4,FN_MATCHER_REJECTED
S1-344214634,candidate_present,NONE,S3-815445363,0.7286917609600694,2,BOTH,0.8560382127761841,87.17948717948718,59.375,US,S3,1,FP_FALSE_POSITIVE_MERGE
S1-529627336,candidate_present,S2-456509042,"S3-513159736,S2-608743250,S2-851655909,S3-628766781,S2-467318269",0.6125096147455931,6,BOTH,0.009116070345044136,16.000000000000004,85.29411764705883,US,S2,6,FN_MATCHER_REJECTED
S1-275135699,candidate_missing,S2-48419810,"S3-31900788,S3-590133599",0.0,-1,NOT_IN_CANDS,0.0,15.384615384615385,49.6,India,S2,3,FN_CANDIDATE_MISS
S1-959272732,candidate_missing,S3-907590313,"S3-478306989,S2-186101057",0.0,-1,NOT_IN_CANDS,0.0,12.765957446808507,31.46067415730337,India,S3,3,FN_CANDIDATE_MISS
S1-694292164,candidate_present,NONE,S3-643117736,0.0,-1,CHAMPION_ONLY,0.9996216297149658,35.71428571428571,43.75,US,S3,4,FP_FALSE_POSITIVE_MERGE
S1-113968826,candidate_present,S2-370721678,"S3-768318480,S3-373631637,S2-99099897,S3-286876911,S3-653146379,S2-801303006",0.5867289519707052,6,SEMANTIC_ONLY,0.08008214086294174,19.999999999999996,68.42105263157895,India,S2,7,FN_MATCHER_REJECTED
S1-191810050,candidate_missing,S2-589143589,"S3-167082763,S3-934458874,S2-196842541,S3-573796679,S3-11077847",0.34979617211758196,23,NOT_IN_CANDS,0.0,11.111111111111116,53.54330708661416,India,S2,5,FN_CANDIDATE_MISS
S1-191810050,candidate_present,NONE,S3-573796679,0.4410935235027995,7,BOTH,0.8436581492424011,75.55555555555556,30.630630630630627,India,S3,5,FP_FALSE_POSITIVE_MERGE
S1-254055664,candidate_present,NONE,S3-289658832,0.7537360731328158,3,BOTH,0.7462950348854065,94.33962264150944,0.0,US,S3,4,FP_FALSE_POSITIVE_MERGE
S1-453488843,candidate_present,S3-766612790,"S3-746427638,S3-655636652,S2-990296475,S3-897937002,S2-173914169",0.4091212730763016,13,CHAMPION_ONLY,0.5071266293525696,62.06896551724138,0.0,India,S3,6,FN_MATCHER_REJECTED
S1-272165680,candidate_present,S3-895948804,S2-380459674,0.41240835879511606,3,BOTH,0.05345790460705757,83.87096774193549,0.0,US,S3,3,FN_MATCHER_REJECTED
S1-272165680,candidate_present,S3-97946974,S2-380459674,0.49646913711713486,2,BOTH,0.6117825508117676,94.11764705882352,0.0,US,S3,3,FN_MATCHER_REJECTED
S1-360607329,candidate_present,S3-727281824,"S2-519825892,S3-181337365,S2-402845306",0.49399387672346434,4,BOTH,0.02913181111216545,26.315789473684216,88.57142857142857,US,S3,4,FN_MATCHER_REJECTED
S1-996196567,candidate_missing,S3-941021301,"S2-877422389,S2-18555602,S2-144760741,S2-64489164",0.0,-1,NOT_IN_CANDS,0.0,5.882352941176472,40.0,India,S3,5,FN_CANDIDATE_MISS
S1-559793883,candidate_present,S3-1394775,"S3-385466931,S3-187399399,S2-129067057",0.6441853422050551,4,BOTH,0.6711117029190063,41.17647058823529,66.66666666666667,US,S3,4,FN_MATCHER_REJECTED
S1-847608326,candidate_present,S2-275957952,"S2-695793654,S3-229573510,S3-139517213,S3-291801983",0.43038214187188656,7,BOTH,0.1439528614282608,78.26086956521739,0.0,US,S2,5,FN_MATCHER_REJECTED
S1-414259105,candidate_present,NONE,S2-507186862,0.6229716997137932,6,BOTH,0.8802222013473511,11.428571428571432,95.1219512195122,US,S2,4,FP_FALSE_POSITIVE_MERGE
S1-551515321,candidate_present,S3-171854026,"S3-871894935,S3-629944703",0.8176820829601135,1,BOTH,0.5351707935333252,88.13559322033898,73.17073170731707,US,S3,3,FN_MATCHER_REJECTED
S1-989810366,candidate_present,S2-210450738,"S3-149808342,S3-895416875,S3-982720377,S2-461005076,S2-154550209,S2-421952882,S2-395288783",0.5068792735426677,10,BOTH,0.37810587882995605,47.61904761904761,57.14285714285714,India,S2,8,FN_MATCHER_REJECTED
S1-291280879,candidate_missing,S3-890979959,"S3-435515690,S2-142477448",0.0,-1,NOT_IN_CANDS,0.0,6.451612903225811,53.012048192771076,India,S3,4,FN_CANDIDATE_MISS
S1-291280879,candidate_missing,S3-777038472,"S3-435515690,S2-142477448",0.0,-1,NOT_IN_CANDS,0.0,6.451612903225811,44.73684210526315,India,S3,4,FN_CANDIDATE_MISS
S1-735415728,candidate_present,S2-413861792,"S2-409929288,S2-299355064,S3-163668779,S3-182771684",0.6909874206783553,4,BOTH,0.38735610246658325,83.33333333333334,0.0,US,S2,5,FN_MATCHER_REJECTED
S1-748712182,candidate_present,S2-367419010,"S2-754078653,S3-828562202,S3-207010143",0.6112498014384065,4,BOTH,0.01169661059975624,60.0,61.386138613861384,India,S2,4,FN_MATCHER_REJECTED
S1-387790340,candidate_present,S2-959931367,S2-470167469,0.7161182509215106,1,BOTH,0.03590806573629379,12.244897959183676,80.28169014084507,India,S2,2,FN_MATCHER_REJECTED
S1-606628744,candidate_present,S3-686835528,"S3-37660094,S2-986595928,S2-310907975",0.5761798397853747,5,BOTH,0.09105051308870316,78.43137254901961,61.68224299065421,US,S3,4,FN_MATCHER_REJECTED
S1-697437063,candidate_present,S3-624402785,"S2-459114517,S2-544795492,S2-761489524,S2-38101072,S2-397410965",0.3761252964000839,10,BOTH,0.6575814485549927,80.0,35.95505617977528,India,S3,7,FN_MATCHER_REJECTED
S1-697437063,candidate_missing,S3-499863054,"S2-459114517,S2-544795492,S2-761489524,S2-38101072,S2-397410965",0.0,-1,NOT_IN_CANDS,0.0,12.903225806451612,35.95505617977528,India,S3,7,FN_CANDIDATE_MISS
S1-913142615,candidate_present,S3-887658883,"S3-727295585,S2-134784500,S2-562360680",0.6114753887612232,4,BOTH,0.09993205964565277,58.82352941176471,75.0,US,S3,4,FN_MATCHER_REJECTED
S1-297623643,candidate_present,S2-302024335,S2-520774740,0.5509894147092121,2,BOTH,0.00796301756054163,66.66666666666667,0.0,US,S2,2,FN_MATCHER_REJECTED
S1-905704570,candidate_present,S3-920808703,"S3-983530960,S3-714214072",0.4044945301615368,15,CHAMPION_ONLY,0.18783147633075714,82.14285714285714,0.0,India,S3,4,FN_MATCHER_REJECTED
S1-905704570,candidate_missing,S2-206585075,"S3-983530960,S3-714214072",0.0,-1,NOT_IN_CANDS,0.0,10.344827586206895,50.0,India,S2,4,FN_CANDIDATE_MISS
S1-952506745,candidate_present,S3-999774797,"S2-830855788,S2-328063881",0.7056838822447741,3,BOTH,0.519399881362915,83.63636363636364,0.0,US,S3,3,FN_MATCHER_REJECTED
S1-791451147,candidate_present,NONE,S3-561787582,0.6143374790162395,7,BOTH,0.8827709555625916,92.3076923076923,61.81818181818181,US,S3,6,FP_FALSE_POSITIVE_MERGE
S1-436448287,candidate_missing,S2-359400907,"S3-830106421,S3-936346466,S3-719200719",0.0,-1,NOT_IN_CANDS,0.0,70.27027027027026,0.0,US,S2,4,FN_CANDIDATE_MISS
S1-100495818,candidate_present,S2-534767699,S3-333131341,0.5640295094668105,2,BOTH,0.12612603604793549,54.54545454545454,71.69811320754718,US,S2,2,FN_MATCHER_REJECTED
S1-5667429,candidate_present,NONE,S3-591292111,0.8332984946432207,7,BOTH,0.8481661081314087,84.61538461538461,90.32258064516128,US,S3,6,FP_FALSE_POSITIVE_MERGE
S1-672740436,candidate_present,S2-298127464,,0.43444664314236275,4,BOTH,0.4918130338191986,70.58823529411764,0.0,India,S2,2,FN_MATCHER_REJECTED
S1-672740436,candidate_present,S3-497094575,,0.5745980792792291,1,BOTH,0.011576398275792599,100.0,34.14634146341463,India,S3,2,FN_MATCHER_REJECTED
S1-688972969,candidate_present,S2-831993179,"S2-830005987,S3-350023976",0.6378002419648022,3,BOTH,0.317074716091156,78.26086956521739,0.0,US,S2,3,FN_MATCHER_REJECTED
S1-406756654,candidate_present,S3-774059672,"S2-276094332,S3-372530613,S2-313016337,S2-486849950,S2-209439779",0.43030607523990655,6,BOTH,0.10649470239877701,73.17073170731707,0.0,US,S3,6,FN_MATCHER_REJECTED
S1-885020661,candidate_missing,S3-300526127,"S3-506130278,S2-924713546",0.0,-1,NOT_IN_CANDS,0.0,62.857142857142854,40.0,India,S3,4,FN_CANDIDATE_MISS
S1-885020661,candidate_missing,S3-423625490,"S3-506130278,S2-924713546",0.0,-1,NOT_IN_CANDS,0.0,13.636363636363635,33.684210526315795,India,S3,4,FN_CANDIDATE_MISS
S1-160486247,candidate_present,S2-502946548,"S3-114720812,S3-458952960,S2-100881021",0.636922878402833,4,BOTH,0.5930915474891663,86.66666666666667,0.0,US,S2,4,FN_MATCHER_REJECTED
S1-995615951,candidate_present,S3-735098910,"S2-296319036,S3-357550506,S2-749970853",0.5167451652840935,4,SEMANTIC_ONLY,0.18064358830451965,97.95918367346938,0.0,India,S3,4,FN_MATCHER_REJECTED
S1-91759195,candidate_present,S2-648643930,"S3-763031413,S3-64439145",0.0,-1,CHAMPION_ONLY,0.05518874526023865,68.18181818181819,0.0,India,S2,3,FN_MATCHER_REJECTED
S1-779834233,candidate_present,S3-247107956,"S2-105506387,S3-667789073,S3-98017277",0.4334089267895347,21,CHAMPION_ONLY,0.009255408309400082,55.00000000000001,54.28571428571429,India,S3,4,FN_MATCHER_REJECTED
S1-320182292,candidate_present,NONE,S3-900448922,0.0,-1,CHAMPION_ONLY,0.938633918762207,85.1063829787234,32.608695652173914,India,S3,3,FP_FALSE_POSITIVE_MERGE
S1-9281157,candidate_present,S2-748696793,"S3-247587116,S3-607788125,S2-930039126",0.0,-1,CHAMPION_ONLY,0.20376552641391754,89.65517241379311,0.0,India,S2,4,FN_MATCHER_REJECTED
S1-50367102,candidate_present,NONE,S2-86231082,0.41170998324818014,6,BOTH,0.7514060139656067,7.9999999999999964,52.33644859813084,India,S2,4,FP_FALSE_POSITIVE_MERGE
S1-949717924,candidate_missing,S3-293641908,"S2-867719144,S3-92084957,S2-546481790,S3-803211572",0.5550661140558923,11,NOT_IN_CANDS,0.0,73.91304347826086,46.666666666666664,India,S3,5,FN_CANDIDATE_MISS
S1-397469663,candidate_missing,S2-599425538,"S2-41329682,S3-241979555,S3-181379412,S3-396115973,S3-164849227,S3-586990822",0.0,-1,NOT_IN_CANDS,0.0,12.903225806451612,52.112676056338024,India,S2,7,FN_CANDIDATE_MISS
S1-828964496,candidate_missing,S2-637052468,S3-709653815,0.0,-1,NOT_IN_CANDS,0.0,15.789473684210531,64.28571428571428,India,S2,5,FN_CANDIDATE_MISS
S1-828964496,candidate_missing,S2-916936507,S3-709653815,0.0,-1,NOT_IN_CANDS,0.0,15.789473684210531,56.60377358490566,India,S2,5,FN_CANDIDATE_MISS
S1-828964496,candidate_missing,S2-258747997,S3-709653815,0.0,-1,NOT_IN_CANDS,0.0,15.789473684210531,64.28571428571428,India,S2,5,FN_CANDIDATE_MISS
S1-828964496,candidate_missing,S2-943678820,S3-709653815,0.0,-1,NOT_IN_CANDS,0.0,15.789473684210531,74.33628318584071,India,S2,5,FN_CANDIDATE_MISS
S1-128434434,candidate_present,S3-264051270,"S2-766286097,S2-172459877,S2-332582798",0.4600802760939159,5,SEMANTIC_ONLY,0.6776311993598938,14.634146341463417,38.834951456310684,India,S3,4,FN_MATCHER_REJECTED
S1-58978570,candidate_present,S2-992307537,"S3-204443836,S2-845200030,S3-436171754",0.7375300097470411,4,BOTH,0.09635087847709656,33.333333333333336,79.43262411347519,India,S2,4,FN_MATCHER_REJECTED
S1-625885747,candidate_missing,S2-821405807,S3-633366618,0.0,-1,NOT_IN_CANDS,0.0,13.559322033898303,45.54455445544554,India,S2,2,FN_CANDIDATE_MISS
S1-285944739,candidate_present,S2-458734752,"S3-652401000,S2-652880645,S3-791650249,S3-179728285,S2-3003596,S3-758669450",0.4304683840413808,7,BOTH,0.210781529545784,21.62162162162162,61.68224299065421,India,S2,7,FN_MATCHER_REJECTED
S1-692924384,candidate_present,S2-772412916,,0.7437519006090482,1,BOTH,0.47663605213165283,86.36363636363636,50.0,US,S2,1,FN_MATCHER_REJECTED
S1-672447571,candidate_present,NONE,S3-4919082,0.6671226512817338,11,CHAMPION_ONLY,0.8156435489654541,52.0,79.03225806451613,India,S3,5,FP_FALSE_POSITIVE_MERGE
S1-672447571,candidate_present,NONE,S3-533441997,0.6900645819694988,7,BOTH,0.7422758340835571,22.857142857142854,83.2,India,S3,5,FP_FALSE_POSITIVE_MERGE
S1-216442881,candidate_present,S3-589644869,"S2-579771523,S3-781161981,S3-531051857,S3-559134904,S2-65513765",0.40933830600107846,7,BOTH,0.4704076051712036,93.33333333333333,0.0,India,S3,6,FN_MATCHER_REJECTED
S1-520992010,candidate_present,NONE,S3-78071645,0.3673322961559902,14,CHAMPION_ONLY,0.8485857248306274,84.21052631578947,0.0,India,S3,3,FP_FALSE_POSITIVE_MERGE
S1-204781938,candidate_present,S2-442621506,"S2-463204051,S2-559305408",0.38503306153854333,6,BOTH,0.14383020997047424,75.47169811320755,0.0,India,S2,3,FN_MATCHER_REJECTED
S1-299347415,candidate_present,NONE,S2-712343515,0.7095675070739765,4,BOTH,0.9322286248207092,91.30434782608697,0.0,US,S2,3,FP_FALSE_POSITIVE_MERGE
S1-943343562,candidate_present,NONE,S3-570562199,0.0,-1,CHAMPION_ONLY,0.9593822360038757,58.06451612903225,31.034482758620683,US,S3,0,FP_FALSE_POSITIVE_MERGE
S1-1293045,candidate_present,S3-619202012,,0.0,-1,CHAMPION_ONLY,0.07952113449573517,40.0,0.0,US,S3,1,FN_MATCHER_REJECTED
S1-508945,candidate_present,S3-599407880,"S2-845981766,S2-157761896",0.5773389482165258,3,BOTH,0.5147371888160706,88.13559322033898,56.666666666666664,US,S3,3,FN_MATCHER_REJECTED
S1-388764493,candidate_present,S3-694086430,"S3-708369895,S3-689137208,S3-886730199,S2-54325054,S2-965397927,S2-187622862,S3-664380926",0.4198120049714319,11,CHAMPION_ONLY,0.003777735633775592,66.66666666666667,0.0,India,S3,8,FN_MATCHER_REJECTED
S1-381100503,candidate_present,S2-217712025,"S2-167525095,S2-558524160,S3-218458290,S3-369806707",0.918193940190624,4,BOTH,0.6362744569778442,34.48275862068966,89.28571428571429,India,S2,5,FN_MATCHER_REJECTED
S1-785092848,candidate_present,S2-120987974,"S3-978728755,S2-806696026,S3-811063841",0.3659179006600413,7,SEMANTIC_ONLY,0.05426051467657089,38.888888888888886,57.49999999999999,India,S2,4,FN_MATCHER_REJECTED
S1-338232407,candidate_missing,S3-630964099,"S3-836241515,S2-52433956,S2-351560184,S3-779162165",0.4985630397687571,12,NOT_IN_CANDS,0.0,87.87878787878788,46.15384615384615,India,S3,5,FN_CANDIDATE_MISS
S1-876165158,candidate_present,S2-832662610,"S2-21166443,S3-793360200",0.5167614439756604,3,BOTH,0.34416553378105164,73.91304347826086,0.0,US,S2,3,FN_MATCHER_REJECTED
S1-584706101,candidate_present,S3-429550658,"S2-937416894,S3-205276941,S3-60719134",0.827386354399969,3,BOTH,0.573282778263092,63.1578947368421,88.88888888888889,India,S3,4,FN_MATCHER_REJECTED
S1-803109141,candidate_present,S3-694728290,"S2-88820352,S2-844767937,S3-355005855,S2-701891180",0.5803356132526086,5,BOTH,0.009299876168370247,18.181818181818176,51.19047619047619,India,S3,5,FN_MATCHER_REJECTED
S1-597465251,candidate_missing,S2-111671571,"S3-64877881,S3-375860552,S3-324857962",0.40867262061095083,14,NOT_IN_CANDS,0.0,12.244897959183676,50.0,India,S2,4,FN_CANDIDATE_MISS
S1-927476435,candidate_present,S3-172669171,"S2-683559872,S2-924692311",0.4875524972823333,3,BOTH,0.07700666040182114,100.0,25.49019607843137,India,S3,3,FN_MATCHER_REJECTED
S1-696052706,candidate_present,NONE,S2-119124368,0.7203670790198736,4,BOTH,0.8939623832702637,83.63636363636364,65.51724137931035,US,S2,3,FP_FALSE_POSITIVE_MERGE
S1-11242867,candidate_present,NONE,S3-951503155,0.795629296228553,5,BOTH,0.963229775428772,10.909090909090914,95.95375722543352,India,S3,5,FP_FALSE_POSITIVE_MERGE
S1-698972651,candidate_present,S2-689597476,"S2-724184423,S3-512266066",0.5820236760497609,4,BOTH,0.06977575272321701,66.66666666666667,76.92307692307692,US,S2,3,FN_MATCHER_REJECTED
S1-387007971,candidate_missing,S3-581984138,"S2-99136836,S2-407686016,S2-186677238",0.0,-1,NOT_IN_CANDS,0.0,84.21052631578947,0.0,India,S3,4,FN_CANDIDATE_MISS
S1-823741411,candidate_missing,S2-108305801,"S3-556097535,S2-640908676,S2-681052775",0.0,-1,NOT_IN_CANDS,0.0,15.384615384615385,73.50427350427351,India,S2,4,FN_CANDIDATE_MISS
S1-527551324,candidate_present,S2-53878080,"S3-867174572,S2-453970518",0.583827515348708,3,BOTH,0.10136152803897858,80.0,63.829787234042556,US,S2,3,FN_MATCHER_REJECTED
S1-220012263,candidate_present,NONE,S3-658206863,0.6258694627426928,5,BOTH,0.8332192301750183,100.0,0.0,US,S3,4,FP_FALSE_POSITIVE_MERGE
S1-5289414,candidate_missing,S3-608818760,S3-291040171,0.338402441027795,29,NOT_IN_CANDS,0.0,68.0,0.0,India,S3,2,FN_CANDIDATE_MISS
S1-507674170,candidate_present,S3-499559890,"S3-256956382,S2-717439453,S3-529311079",0.7425517564514621,4,BOTH,0.421445369720459,63.63636363636363,76.92307692307692,US,S3,4,FN_MATCHER_REJECTED
S1-897345843,candidate_present,S2-82009379,S3-19390818,0.6066778433450705,2,BOTH,0.6649959683418274,88.23529411764706,0.0,US,S2,2,FN_MATCHER_REJECTED
S1-430796393,candidate_present,S3-60378783,"S3-499390397,S3-776956127,S3-803549183,S2-204748032",0.7823864051681011,5,BOTH,0.4529300630092621,85.0,0.0,US,S3,5,FN_MATCHER_REJECTED
S1-874714304,candidate_present,S2-242577164,"S2-294676347,S2-932072759,S3-733412269",0.5895357392808637,4,BOTH,0.1379115879535675,13.636363636363635,68.68686868686868,India,S2,4,FN_MATCHER_REJECTED
S1-983293517,candidate_present,S2-954308430,"S3-406806571,S3-314785968",0.8838645767869354,2,BOTH,0.3675873577594757,71.11111111111111,89.83050847457628,India,S2,3,FN_MATCHER_REJECTED
S1-441753808,candidate_present,S2-433938984,"S3-699141279,S3-739409331,S3-957698355,S3-35519213,S2-915027705",0.4521306014914751,22,CHAMPION_ONLY,0.09178650379180908,80.0,0.0,US,S2,6,FN_MATCHER_REJECTED
S1-294079950,candidate_present,S2-927793321,,0.4096325045855566,3,BOTH,0.0028313815128058195,75.0,0.0,US,S2,1,FN_MATCHER_REJECTED
S1-211616414,candidate_missing,S3-968495590,"S2-537594392,S2-635331826",0.27894556565774753,5,NOT_IN_CANDS,0.0,18.6046511627907,61.9718309859155,US,S3,3,FN_CANDIDATE_MISS
S1-601699187,candidate_present,S2-149223099,"S3-66889910,S2-633026021,S3-551208750,S2-57525265,S3-696432201",0.4609338006821325,7,BOTH,0.09262421727180481,12.5,82.14285714285714,US,S2,6,FN_MATCHER_REJECTED
S1-857641297,candidate_present,NONE,S2-599186602,0.8366217750646503,2,BOTH,0.8196167945861816,64.0,96.2962962962963,US,S2,3,FP_FALSE_POSITIVE_MERGE
S1-858808112,candidate_missing,S2-48381781,"S2-105987335,S2-595439972,S2-282546694",0.39559246531327713,15,NOT_IN_CANDS,0.0,11.538461538461542,56.29629629629629,India,S2,4,FN_CANDIDATE_MISS
S1-968726233,candidate_present,S3-271719961,"S3-919982251,S2-481719154",0.0,-1,CHAMPION_ONLY,0.39623215794563293,76.0,0.0,India,S3,4,FN_MATCHER_REJECTED
S1-968726233,candidate_missing,S2-223128564,"S3-919982251,S2-481719154",0.0,-1,NOT_IN_CANDS,0.0,14.634146341463417,53.84615384615385,India,S2,4,FN_CANDIDATE_MISS
S1-998752664,candidate_present,S3-501391936,"S2-837168907,S3-4744694",0.0,-1,CHAMPION_ONLY,0.40296968817710876,62.5,26.0,India,S3,3,FN_MATCHER_REJECTED
S1-893682153,candidate_present,NONE,S3-494372643,0.0,-1,CHAMPION_ONLY,0.9460737705230713,100.0,37.704918032786885,India,S3,2,FP_FALSE_POSITIVE_MERGE
S1-726994180,candidate_missing,S2-109542256,S2-980819594,0.0,-1,NOT_IN_CANDS,0.0,12.765957446808507,62.06896551724138,India,S2,2,FN_CANDIDATE_MISS
S1-777398041,candidate_present,S3-824001034,"S2-44704120,S3-794228985",0.748874511331719,3,BOTH,0.3929845690727234,34.285714285714285,92.3913043478261,India,S3,3,FN_MATCHER_REJECTED
S1-197723853,candidate_present,S3-733339551,"S2-937991087,S3-238142457",0.4421776335439195,6,BOTH,0.44080522656440735,30.303030303030297,72.1311475409836,US,S3,3,FN_MATCHER_REJECTED
S1-103985440,candidate_missing,S2-548205844,"S3-333337173,S2-608002728,S2-22938550",0.0,-1,NOT_IN_CANDS,0.0,11.764705882352944,45.28301886792453,India,S2,4,FN_CANDIDATE_MISS
S1-416298906,candidate_present,S2-651842792,"S3-203080524,S2-415974752,S2-610509762,S3-763341170",0.8914671260417731,2,BOTH,0.3412191867828369,54.54545454545454,91.89189189189189,India,S2,5,FN_MATCHER_REJECTED
S1-363794269,candidate_present,S2-824679254,"S3-261322315,S3-555662922,S3-461064277,S2-365572475",0.8291726286231313,4,BOTH,0.3786693513393402,54.28571428571429,82.75862068965517,US,S2,5,FN_MATCHER_REJECTED
S1-315544608,candidate_missing,S2-144709526,S2-819687217,0.0,-1,NOT_IN_CANDS,0.0,80.0,0.0,US,S2,2,FN_CANDIDATE_MISS
S1-124537839,candidate_missing,S2-741503104,"S3-80959624,S3-657548963,S2-488317325",0.566184591039665,17,NOT_IN_CANDS,0.0,12.903225806451612,94.44444444444444,India,S2,5,FN_CANDIDATE_MISS
S1-124537839,candidate_missing,S2-320411308,"S3-80959624,S3-657548963,S2-488317325",0.566184591039665,16,NOT_IN_CANDS,0.0,12.903225806451612,94.44444444444444,India,S2,5,FN_CANDIDATE_MISS
S1-797029408,candidate_present,S3-456637010,"S2-270396827,S3-792910480,S2-762491292",0.5004878440785764,4,BOTH,0.010267390869557858,48.275862068965516,56.41025641025641,US,S3,4,FN_MATCHER_REJECTED
S1-648808673,candidate_present,NONE,S2-181851707,0.6626559314996253,5,BOTH,0.7108466625213623,93.33333333333333,0.0,US,S2,4,FP_FALSE_POSITIVE_MERGE
S1-242785682,candidate_present,S2-997507194,"S2-270975867,S3-79959356",0.6275196176609619,3,BOTH,0.5560186505317688,87.17948717948718,0.0,US,S2,3,FN_MATCHER_REJECTED
S1-583553846,candidate_present,S2-127942296,"S3-301804919,S3-778497835,S3-989897447,S2-446401252,S3-569720938",0.0,-1,CHAMPION_ONLY,0.0018524592742323875,48.78048780487805,0.0,US,S2,6,FN_MATCHER_REJECTED
S1-153933155,candidate_present,S2-63649468,"S3-73843204,S2-157444111,S2-600350724,S2-234084042,S3-972667672,S2-770985860",0.6638556052529369,6,SEMANTIC_ONLY,0.23427602648735046,84.44444444444444,0.0,US,S2,7,FN_MATCHER_REJECTED
S1-153933155,candidate_present,S2-638534550,"S3-73843204,S2-157444111,S2-600350724,S2-234084042,S3-972667672,S2-770985860",0.658102535939498,7,SEMANTIC_ONLY,0.08455561846494675,75.55555555555556,0.0,US,S2,7,FN_MATCHER_REJECTED
S1-153933155,candidate_present,NONE,S2-234084042,0.6863015751169499,5,SEMANTIC_ONLY,0.7438797354698181,89.47368421052632,0.0,US,S2,7,FP_FALSE_POSITIVE_MERGE
S1-706210642,candidate_present,S2-200388463,"S2-188256676,S2-596852786,S3-483076654,S3-43322297",0.6175851366640062,4,BOTH,0.48943033814430237,48.484848484848484,93.02325581395348,US,S2,6,FN_MATCHER_REJECTED
S1-706210642,candidate_present,S2-465809746,"S2-188256676,S2-596852786,S3-483076654,S3-43322297",0.4395291231986011,10,SEMANTIC_ONLY,0.006517525762319565,22.22222222222222,93.02325581395348,US,S2,6,FN_MATCHER_REJECTED
S1-84382225,candidate_missing,S2-563892275,"S3-517742467,S2-528192000",0.0,-1,NOT_IN_CANDS,0.0,15.789473684210531,40.0,India,S2,3,FN_CANDIDATE_MISS
S1-727234567,candidate_present,NONE,S3-724027537,0.0,-1,CHAMPION_ONLY,0.7277330756187439,65.11627906976744,44.15584415584416,India,S3,1,FP_FALSE_POSITIVE_MERGE
S1-616698158,candidate_present,S2-644752828,"S3-775315894,S2-501275420,S3-760574071",0.39973657390109923,26,CHAMPION_ONLY,0.2565620541572571,69.76744186046511,0.0,US,S2,4,FN_MATCHER_REJECTED
S1-760008950,candidate_present,S2-46981658,"S2-414611717,S2-671161403,S3-602246567,S2-832549785",0.43488320862608926,6,BOTH,0.4305438697338104,11.764705882352944,58.26771653543308,India,S2,5,FN_MATCHER_REJECTED
S1-172478061,candidate_missing,S2-418813802,"S2-70126400,S3-37606073,S3-922911454,S3-813691618",0.0,-1,NOT_IN_CANDS,0.0,13.33333333333333,39.62264150943396,India,S2,5,FN_CANDIDATE_MISS
S1-403227224,candidate_present,S3-573965440,"S2-413275222,S2-820709282,S2-421271567,S2-388220379,S3-779994203,S3-118600205",0.47896442731035854,9,BOTH,0.5694890022277832,11.111111111111116,61.53846153846154,US,S3,7,FN_MATCHER_REJECTED
S1-403227224,candidate_present,S2-969067065,"S2-413275222,S2-820709282,S2-421271567,S2-388220379,S3-779994203,S3-118600205",0.5746540852018384,7,SEMANTIC_ONLY,0.18870772421360016,66.66666666666667,55.55555555555556,US,S2,7,FN_MATCHER_REJECTED
S1-403227224,candidate_present,NONE,S3-779994203,0.617871470638473,6,BOTH,0.8726722598075867,86.95652173913044,53.125,US,S3,7,FP_FALSE_POSITIVE_MERGE
S1-641738655,candidate_present,NONE,S3-628537689,0.7049153516135857,4,BOTH,0.8997392654418945,100.0,0.0,US,S3,4,FP_FALSE_POSITIVE_MERGE
S1-347238655,candidate_present,S3-139991261,"S3-542147007,S3-622358710,S2-226336985,S2-544006950",0.49644181210542915,5,BOTH,0.3536599278450012,76.19047619047619,0.0,US,S3,5,FN_MATCHER_REJECTED
S1-355685907,candidate_present,S2-979678502,"S3-998473387,S2-350098288,S3-97296127,S2-898349222,S3-383014372,S3-560301687",0.5153930955454158,8,BOTH,0.6016303300857544,57.14285714285714,64.40677966101696,US,S2,7,FN_MATCHER_REJECTED
S1-391369705,candidate_missing,S3-932954425,"S3-508530664,S2-307630554",0.0,-1,NOT_IN_CANDS,0.0,20.512820512820518,63.888888888888886,US,S3,3,FN_CANDIDATE_MISS
S1-398908407,candidate_present,NONE,S3-530041253,0.4193724330102726,9,BOTH,0.8485857248306274,89.47368421052632,0.0,India,S3,0,FP_FALSE_POSITIVE_MERGE
S1-129526258,candidate_present,S3-792146113,"S3-305083755,S3-826376574,S2-26222642",0.48664779512939116,14,CHAMPION_ONLY,0.0002053830976365134,9.090909090909093,48.97959183673469,India,S3,4,FN_MATCHER_REJECTED
S1-603508281,candidate_missing,S2-328139814,"S3-283811286,S3-227073366",0.0,-1,NOT_IN_CANDS,0.0,9.999999999999998,50.57471264367817,India,S2,6,FN_CANDIDATE_MISS
S1-603508281,candidate_missing,S2-426140498,"S3-283811286,S3-227073366",0.0,-1,NOT_IN_CANDS,0.0,9.999999999999998,50.57471264367817,India,S2,6,FN_CANDIDATE_MISS
S1-603508281,candidate_missing,S3-660580580,"S3-283811286,S3-227073366",0.0,-1,NOT_IN_CANDS,0.0,9.999999999999998,44.9438202247191,India,S3,6,FN_CANDIDATE_MISS
S1-603508281,candidate_missing,S2-624642264,"S3-283811286,S3-227073366",0.0,-1,NOT_IN_CANDS,0.0,9.999999999999998,34.883720930232556,India,S2,6,FN_CANDIDATE_MISS
S1-61933885,candidate_present,S3-552155803,"S3-906530906,S3-552005611",0.0,-1,CHAMPION_ONLY,0.02218259498476982,21.62162162162162,91.30434782608697,US,S3,3,FN_MATCHER_REJECTED
S1-219256450,candidate_present,S2-534210281,"S3-870020806,S3-584078322",0.656997422880963,3,BOTH,0.2799757719039917,85.24590163934427,0.0,India,S2,3,FN_MATCHER_REJECTED
S1-398174399,candidate_missing,S3-61459372,"S3-968276531,S2-837633757,S2-868242102",0.0,-1,NOT_IN_CANDS,0.0,14.28571428571429,31.88405797101449,India,S3,4,FN_CANDIDATE_MISS
S1-398174399,candidate_missing,S2-301073783,"S3-968276531,S2-837633757,S2-868242102",0.0,-1,NOT_IN_CANDS,0.0,14.28571428571429,43.66197183098591,India,S2,4,FN_CANDIDATE_MISS
S1-398174399,candidate_present,NONE,S2-868242102,0.4762456962777099,4,BOTH,0.9551324248313904,79.16666666666666,42.75862068965517,India,S2,4,FP_FALSE_POSITIVE_MERGE
S1-665513216,candidate_present,S2-710311922,"S3-84866279,S2-283307998",0.0,-1,CHAMPION_ONLY,0.31194519996643066,76.92307692307692,0.0,US,S2,3,FN_MATCHER_REJECTED
S1-749622701,candidate_present,NONE,S3-186873178,0.8400802785249702,6,BOTH,0.9151397943496704,79.24528301886792,87.8048780487805,US,S3,6,FP_FALSE_POSITIVE_MERGE
S1-73443788,candidate_present,S2-35880570,"S3-701911353,S3-665744277,S3-136353423,S2-39811116,S3-777747734",0.3649852818850111,27,CHAMPION_ONLY,0.67682945728302,97.2972972972973,0.0,India,S2,6,FN_MATCHER_REJECTED
S1-570673510,candidate_present,S2-819335067,,0.571835839231713,4,BOTH,0.06226474046707153,11.764705882352944,80.85106382978724,India,S2,1,FN_MATCHER_REJECTED
S1-533287519,candidate_present,NONE,S2-503956565,0.6023046141429161,4,BOTH,0.8274813890457153,100.0,0.0,US,S2,3,FP_FALSE_POSITIVE_MERGE
S1-839493059,candidate_present,S3-755429548,"S2-918065800,S3-286856866",0.4254494833855067,3,SEMANTIC_ONLY,0.004604975692927837,81.4814814814815,44.11764705882353,US,S3,3,FN_MATCHER_REJECTED
S1-221282765,candidate_missing,S3-510956951,"S2-32996149,S2-226379428",0.0,-1,NOT_IN_CANDS,0.0,12.765957446808507,59.09090909090908,India,S3,3,FN_CANDIDATE_MISS
S1-114406426,candidate_present,NONE,S3-670951803,0.6431311625965475,5,SEMANTIC_ONLY,0.6904441714286804,15.384615384615385,89.28571428571429,India,S3,4,FP_FALSE_POSITIVE_MERGE
S1-588917480,candidate_present,S3-658526534,"S2-735209026,S2-336524922,S2-320698590,S2-795055158",0.47549653334391717,5,BOTH,0.32972776889801025,23.529411764705888,80.70175438596492,US,S3,5,FN_MATCHER_REJECTED
S1-16405034,candidate_present,S3-210042280,"S2-69912863,S3-775892083,S2-336071863",0.5118916164457316,4,BOTH,0.09464675933122635,67.9245283018868,0.0,US,S3,5,FN_MATCHER_REJECTED
S1-16405034,candidate_present,S2-504918925,"S2-69912863,S3-775892083,S2-336071863",0.5099387436958128,5,BOTH,0.6237208843231201,93.10344827586206,0.0,US,S2,5,FN_MATCHER_REJECTED
S1-462518224,candidate_present,S3-811143477,"S2-138022945,S2-362501609,S3-798468993,S3-545143033",0.34790743368502935,10,SEMANTIC_ONLY,0.25622430443763733,64.0,47.42268041237113,India,S3,5,FN_MATCHER_REJECTED
S1-869233568,candidate_present,S2-853505388,"S3-640031762,S2-963278400,S2-454780592",0.5224826042582092,4,BOTH,0.284793883562088,69.23076923076923,0.0,US,S2,4,FN_MATCHER_REJECTED
S1-102077082,candidate_present,NONE,S3-686023876,0.7827911468838168,5,BOTH,0.9850262403488159,62.06896551724138,77.96610169491525,US,S3,4,FP_FALSE_POSITIVE_MERGE
S1-210495724,candidate_present,NONE,S2-280206767,0.5985055215109211,8,BOTH,0.7707855701446533,90.47619047619048,0.0,US,S2,5,FP_FALSE_POSITIVE_MERGE
S1-210495724,candidate_present,NONE,S2-403645041,0.6160082164489559,6,BOTH,0.7707855701446533,90.47619047619048,0.0,US,S2,5,FP_FALSE_POSITIVE_MERGE
S1-833717954,candidate_present,S2-961840255,"S2-833693181,S2-337878475,S2-346676867,S3-927709768,S3-4570128,S3-624795769",0.5310716844779622,7,BOTH,0.4370536804199219,37.83783783783784,76.19047619047619,US,S2,7,FN_MATCHER_REJECTED
S1-346599123,candidate_present,S3-454804553,S3-889143817,0.6808178154053374,2,BOTH,0.08157982677221298,66.66666666666667,74.35897435897436,US,S3,2,FN_MATCHER_REJECTED
S1-994770822,candidate_present,S2-958989271,"S2-749119056,S2-125951108,S3-1178226",0.0,-1,CHAMPION_ONLY,0.021167008206248283,63.33333333333333,0.0,India,S2,4,FN_MATCHER_REJECTED
S1-970686161,candidate_present,S3-423839474,"S3-840881855,S2-323876579,S3-973472484,S2-141901711",0.47615317455471023,6,BOTH,0.6506833434104919,75.47169811320755,46.29629629629629,India,S3,4,FN_MATCHER_REJECTED
S1-970686161,candidate_present,NONE,S2-141901711,0.8497267776350614,3,BOTH,0.9608161449432373,80.0,98.78048780487805,India,S2,4,FP_FALSE_POSITIVE_MERGE
S1-238697350,candidate_present,NONE,S2-102712177,0.8350697344850163,2,BOTH,0.890525758266449,61.9718309859155,88.0,India,S2,2,FP_FALSE_POSITIVE_MERGE
S1-761030884,candidate_missing,S3-633599851,"S2-809438901,S2-860583585,S3-731273744,S2-911815316",0.36100052735135135,30,NOT_IN_CANDS,0.0,21.739130434782606,79.24528301886792,US,S3,5,FN_CANDIDATE_MISS
S1-980888634,candidate_present,NONE,S2-377437945,0.0,-1,CHAMPION_ONLY,0.8725665211677551,11.538461538461542,51.28205128205128,India,S2,4,FP_FALSE_POSITIVE_MERGE
S1-600966987,candidate_present,NONE,S3-750093551,0.0,-1,CHAMPION_ONLY,0.7451801300048828,82.35294117647058,54.90196078431373,India,S3,4,FP_FALSE_POSITIVE_MERGE
S1-627598051,candidate_missing,S2-370598152,"S3-888018326,S3-347548900",0.0,-1,NOT_IN_CANDS,0.0,92.3076923076923,0.0,India,S2,3,FN_CANDIDATE_MISS
S1-182779281,candidate_present,NONE,S2-782408561,0.7139705956930118,3,BOTH,0.8535950183868408,100.0,0.0,US,S2,2,FP_FALSE_POSITIVE_MERGE
S1-104369280,candidate_present,NONE,S3-925200639,0.638556932866418,3,BOTH,0.8181317448616028,90.47619047619048,0.0,US,S3,2,FP_FALSE_POSITIVE_MERGE
S1-972151648,candidate_present,NONE,S3-278968813,0.6839090581522055,4,BOTH,0.7143975496292114,94.28571428571428,0.0,US,S3,3,FP_FALSE_POSITIVE_MERGE
S1-274384577,candidate_present,NONE,S2-332453876,0.860485480026584,1,BOTH,0.9833821058273315,66.66666666666667,80.3030303030303,India,S2,0,FP_FALSE_POSITIVE_MERGE
S1-987754641,candidate_present,S3-944732175,"S3-39025520,S3-516512482,S2-430228001",0.5472609246037864,5,SEMANTIC_ONLY,0.6640765070915222,38.70967741935484,36.14457831325302,India,S3,4,FN_MATCHER_REJECTED
S1-508927240,candidate_present,S3-574836212,"S2-63281925,S3-637224702",0.35859302014963607,8,BOTH,0.07552787661552429,89.47368421052632,44.87179487179487,India,S3,3,FN_MATCHER_REJECTED
S1-978120819,candidate_present,S2-180017713,"S3-670435158,S3-789358117",0.5634598907708595,3,SEMANTIC_ONLY,0.3694864809513092,48.64864864864865,34.78260869565217,India,S2,3,FN_MATCHER_REJECTED
S1-640695552,candidate_present,S2-393681998,"S2-134358504,S2-309538842,S3-792345582,S3-851766303,S2-819573004",0.5307738594754764,6,BOTH,0.4710420072078705,92.3076923076923,0.0,India,S2,6,FN_MATCHER_REJECTED
S1-36635432,candidate_present,S3-780235072,"S3-814297695,S3-734097154",0.8430617538703858,3,BOTH,0.65062415599823,52.3076923076923,87.87878787878788,India,S3,3,FN_MATCHER_REJECTED
S1-673475738,candidate_present,NONE,S2-1578650,0.910495259837172,1,BOTH,0.896119236946106,91.13924050632912,91.30434782608697,US,S2,1,FP_FALSE_POSITIVE_MERGE
S1-938871928,candidate_present,S2-698153201,"S3-506925332,S3-640624455,S3-487303917,S2-450725341,S3-924484727,S2-410197245,S3-435188247",0.3593825213865738,20,CHAMPION_ONLY,0.031262725591659546,9.999999999999998,58.46153846153845,US,S2,8,FN_MATCHER_REJECTED
S1-255181900,candidate_present,S2-185187345,"S3-873469355,S3-658730971,S2-940508709,S2-37530418",0.4707596088880654,5,SEMANTIC_ONLY,0.15577976405620575,88.88888888888889,0.0,US,S2,5,FN_MATCHER_REJECTED
S1-803001939,candidate_missing,S3-750301100,"S2-32133630,S2-162049589,S3-766782822",0.0,-1,NOT_IN_CANDS,0.0,23.529411764705888,87.5,US,S3,5,FN_CANDIDATE_MISS
S1-803001939,candidate_missing,S3-55589046,"S2-32133630,S2-162049589,S3-766782822",0.0,-1,NOT_IN_CANDS,0.0,17.14285714285714,93.33333333333333,US,S3,5,FN_CANDIDATE_MISS
S1-580071060,candidate_missing,S3-620827466,S3-212216920,0.0,-1,NOT_IN_CANDS,0.0,52.63157894736843,0.0,India,S3,2,FN_CANDIDATE_MISS
S1-51911905,candidate_present,NONE,S2-563275270,0.7882484386538132,3,SEMANTIC_ONLY,0.9425671696662903,51.42857142857142,92.85714285714286,US,S2,4,FP_FALSE_POSITIVE_MERGE
S1-580569047,candidate_present,S3-381171307,S2-631195208,0.5881344543213479,2,BOTH,0.6484500169754028,37.03703703703704,89.1891891891892,India,S3,2,FN_MATCHER_REJECTED
S1-950335592,candidate_present,NONE,S2-372192671,0.7164640770880301,7,BOTH,0.901612401008606,100.0,0.0,US,S2,6,FP_FALSE_POSITIVE_MERGE
S1-293975637,candidate_present,S2-682636116,S3-470741387,0.5869254444563983,2,BOTH,0.636236846446991,84.61538461538461,0.0,US,S2,2,FN_MATCHER_REJECTED
S1-276714609,candidate_present,S3-575111795,"S2-655275477,S2-752163508",0.0,-1,CHAMPION_ONLY,0.018408818170428276,25.806451612903224,54.54545454545454,US,S3,3,FN_MATCHER_REJECTED
S1-18967077,candidate_missing,S3-534319152,S3-1499907,0.4506560075379079,20,NOT_IN_CANDS,0.0,79.16666666666666,0.0,India,S3,2,FN_CANDIDATE_MISS
S1-118143053,candidate_present,S3-897451248,S2-762742592,0.5293713199594915,2,BOTH,0.30816835165023804,78.78787878787878,0.0,US,S3,2,FN_MATCHER_REJECTED
S1-399045051,candidate_present,S3-662194237,"S2-36859622,S2-607459953,S2-53737238",0.5765590011387642,4,BOTH,0.1313496232032776,72.72727272727273,61.06870229007634,India,S3,4,FN_MATCHER_REJECTED
S1-384775154,candidate_present,S3-195806423,"S2-424282741,S2-605145078,S2-40517567,S3-333676971,S2-631201381,S2-166353996",0.4692045006756652,7,SEMANTIC_ONLY,0.021804718300700188,23.25581395348837,66.11570247933885,US,S3,7,FN_MATCHER_REJECTED
S1-270579599,candidate_present,S2-113930443,"S2-42550274,S3-370779391,S3-293559511,S2-185938162,S2-656753012",0.668108783016179,5,SEMANTIC_ONLY,0.006194316316395998,65.3061224489796,77.41935483870968,US,S2,6,FN_MATCHER_REJECTED
S1-360488265,candidate_present,NONE,S2-365425764,0.0,-1,CHAMPION_ONLY,0.8189036250114441,12.5,61.31386861313868,India,S2,6,FP_FALSE_POSITIVE_MERGE
S1-981494241,candidate_present,S3-410519779,"S2-763754424,S3-104755568,S3-276701718",0.671427375800856,4,BOTH,0.4336310029029846,86.36363636363636,0.0,US,S3,4,FN_MATCHER_REJECTED
S1-738226129,candidate_missing,S2-901386970,S3-708641161,0.0,-1,NOT_IN_CANDS,0.0,11.111111111111116,43.79562043795621,India,S2,2,FN_CANDIDATE_MISS
S1-143532694,candidate_present,S2-639306341,"S3-621048914,S3-220765441,S3-156372805,S3-797580607,S2-168759102",0.7022451703217453,6,BOTH,0.016010984778404236,92.85714285714286,38.095238095238095,India,S2,6,FN_MATCHER_REJECTED
S1-33279841,candidate_present,S2-282480521,S3-957969844,0.6917700769327603,2,BOTH,0.6343608498573303,81.25,0.0,US,S2,2,FN_MATCHER_REJECTED
S1-854438442,candidate_present,NONE,S2-149649087,0.865976661551896,1,BOTH,0.9238612651824951,88.88888888888889,76.92307692307692,US,S2,0,FP_FALSE_POSITIVE_MERGE
S1-122298438,candidate_present,S3-767397715,"S3-863720561,S2-472638347,S3-630148820,S3-472446267",0.334475609846571,7,BOTH,0.06557758152484894,82.05128205128204,0.0,US,S3,5,FN_MATCHER_REJECTED
S1-948960289,candidate_present,S3-902067641,S2-594958900,0.0,-1,CHAMPION_ONLY,0.06065920367836952,70.76923076923076,0.0,India,S3,2,FN_MATCHER_REJECTED
S1-254667844,candidate_present,NONE,S3-462370914,0.8731577506992286,4,BOTH,0.9272730350494385,83.33333333333334,86.56716417910448,US,S3,5,FP_FALSE_POSITIVE_MERGE
S1-829922699,candidate_present,S2-834006165,"S2-515038718,S2-489506771,S3-964206070,S2-666708336,S2-267516011",0.49454204899122267,7,SEMANTIC_ONLY,0.533970296382904,13.33333333333333,89.79591836734694,US,S2,7,FN_MATCHER_REJECTED
S1-829922699,candidate_present,S3-103733832,"S2-515038718,S2-489506771,S3-964206070,S2-666708336,S2-267516011",0.6428709411358392,6,BOTH,0.4652491807937622,75.67567567567568,0.0,US,S3,7,FN_MATCHER_REJECTED
S1-758188791,candidate_present,NONE,S2-798972360,0.5502463296543121,4,SEMANTIC_ONLY,0.7932491302490234,13.636363636363635,67.5,India,S2,1,FP_FALSE_POSITIVE_MERGE
S1-112233211,candidate_present,S3-963187706,"S3-396314439,S2-858712825,S2-284995372",0.6351714096718856,4,BOTH,0.00813949666917324,54.54545454545454,53.16455696202531,India,S3,4,FN_MATCHER_REJECTED
S1-938925234,candidate_present,S2-707344471,"S3-467712685,S2-795201595,S2-4238724",0.5229174891009163,4,BOTH,0.3629191517829895,82.92682926829268,0.0,US,S2,4,FN_MATCHER_REJECTED
S1-534316721,candidate_present,S3-619471922,"S3-661298259,S3-510914592,S3-548828352",0.4407478371172316,4,BOTH,0.12540508806705475,60.0,0.0,US,S3,4,FN_MATCHER_REJECTED
S1-456992353,candidate_present,S2-14138886,"S2-386490131,S3-404803644,S3-823815586,S3-580874493",0.0,-1,CHAMPION_ONLY,0.6781718134880066,66.66666666666667,0.0,US,S2,5,FN_MATCHER_REJECTED
S1-821458243,candidate_present,NONE,S3-136535324,0.5111878562050128,6,SEMANTIC_ONLY,0.7473660111427307,89.85507246376811,0.0,India,S3,5,FP_FALSE_POSITIVE_MERGE
S1-841902972,candidate_present,S3-899015108,"S2-793431170,S3-499544485,S2-596093454",0.0,-1,CHAMPION_ONLY,0.022426510229706764,38.888888888888886,36.61971830985915,India,S3,4,FN_MATCHER_REJECTED
S1-185275300,candidate_present,S3-517459676,S3-954134,0.5866497291123733,2,BOTH,0.010331357829272747,100.0,45.714285714285715,US,S3,2,FN_MATCHER_REJECTED
S1-283128413,candidate_present,S3-864531388,S2-298482412,0.6224284741148142,2,BOTH,0.016312362626194954,23.529411764705888,54.73684210526315,India,S3,2,FN_MATCHER_REJECTED
S1-80788357,candidate_missing,S3-214422570,"S2-537937775,S2-555584679,S3-281226644,S2-289641900,S2-68404678,S3-94062879,S3-808130757",0.0,-1,NOT_IN_CANDS,0.0,46.15384615384615,34.48275862068966,India,S3,8,FN_CANDIDATE_MISS
S1-933802468,candidate_present,S2-59013312,"S2-992954482,S3-17280711,S2-920308562,S2-500203572",0.5145499019886722,5,SEMANTIC_ONLY,0.07528625428676605,90.0,57.14285714285714,US,S2,5,FN_MATCHER_REJECTED
S1-402494894,candidate_missing,S2-603503906,"S3-941185162,S3-740425827,S3-478075407",0.4609829329901565,18,NOT_IN_CANDS,0.0,41.666666666666664,84.61538461538461,US,S2,4,FN_CANDIDATE_MISS
S1-568867746,candidate_present,S3-180154954,S3-297327355,0.7043273924837539,2,BOTH,0.46212783455848694,35.29411764705882,89.76377952755905,India,S3,2,FN_MATCHER_REJECTED
S1-75048513,candidate_present,S3-149059487,"S2-242490466,S2-940871798,S3-765307820",0.8749878872442497,1,BOTH,0.584211528301239,84.0,83.96946564885496,India,S3,4,FN_MATCHER_REJECTED
S1-6248961,candidate_present,S2-567437388,"S2-239740656,S3-74487204",0.47807103999411193,3,BOTH,0.021846069023013115,76.92307692307692,0.0,US,S2,3,FN_MATCHER_REJECTED
S1-675110995,candidate_present,S3-750834975,"S3-136707342,S3-638821629,S3-596835628,S2-844759835,S2-521026331,S2-770347320",0.39716745791428204,19,CHAMPION_ONLY,0.506855309009552,90.0,0.0,India,S3,8,FN_MATCHER_REJECTED
S1-675110995,candidate_present,S3-851913507,"S3-136707342,S3-638821629,S3-596835628,S2-844759835,S2-521026331,S2-770347320",0.4018882269093909,16,CHAMPION_ONLY,0.23684246838092804,88.88888888888889,0.0,India,S3,8,FN_MATCHER_REJECTED
S1-896419979,candidate_present,S3-255859213,"S2-132155380,S3-700580482,S3-206157432",0.5860794558308494,4,BOTH,0.5907812118530273,54.54545454545454,74.57627118644068,US,S3,4,FN_MATCHER_REJECTED
S1-775802668,candidate_present,NONE,S2-410550539,0.4303801976460861,23,CHAMPION_ONLY,0.8819615840911865,17.14285714285714,43.67816091954023,India,S2,6,FP_FALSE_POSITIVE_MERGE
S1-409450179,candidate_present,S3-893898073,S2-157009932,0.6924388095248433,2,SEMANTIC_ONLY,0.44920045137405396,50.0,78.94736842105263,US,S3,2,FN_MATCHER_REJECTED
S1-680297893,candidate_present,S2-863560053,"S3-297843429,S3-805461911",0.5106788775724631,4,BOTH,0.37208259105682373,14.634146341463417,63.26530612244898,India,S2,3,FN_MATCHER_REJECTED
S1-51612359,candidate_present,NONE,S3-896903837,0.655315334528627,6,BOTH,0.8303466439247131,100.0,0.0,US,S3,5,FP_FALSE_POSITIVE_MERGE
S1-416045941,candidate_present,S3-957727595,S3-264361359,0.5290742134304964,2,BOTH,0.30284789204597473,79.16666666666666,0.0,US,S3,2,FN_MATCHER_REJECTED
S1-797166769,candidate_present,S3-47012365,"S3-908478723,S2-138426822,S2-216320807,S3-240127835",0.4987000326709004,9,SEMANTIC_ONLY,0.6291562914848328,92.3076923076923,0.0,India,S3,5,FN_MATCHER_REJECTED
S1-128560585,candidate_missing,S3-805741841,"S2-577856206,S2-39264807,S2-561548169,S3-350490867,S2-136090023",0.0,-1,NOT_IN_CANDS,0.0,92.85714285714286,0.0,US,S3,6,FN_CANDIDATE_MISS
S1-312653784,candidate_present,S3-260340567,"S3-343486520,S3-472650371,S2-134939848,S2-990698006,S3-922654990",0.0,-1,CHAMPION_ONLY,0.5138251781463623,28.57142857142857,71.42857142857143,US,S3,6,FN_MATCHER_REJECTED
S1-500972968,candidate_present,S2-191448537,"S2-812684743,S3-547146370,S3-495334538",0.3759890575244011,8,BOTH,0.4937342405319214,64.70588235294117,0.0,US,S2,4,FN_MATCHER_REJECTED
S1-952393174,candidate_present,S2-740955362,"S2-510949001,S2-634518520,S3-865784956",0.8801315216232043,2,BOTH,0.49691155552864075,60.0,89.53488372093024,India,S2,3,FN_MATCHER_REJECTED
S1-952393174,candidate_present,NONE,S2-634518520,0.35095393726050583,12,CHAMPION_ONLY,0.7600342035293579,86.66666666666667,0.0,India,S2,3,FP_FALSE_POSITIVE_MERGE
S1-817086247,candidate_present,S2-479170002,"S3-76051792,S2-607726396,S3-60669616,S3-470298452",0.6017188384820903,5,BOTH,0.47717800736427307,77.19298245614034,0.0,US,S2,5,FN_MATCHER_REJECTED
S1-934097025,candidate_present,S3-267147848,"S3-763731187,S2-304854605",0.4221455194341091,4,BOTH,0.5112729072570801,73.33333333333334,0.0,US,S3,3,FN_MATCHER_REJECTED
S1-455065535,candidate_present,S2-988601963,"S3-939366179,S2-606389615,S2-237303693",0.5733581687924626,4,SEMANTIC_ONLY,0.5792946219444275,26.66666666666667,56.310679611650485,India,S2,4,FN_MATCHER_REJECTED
S1-750590059,candidate_present,S3-377903912,"S2-742949734,S2-445223823",0.5512347524343998,3,SEMANTIC_ONLY,0.05616839602589607,41.860465116279066,41.12149532710281,India,S3,3,FN_MATCHER_REJECTED
S1-569516464,candidate_present,S3-569227200,"S3-791153457,S3-644913888,S3-875144164,S2-331103500,S2-230675400,S2-897210163,S2-661268672",0.5472822829932872,14,CHAMPION_ONLY,0.0005858996300958097,30.76923076923077,50.48543689320388,India,S3,8,FN_MATCHER_REJECTED
S1-814653404,candidate_present,S3-235663294,"S3-729516250,S2-154629753,S2-673673078,S3-145058987,S2-516078670",0.5259099768536969,6,BOTH,0.45096245408058167,6.666666666666665,75.0,India,S3,6,FN_MATCHER_REJECTED
S1-308267378,candidate_present,S2-942473002,"S2-536354350,S3-977433675",0.5047910205839348,6,BOTH,0.3619241416454315,82.75862068965517,50.847457627118644,US,S2,3,FN_MATCHER_REJECTED
S1-117701554,candidate_present,S2-625558992,"S3-585305855,S3-705091593",0.0,-1,CHAMPION_ONLY,0.031080810353159904,85.71428571428572,0.0,India,S2,3,FN_MATCHER_REJECTED
S1-75182849,candidate_present,S2-472452893,"S3-594533656,S3-253216106",0.6741776655467887,3,BOTH,0.02036008983850479,75.0,0.0,US,S2,3,FN_MATCHER_REJECTED
S1-308541872,candidate_present,S2-66043851,"S3-639496221,S2-505145930",0.7190319091371381,2,BOTH,0.5863091945648193,33.333333333333336,69.1358024691358,India,S2,3,FN_MATCHER_REJECTED
S1-470413545,candidate_present,S2-759194743,"S2-216404742,S2-233532959,S2-464290268",0.0,-1,CHAMPION_ONLY,0.14303551614284515,10.344827586206895,62.365591397849464,India,S2,5,FN_MATCHER_REJECTED
S1-470413545,candidate_present,S2-51464703,"S2-216404742,S2-233532959,S2-464290268",0.0,-1,CHAMPION_ONLY,0.45687219500541687,10.344827586206895,57.14285714285714,India,S2,5,FN_MATCHER_REJECTED
S1-717482440,candidate_missing,S2-371166108,"S3-464141372,S2-354166237,S2-58138207",0.0,-1,NOT_IN_CANDS,0.0,13.11475409836066,59.09090909090908,India,S2,5,FN_CANDIDATE_MISS
S1-717482440,candidate_missing,S2-24402412,"S3-464141372,S2-354166237,S2-58138207",0.0,-1,NOT_IN_CANDS,0.0,13.11475409836066,46.913580246913575,India,S2,5,FN_CANDIDATE_MISS
S1-812326182,candidate_present,S2-112086644,"S2-289981688,S2-980869254",0.5163993735356595,3,SEMANTIC_ONLY,0.037934597581624985,12.5,84.375,US,S2,3,FN_MATCHER_REJECTED
S1-254489741,candidate_missing,S2-340342759,"S3-345185722,S2-88654398",0.44397251551560213,24,NOT_IN_CANDS,0.0,95.23809523809523,0.0,India,S2,3,FN_CANDIDATE_MISS
S1-72150077,candidate_present,S2-307608203,"S3-772048077,S3-191532538,S3-290871275",0.7896755422291254,4,BOTH,0.6349343657493591,69.0909090909091,68.75,US,S2,4,FN_MATCHER_REJECTED
S1-973378020,candidate_present,S2-283743266,"S3-507542741,S3-298598244,S2-925001063,S2-617413883,S3-505547789,S3-819536135",0.7160655254166689,7,SEMANTIC_ONLY,0.27288708090782166,14.54545454545455,84.26966292134833,India,S2,7,FN_MATCHER_REJECTED
S1-418602091,candidate_missing,S2-411689769,"S3-342054512,S2-774888854",0.0,-1,NOT_IN_CANDS,0.0,10.909090909090914,65.06024096385542,India,S2,4,FN_CANDIDATE_MISS
S1-418602091,candidate_missing,S3-794141572,"S3-342054512,S2-774888854",0.0,-1,NOT_IN_CANDS,0.0,10.909090909090914,39.473684210526315,India,S3,4,FN_CANDIDATE_MISS
S1-430164153,candidate_present,NONE,S2-429336847,0.0,-1,CHAMPION_ONLY,0.993661642074585,34.285714285714285,57.49999999999999,India,S2,4,FP_FALSE_POSITIVE_MERGE
S1-848123668,candidate_present,S3-760205145,"S2-39707027,S2-340138849",0.5523263923052987,4,BOTH,0.127571702003479,30.76923076923077,88.13559322033898,US,S3,3,FN_MATCHER_REJECTED
S1-708313592,candidate_present,NONE,S2-41986027,0.6088586835553773,3,BOTH,0.6983581185340881,85.71428571428572,0.0,US,S2,2,FP_FALSE_POSITIVE_MERGE
S1-51000955,candidate_present,S2-683653171,"S3-144484108,S3-308675556,S2-347115344,S3-120668742",0.33935906678337646,19,CHAMPION_ONLY,0.4097279906272888,89.36170212765957,0.0,India,S2,5,FN_MATCHER_REJECTED
S1-85757045,candidate_present,S2-641038170,"S2-886575584,S3-17522327,S3-139779916",0.6254551491772417,4,BOTH,0.012607987970113754,34.285714285714285,71.42857142857143,India,S2,4,FN_MATCHER_REJECTED
S1-935963979,candidate_present,S3-466886529,"S3-812234045,S3-172296938,S2-235697744",0.4410934993160599,5,SEMANTIC_ONLY,0.016076236963272095,64.86486486486487,0.0,India,S3,4,FN_MATCHER_REJECTED
S1-52125880,candidate_present,NONE,S2-789397491,0.530273033417026,6,BOTH,0.9454934597015381,13.33333333333333,82.2429906542056,India,S2,3,FP_FALSE_POSITIVE_MERGE
S1-958798894,candidate_present,S3-85608460,"S2-651800101,S2-134516401",0.759518856727989,2,SEMANTIC_ONLY,0.15617887675762177,36.36363636363637,81.66666666666667,India,S3,2,FN_MATCHER_REJECTED
S1-958798894,candidate_present,NONE,S2-134516401,0.0,-1,CHAMPION_ONLY,0.8245980739593506,100.0,0.0,India,S2,2,FP_FALSE_POSITIVE_MERGE
S1-663700187,candidate_present,S2-306178113,"S2-463126384,S3-51224253,S3-966504663",0.3485036200212607,12,CHAMPION_ONLY,0.4805533289909363,91.89189189189189,0.0,US,S2,4,FN_MATCHER_REJECTED
S1-372478121,candidate_present,S3-937106063,"S2-453253939,S3-212045722,S3-384770379",0.7809663374004268,3,BOTH,0.13636168837547302,87.5,0.0,US,S3,4,FN_MATCHER_REJECTED
S1-651347389,candidate_present,S3-362304384,"S2-338313563,S2-725069165",0.8064634214796879,3,BOTH,0.5488808751106262,58.53658536585367,85.18518518518519,US,S3,3,FN_MATCHER_REJECTED
S1-826427058,candidate_present,S2-16195215,"S3-351669440,S2-291421844,S3-24190077",0.4592803168868565,5,BOTH,0.06011839956045151,84.61538461538461,48.10126582278481,US,S2,5,FN_MATCHER_REJECTED
S1-826427058,candidate_present,S2-959557461,"S3-351669440,S2-291421844,S3-24190077",0.4592803168868565,6,BOTH,0.06011839956045151,84.61538461538461,48.10126582278481,US,S2,5,FN_MATCHER_REJECTED
S1-232382411,candidate_missing,S3-40060015,"S2-241559382,S2-948517360",0.39751512528003674,18,NOT_IN_CANDS,0.0,86.95652173913044,0.0,India,S3,4,FN_CANDIDATE_MISS
S1-232382411,candidate_present,S2-834435934,"S2-241559382,S2-948517360",0.500177326113357,5,SEMANTIC_ONLY,0.293608158826828,12.0,57.692307692307686,India,S2,4,FN_MATCHER_REJECTED
S1-184471161,candidate_missing,S2-976560455,"S2-637502146,S3-494093677,S3-21555820",0.0,-1,NOT_IN_CANDS,0.0,91.66666666666666,0.0,India,S2,4,FN_CANDIDATE_MISS
S1-897446792,candidate_present,S2-228644546,"S2-626957515,S3-840979553,S3-743257758,S3-943118872",0.6666151402714803,4,BOTH,0.5602760314941406,58.82352941176471,95.45454545454545,US,S2,5,FN_MATCHER_REJECTED
S1-642743373,candidate_missing,S2-396984221,,0.0,-1,NOT_IN_CANDS,0.0,13.793103448275868,43.956043956043956,India,S2,2,FN_CANDIDATE_MISS
S1-642743373,candidate_missing,S2-368073496,,0.0,-1,NOT_IN_CANDS,0.0,13.793103448275868,59.57446808510638,India,S2,2,FN_CANDIDATE_MISS
S1-352708301,candidate_present,NONE,S3-824623820,0.7428413643541263,1,BOTH,0.7459875345230103,36.36363636363637,83.16831683168317,India,S3,2,FP_FALSE_POSITIVE_MERGE
S1-93873439,candidate_missing,S3-207803227,"S3-316823791,S2-814797400",0.2500703968481596,11,NOT_IN_CANDS,0.0,19.354838709677423,34.285714285714285,India,S3,3,FN_CANDIDATE_MISS
S1-523789297,candidate_missing,S3-580337810,"S3-571968152,S2-435006991,S3-528523715",0.0,-1,NOT_IN_CANDS,0.0,53.84615384615385,0.0,US,S3,4,FN_CANDIDATE_MISS
S1-88833811,candidate_present,S2-819207964,"S2-877703215,S3-707572190",0.0,-1,CHAMPION_ONLY,0.47452062368392944,13.33333333333333,20.75471698113207,India,S2,3,FN_MATCHER_REJECTED
S1-575464929,candidate_present,NONE,S3-939158732,0.8646400102545426,5,BOTH,0.9977248907089233,76.47058823529412,84.29752066115702,India,S3,4,FP_FALSE_POSITIVE_MERGE
S1-945466846,candidate_present,NONE,S2-807570161,0.0,-1,CHAMPION_ONLY,0.8398770689964294,100.0,0.0,India,S2,4,FP_FALSE_POSITIVE_MERGE
S1-173010443,candidate_present,S3-386821909,"S3-67752085,S2-586725938,S2-985640720,S3-526808622",0.651139396497035,5,BOTH,0.0781261995434761,80.76923076923077,0.0,US,S3,5,FN_MATCHER_REJECTED
S1-140661520,candidate_present,S3-22837986,"S2-281188606,S2-895037833,S2-622200589",0.0,-1,CHAMPION_ONLY,0.08353117108345032,47.72727272727273,68.57142857142857,US,S3,4,FN_MATCHER_REJECTED
S1-574138249,candidate_present,S3-861056648,"S2-144546272,S3-441172234,S3-906093840",0.7782839050169486,4,BOTH,0.6148242354393005,77.19298245614034,89.79591836734694,US,S3,4,FN_MATCHER_REJECTED
S1-531965045,candidate_present,S3-385213999,"S3-843094925,S2-40287844,S3-278363649",0.8598173786194457,4,BOTH,0.5210674405097961,25.0,100.0,India,S3,4,FN_MATCHER_REJECTED
S1-214964636,candidate_missing,S2-598156235,"S3-607235266,S2-894538178,S2-535354196",0.5022541273793046,11,NOT_IN_CANDS,0.0,49.27536231884058,65.38461538461539,US,S2,4,FN_CANDIDATE_MISS
S1-760147274,candidate_present,NONE,S2-736585370,0.6632053783838712,8,BOTH,0.8433747887611389,92.0,0.0,US,S2,7,FP_FALSE_POSITIVE_MERGE
S1-810167495,candidate_missing,S2-959888456,S3-528823958,0.0,-1,NOT_IN_CANDS,0.0,8.510638297872342,28.57142857142857,India,S2,2,FN_CANDIDATE_MISS
S1-810167495,candidate_missing,S3-741699431,S3-528823958,0.0,-1,NOT_IN_CANDS,0.0,82.05128205128204,33.333333333333336,India,S3,2,FN_CANDIDATE_MISS
S1-810167495,candidate_present,NONE,S3-528823958,0.9119207178987613,1,BOTH,0.8088398575782776,83.01886792452831,94.94949494949495,India,S3,2,FP_FALSE_POSITIVE_MERGE
S1-165555281,candidate_present,NONE,S3-481140308,0.6769885112826756,3,BOTH,0.7145138382911682,86.36363636363636,0.0,US,S3,2,FP_FALSE_POSITIVE_MERGE
S1-165555281,candidate_present,NONE,S3-410540770,0.6769885112826756,4,BOTH,0.7145138382911682,90.9090909090909,0.0,US,S3,2,FP_FALSE_POSITIVE_MERGE
S1-165555281,candidate_present,NONE,S3-688154952,0.6734253362029413,5,BOTH,0.766869843006134,88.37209302325581,0.0,US,S3,2,FP_FALSE_POSITIVE_MERGE
S1-225243200,candidate_present,NONE,S3-454324147,0.8010576702997849,5,BOTH,0.9546108841896057,84.7457627118644,80.0,US,S3,5,FP_FALSE_POSITIVE_MERGE
S1-76222476,candidate_present,S3-171821746,"S3-102786820,S2-575379080,S3-403283442,S2-166751335,S2-168981431,S3-329836190",0.5079191498808401,7,BOTH,0.24018380045890808,51.61290322580645,57.851239669421496,India,S3,7,FN_MATCHER_REJECTED
S1-275787306,candidate_present,S3-670307383,"S3-197581677,S2-645789064,S3-636539844",0.544700641833991,4,BOTH,0.000544000999070704,70.27027027027026,46.15384615384615,US,S3,5,FN_MATCHER_REJECTED
S1-275787306,candidate_present,S2-864109940,"S3-197581677,S2-645789064,S3-636539844",0.5341196635975914,5,BOTH,0.05398402363061905,45.45454545454546,75.47169811320755,US,S2,5,FN_MATCHER_REJECTED
S1-337265868,candidate_present,NONE,S3-70499720,0.40206212578409317,6,BOTH,0.8935825824737549,100.0,0.0,India,S3,5,FP_FALSE_POSITIVE_MERGE
S1-747335243,candidate_present,NONE,S3-98007898,0.6189957472054868,4,BOTH,0.8139094114303589,97.5609756097561,0.0,US,S3,2,FP_FALSE_POSITIVE_MERGE
S1-570200229,candidate_present,S3-657705458,"S3-569616183,S3-855196259",0.6090180372408796,3,BOTH,0.4714597761631012,93.33333333333333,0.0,US,S3,3,FN_MATCHER_REJECTED
S1-505165525,candidate_missing,S3-324747406,"S3-538502816,S2-812294439,S3-482106136",0.5459253052939627,13,NOT_IN_CANDS,0.0,90.9090909090909,0.0,India,S3,4,FN_CANDIDATE_MISS
S1-939038449,candidate_missing,S3-970162905,"S3-378508077,S3-484753618",0.0,-1,NOT_IN_CANDS,0.0,9.090909090909093,41.07142857142857,India,S3,3,FN_CANDIDATE_MISS
S1-199719839,candidate_present,S2-376267676,"S3-788029742,S3-108109313,S2-968121837,S3-447877493",0.5587360415804913,5,BOTH,0.29291364550590515,68.08510638297872,60.526315789473685,US,S2,5,FN_MATCHER_REJECTED
S1-154851669,candidate_present,S3-60120182,"S3-789146597,S2-133175158,S3-282417191",0.0,-1,CHAMPION_ONLY,0.2800747752189636,92.3076923076923,34.0,India,S3,4,FN_MATCHER_REJECTED
S1-19827950,candidate_missing,S3-574359905,"S3-46455662,S2-216070171,S2-889446136,S2-214414761,S3-505465780",0.0,-1,NOT_IN_CANDS,0.0,14.28571428571429,45.238095238095234,India,S3,7,FN_CANDIDATE_MISS
S1-19827950,candidate_present,S3-845391467,"S3-46455662,S2-216070171,S2-889446136,S2-214414761,S3-505465780",0.5134648053576497,10,BOTH,0.13957814872264862,42.85714285714286,59.13043478260869,India,S3,7,FN_MATCHER_REJECTED
S1-404094076,candidate_present,S3-985261809,"S2-401281844,S3-745120661",0.6063387058963807,3,BOTH,0.4608880877494812,86.66666666666667,57.14285714285714,US,S3,3,FN_MATCHER_REJECTED
S1-412914735,candidate_missing,S3-546903424,"S3-982362246,S3-267950878",0.0,-1,NOT_IN_CANDS,0.0,10.909090909090914,51.764705882352935,India,S3,5,FN_CANDIDATE_MISS
S1-412914735,candidate_missing,S3-209103735,"S3-982362246,S3-267950878",0.0,-1,NOT_IN_CANDS,0.0,10.909090909090914,51.764705882352935,India,S3,5,FN_CANDIDATE_MISS
S1-412914735,candidate_missing,S2-972459254,"S3-982362246,S3-267950878",0.0,-1,NOT_IN_CANDS,0.0,10.909090909090914,56.81818181818181,India,S2,5,FN_CANDIDATE_MISS
S1-531178870,candidate_present,S3-435832726,S2-605112852,0.0,-1,CHAMPION_ONLY,0.31722986698150635,60.86956521739131,45.28301886792453,India,S3,3,FN_MATCHER_REJECTED
S1-531178870,candidate_present,S3-174388879,S2-605112852,0.0,-1,CHAMPION_ONLY,0.4208996891975403,84.44444444444444,39.682539682539684,India,S3,3,FN_MATCHER_REJECTED
S1-756421713,candidate_present,NONE,S3-717915068,0.8502892791088839,1,SEMANTIC_ONLY,0.6979479789733887,86.27450980392157,75.72815533980582,India,S3,0,FP_FALSE_POSITIVE_MERGE
S1-385203350,candidate_present,S3-490401385,"S3-837668927,S3-179526827,S3-143120013",0.6331714477058488,3,BOTH,0.0382227897644043,71.875,53.012048192771076,US,S3,5,FN_MATCHER_REJECTED
S1-385203350,candidate_present,S2-59686400,"S3-837668927,S3-179526827,S3-143120013",0.5611773327205732,4,SEMANTIC_ONLY,0.07830860465765,88.0,0.0,US,S2,5,FN_MATCHER_REJECTED
S1-348203515,candidate_missing,S2-337419172,"S3-234537576,S3-705401221,S3-787215132,S2-467674746",0.0,-1,NOT_IN_CANDS,0.0,10.909090909090914,49.350649350649356,India,S2,7,FN_CANDIDATE_MISS
S1-348203515,candidate_present,S3-605954661,"S3-234537576,S3-705401221,S3-787215132,S2-467674746",0.40861133461187754,9,BOTH,0.5181930661201477,94.11764705882352,39.53488372093024,India,S3,7,FN_MATCHER_REJECTED
S1-348203515,candidate_missing,S3-369355006,"S3-234537576,S3-705401221,S3-787215132,S2-467674746",0.0,-1,NOT_IN_CANDS,0.0,10.909090909090914,43.18181818181818,India,S3,7,FN_CANDIDATE_MISS
S1-832243548,candidate_present,S3-192371497,"S3-66876592,S3-43092358,S2-630749342,S3-57189439",0.5611242810856154,4,BOTH,0.14774926006793976,87.17948717948718,40.0,US,S3,5,FN_MATCHER_REJECTED
S1-983273200,candidate_present,S2-170825211,"S3-423013384,S3-589554070,S2-744576278",0.3588080928235819,9,BOTH,0.05203048512339592,31.57894736842105,81.35593220338984,US,S2,4,FN_MATCHER_REJECTED
S1-111150197,candidate_present,S2-34958786,S3-660384275,0.6113879530396286,1,BOTH,0.5520340800285339,22.22222222222222,86.04651162790698,US,S2,2,FN_MATCHER_REJECTED
S1-39341417,candidate_missing,S3-929151346,"S3-976543618,S2-771735077,S2-962352984",0.6481905133540156,16,NOT_IN_CANDS,0.0,13.33333333333333,60.86956521739131,India,S3,3,FN_CANDIDATE_MISS
S1-39341417,candidate_present,NONE,S2-771735077,0.8300491454453347,3,BOTH,0.991148054599762,15.094339622641506,98.59154929577466,India,S2,3,FP_FALSE_POSITIVE_MERGE
S1-669698049,candidate_present,S3-248153324,"S3-319195767,S3-491429023,S2-562766225",0.39381909995109116,13,CHAMPION_ONLY,0.6796603202819824,73.17073170731707,0.0,India,S3,5,FN_MATCHER_REJECTED
S1-669698049,candidate_present,S3-250654003,"S3-319195767,S3-491429023,S2-562766225",0.41665309012036844,7,SEMANTIC_ONLY,0.1964581310749054,61.53846153846154,51.798561151079134,India,S3,5,FN_MATCHER_REJECTED
S1-12431232,candidate_missing,S3-202204451,,0.0,-1,NOT_IN_CANDS,0.0,78.94736842105263,0.0,US,S3,2,FN_CANDIDATE_MISS
S1-12431232,candidate_present,S2-822008217,,0.6599219201781535,1,BOTH,0.33412405848503113,38.70967741935484,90.66666666666666,US,S2,2,FN_MATCHER_REJECTED
S1-953251552,candidate_missing,S3-262957558,"S3-963975453,S3-656238208",0.0,-1,NOT_IN_CANDS,0.0,11.538461538461542,51.70068027210885,India,S3,4,FN_CANDIDATE_MISS
S1-953251552,candidate_present,S2-933178528,"S3-963975453,S3-656238208",0.4610418518030766,6,SEMANTIC_ONLY,0.5438927412033081,11.538461538461542,61.42857142857143,India,S2,4,FN_MATCHER_REJECTED
S1-780921055,candidate_present,S2-215042301,"S2-179770424,S2-155623017,S3-988806506,S3-968420647,S2-821850268",0.0,-1,CHAMPION_ONLY,8.320250231008686e-07,45.28301886792453,0.0,India,S2,6,FN_MATCHER_REJECTED
S1-662446933,candidate_missing,S2-790410416,"S3-241610540,S3-752350310",0.35550759572499246,20,NOT_IN_CANDS,0.0,13.953488372093027,49.63503649635036,India,S2,3,FN_CANDIDATE_MISS
S1-530018634,candidate_present,S2-260645315,"S3-517173644,S3-646082368,S2-354448121",0.6191796243278774,2,BOTH,0.5741012096405029,66.66666666666667,63.49206349206349,US,S2,4,FN_MATCHER_REJECTED
S1-503902177,candidate_present,S2-267324988,"S2-724159659,S3-905259114,S2-683569943",0.5777367396834582,4,BOTH,0.31376659870147705,24.242424242424242,98.18181818181819,US,S2,4,FN_MATCHER_REJECTED
S1-270877495,candidate_missing,S3-785554559,"S3-729128956,S2-950183869,S2-816247330,S2-261557706,S3-446588976,S3-579806018",0.0,-1,NOT_IN_CANDS,0.0,11.111111111111116,51.61290322580645,India,S3,7,FN_CANDIDATE_MISS
S1-808092276,candidate_present,S2-225921192,"S3-784470805,S3-139599142,S3-995031599",0.47132285399302787,4,BOTH,0.2243300825357437,75.47169811320755,0.0,India,S2,4,FN_MATCHER_REJECTED
S1-543640962,candidate_missing,S2-119545463,S3-376330114,0.0,-1,NOT_IN_CANDS,0.0,29.508196721311474,0.0,India,S2,4,FN_CANDIDATE_MISS
S1-543640962,candidate_missing,S3-182010208,S3-376330114,0.3864048098792035,28,NOT_IN_CANDS,0.0,9.677419354838712,45.16129032258065,India,S3,4,FN_CANDIDATE_MISS
S1-543640962,candidate_present,S2-365035537,S3-376330114,0.45918294350588046,5,SEMANTIC_ONLY,0.6654910445213318,9.677419354838712,63.366336633663366,India,S2,4,FN_MATCHER_REJECTED
S1-478799357,candidate_present,S2-523375433,S2-553093231,0.501558567410458,2,SEMANTIC_ONLY,0.09025198966264725,28.57142857142857,92.5925925925926,US,S2,2,FN_MATCHER_REJECTED
S1-338580819,candidate_present,S3-882461134,,0.6797439578226581,1,BOTH,0.06043647602200508,46.808510638297875,0.0,US,S3,1,FN_MATCHER_REJECTED
S1-527617327,candidate_present,S2-429024403,"S3-491298875,S2-598253650,S3-106810608",0.7119314014850896,4,BOTH,0.1386544555425644,80.0,64.40677966101696,US,S2,4,FN_MATCHER_REJECTED
S1-353564895,candidate_present,NONE,S2-234084042,0.5727955688180613,1,BOTH,0.8403937816619873,100.0,0.0,US,S2,0,FP_FALSE_POSITIVE_MERGE
S1-563446501,candidate_present,S2-975224132,"S3-19493688,S2-68051574,S3-129133212,S3-791557443",0.545674899136949,6,BOTH,0.025484900921583176,12.121212121212121,80.0,US,S2,5,FN_MATCHER_REJECTED
S1-773908113,candidate_present,NONE,S3-514581778,0.588834820935473,7,BOTH,0.6970673203468323,85.71428571428572,0.0,US,S3,4,FP_FALSE_POSITIVE_MERGE
S1-773908113,candidate_present,NONE,S2-221510261,0.588834820935473,6,BOTH,0.7140443921089172,85.71428571428572,0.0,US,S2,4,FP_FALSE_POSITIVE_MERGE
S1-512297337,candidate_present,S2-545532288,"S3-839442390,S2-5942850",0.6210431045780915,3,BOTH,0.5669876933097839,87.5,0.0,US,S2,3,FN_MATCHER_REJECTED
S1-349328269,candidate_present,S3-937240376,"S2-445965632,S3-108674921,S3-96640963,S2-338714326,S2-797208268,S2-221563742",0.2566562925112692,17,CHAMPION_ONLY,0.5158645510673523,55.00000000000001,30.303030303030297,India,S3,7,FN_MATCHER_REJECTED
S1-527517618,candidate_present,NONE,S3-997188989,0.4510262512085112,16,CHAMPION_ONLY,0.8857455253601074,88.46153846153845,47.22222222222222,India,S3,4,FP_FALSE_POSITIVE_MERGE
S1-473323471,candidate_present,S2-970587697,"S3-153635228,S3-149624361",0.5012982361267841,5,SEMANTIC_ONLY,5.999701170367189e-05,70.76923076923076,47.61904761904761,US,S2,5,FN_MATCHER_REJECTED
S1-473323471,candidate_present,S2-50930276,"S3-153635228,S3-149624361",0.6668573611171748,3,BOTH,0.1398749053478241,100.0,47.61904761904761,US,S2,5,FN_MATCHER_REJECTED
S1-473323471,candidate_present,S2-269517408,"S3-153635228,S3-149624361",0.5391575322461735,4,BOTH,0.0004709811182692647,61.9718309859155,44.99999999999999,US,S2,5,FN_MATCHER_REJECTED
S1-328593307,candidate_present,S3-41894621,"S3-750957625,S2-879872192,S3-26931601",0.5952258688207753,4,SEMANTIC_ONLY,0.014409861527383327,85.0,49.122807017543856,US,S3,4,FN_MATCHER_REJECTED
S1-551736279,candidate_present,S3-939916683,"S3-927231144,S3-423696349,S3-177466958,S2-468799632",0.497998000523796,5,BOTH,0.13695074617862701,61.904761904761905,0.0,US,S3,5,FN_MATCHER_REJECTED
S1-912361100,candidate_present,S3-776498108,"S2-449934440,S3-67439313,S2-534131981,S3-632297664,S2-237103898",0.31250423063241684,30,CHAMPION_ONLY,0.07628817111253738,80.0,0.0,US,S3,6,FN_MATCHER_REJECTED
S1-575800080,candidate_present,S2-107354533,"S2-453235734,S3-806786616,S3-306050050",0.5111134638948756,7,SEMANTIC_ONLY,0.11524167656898499,68.08510638297872,0.0,US,S2,4,FN_MATCHER_REJECTED
S1-799280061,candidate_present,S2-408874234,"S3-5944751,S3-487125745,S3-136611886,S3-513439340",0.6454629779275667,5,BOTH,0.5920364856719971,26.66666666666667,76.40449438202246,India,S2,5,FN_MATCHER_REJECTED
S1-700662631,candidate_present,S3-47876876,S2-11762139,0.4864968891541293,2,BOTH,0.5833566188812256,89.65517241379311,0.0,US,S3,2,FN_MATCHER_REJECTED
S1-353956864,candidate_present,S3-425093353,"S2-421921653,S2-558723663,S2-458534569,S3-168047673",0.49330375107777164,8,BOTH,0.042965687811374664,18.75,90.19607843137256,US,S3,5,FN_MATCHER_REJECTED
S1-812621284,candidate_missing,S3-162514443,"S2-956017682,S2-48022593,S2-447614171,S2-132077755,S3-544774232",0.0,-1,NOT_IN_CANDS,0.0,10.909090909090914,55.855855855855864,India,S3,7,FN_CANDIDATE_MISS
S1-812621284,candidate_missing,S3-507130961,"S2-956017682,S2-48022593,S2-447614171,S2-132077755,S3-544774232",0.47193595584947345,11,NOT_IN_CANDS,0.0,32.14285714285714,55.855855855855864,India,S3,7,FN_CANDIDATE_MISS
S1-387836202,candidate_present,S2-680852702,"S3-909986918,S3-687567281,S2-261001826,S3-91995491",0.0,-1,CHAMPION_ONLY,0.0030839331448078156,69.38775510204081,0.0,India,S2,5,FN_MATCHER_REJECTED
S1-939081599,candidate_present,S3-255799127,S2-629098976,0.42298473082348903,10,SEMANTIC_ONLY,0.033353041857481,20.68965517241379,75.40983606557377,US,S3,2,FN_MATCHER_REJECTED
S1-206069226,candidate_present,S2-959236067,"S3-583144381,S2-589441931,S3-514208729",0.6134355947749255,4,BOTH,0.2112748771905899,78.04878048780488,71.1864406779661,US,S2,4,FN_MATCHER_REJECTED
S1-858319548,candidate_present,NONE,S3-739026690,0.0,-1,CHAMPION_ONLY,0.7154985070228577,10.71428571428571,62.06896551724138,India,S3,5,FP_FALSE_POSITIVE_MERGE
S1-58997889,candidate_missing,S2-815224880,"S3-268959272,S3-829374684,S3-196339962,S3-492117789,S2-34159244",0.344710529987287,11,NOT_IN_CANDS,0.0,13.33333333333333,36.50793650793651,India,S2,6,FN_CANDIDATE_MISS
S1-315653381,candidate_present,NONE,S2-534320225,0.5225579738312892,5,BOTH,0.7058743238449097,89.36170212765957,69.56521739130434,India,S2,3,FP_FALSE_POSITIVE_MERGE
S1-786584771,candidate_present,S3-121239805,"S3-30086264,S2-597639417,S3-676371282,S2-704937318,S3-69141032",0.35484416066581037,8,BOTH,0.0857500284910202,47.05882352941176,36.111111111111114,India,S3,6,FN_MATCHER_REJECTED
S1-940104460,candidate_present,S3-148052111,"S2-422023953,S3-8209357,S3-861805079,S3-610460480",0.5824504022499484,6,BOTH,0.030074920505285263,65.38461538461539,0.0,US,S3,5,FN_MATCHER_REJECTED
S1-683534190,candidate_present,NONE,S2-791711694,0.694916470455401,3,BOTH,0.9017353057861328,100.0,0.0,US,S2,2,FP_FALSE_POSITIVE_MERGE
S1-214379389,candidate_present,S3-385756329,"S2-638178027,S2-369772758,S3-533647387",0.6353842856874952,4,BOTH,0.5234378576278687,85.18518518518519,0.0,US,S3,3,FN_MATCHER_REJECTED
S1-214379389,candidate_present,NONE,S2-369772758,0.6453177307436933,3,SEMANTIC_ONLY,0.9106806516647339,97.77777777777777,0.0,US,S2,3,FP_FALSE_POSITIVE_MERGE
S1-28673968,candidate_present,NONE,S2-501872756,0.0,-1,CHAMPION_ONLY,0.7336354851722717,16.666666666666664,65.11627906976744,US,S2,3,FP_FALSE_POSITIVE_MERGE
S1-474410411,candidate_present,S2-367110483,"S3-913483136,S3-741895960,S2-131250366",0.42356112185965034,4,BOTH,0.08415769040584564,81.25,0.0,US,S2,4,FN_MATCHER_REJECTED
S1-509163332,candidate_present,S3-11711086,"S3-594042916,S3-613120082,S3-378599136,S2-308916671,S3-618425666",0.5306286533808354,6,BOTH,0.49353572726249695,90.32258064516128,0.0,US,S3,6,FN_MATCHER_REJECTED
S1-693252418,candidate_present,S3-587839619,"S2-822017001,S3-875049169",0.5369222085998931,4,BOTH,0.21806956827640533,26.086956521739136,65.78947368421053,US,S3,3,FN_MATCHER_REJECTED
S1-344311461,candidate_missing,S3-431959242,S2-329947393,0.44159023807419995,18,NOT_IN_CANDS,0.0,44.44444444444444,42.69662921348315,India,S3,2,FN_CANDIDATE_MISS
S1-476202422,candidate_present,S2-60765080,"S3-9109732,S2-613777947",0.8570673298258649,2,BOTH,0.6651792526245117,78.68852459016394,83.87096774193549,US,S2,3,FN_MATCHER_REJECTED
S1-667897092,candidate_missing,S2-613246413,"S3-777832988,S2-399917209,S2-27633585",0.0,-1,NOT_IN_CANDS,0.0,27.586206896551722,57.47126436781609,India,S2,4,FN_CANDIDATE_MISS
S1-231737550,candidate_missing,S2-242448402,"S3-720584288,S3-247584966",0.0,-1,NOT_IN_CANDS,0.0,13.11475409836066,61.33333333333333,India,S2,4,FN_CANDIDATE_MISS
S1-231737550,candidate_missing,S2-160952214,"S3-720584288,S3-247584966",0.0,-1,NOT_IN_CANDS,0.0,13.11475409836066,57.53424657534247,India,S2,4,FN_CANDIDATE_MISS
S1-861839351,candidate_present,NONE,S2-682930858,0.705334190886016,4,BOTH,0.6924647092819214,28.000000000000004,97.87234042553192,US,S2,3,FP_FALSE_POSITIVE_MERGE
S1-861839351,candidate_present,NONE,S3-234539777,0.664276583250893,5,BOTH,0.8581547737121582,37.93103448275862,97.87234042553192,US,S3,3,FP_FALSE_POSITIVE_MERGE
S1-628732819,candidate_present,S3-789756407,"S2-783058140,S3-872694506",0.318459592511524,28,CHAMPION_ONLY,0.6657826900482178,86.95652173913044,0.0,India,S3,3,FN_MATCHER_REJECTED
S1-840415978,candidate_missing,S2-860550924,S3-69670776,0.0,-1,NOT_IN_CANDS,0.0,80.0,0.0,India,S2,2,FN_CANDIDATE_MISS
S1-620325725,candidate_present,S3-828431171,S2-832312192,0.5541350712881725,2,BOTH,0.2089398205280304,69.76744186046511,0.0,US,S3,2,FN_MATCHER_REJECTED
S1-366774065,candidate_present,S2-150863604,S2-899657955,0.73594490124555,1,BOTH,0.2683273255825043,85.71428571428572,0.0,US,S2,3,FN_MATCHER_REJECTED
S1-366774065,candidate_present,S3-340125107,S2-899657955,0.7340745167631194,2,BOTH,0.4227692186832428,81.15942028985508,0.0,US,S3,3,FN_MATCHER_REJECTED
S1-164275196,candidate_present,S3-887545305,"S2-592382290,S2-726331990,S3-574791184",0.0,-1,CHAMPION_ONLY,0.5057083964347839,72.72727272727273,0.0,US,S3,4,FN_MATCHER_REJECTED
S1-381262080,candidate_present,NONE,S3-165553407,0.8476489978485094,4,BOTH,0.8819214105606079,69.56521739130434,85.24590163934427,US,S3,3,FP_FALSE_POSITIVE_MERGE
S1-996380910,candidate_present,S2-638505295,"S2-15130208,S3-3742314,S3-38878806,S2-743833230,S3-227384988,S2-152406272,S2-511095047",0.5761134192672918,8,BOTH,0.09304876625537872,21.42857142857143,84.50704225352112,US,S2,8,FN_MATCHER_REJECTED
S1-290948056,candidate_present,S3-498773090,S3-571459728,0.0,-1,CHAMPION_ONLY,0.01197120826691389,76.92307692307692,0.0,US,S3,3,FN_MATCHER_REJECTED
S1-290948056,candidate_present,S2-832082900,S3-571459728,0.7069601993056418,2,BOTH,0.23932407796382904,33.333333333333336,89.23076923076923,US,S2,3,FN_MATCHER_REJECTED
S1-790136155,candidate_present,S2-266360260,"S2-106021536,S2-870711277,S2-84226195,S3-832263772",0.5441681582508515,5,BOTH,0.02264174446463585,62.22222222222222,0.0,US,S2,5,FN_MATCHER_REJECTED
S1-69284743,candidate_present,S2-483779389,"S3-109343741,S3-219997337",0.4380052152903873,3,BOTH,0.32519468665122986,66.66666666666667,0.0,US,S2,3,FN_MATCHER_REJECTED
S1-916355603,candidate_present,S2-188447260,"S2-436018272,S3-784107607,S3-297535414,S3-86092633,S2-160163104",0.5014632596655347,8,BOTH,0.05763528123497963,26.086956521739136,60.504201680672274,India,S2,6,FN_MATCHER_REJECTED
S1-646189771,candidate_present,NONE,S2-607408305,0.7269831533610539,1,BOTH,0.8580072522163391,27.586206896551722,90.09009009009009,India,S2,2,FP_FALSE_POSITIVE_MERGE
S1-927006293,candidate_present,S3-268892545,S3-819686233,0.6151405245935725,3,SEMANTIC_ONLY,0.6229538917541504,50.0,54.54545454545454,US,S3,3,FN_MATCHER_REJECTED
S1-927006293,candidate_present,S3-64447241,S3-819686233,0.6789848837531329,2,BOTH,0.2726578712463379,87.09677419354838,54.54545454545454,US,S3,3,FN_MATCHER_REJECTED
S1-265558575,candidate_present,NONE,S3-520346214,0.5627477801053314,5,BOTH,0.8191147446632385,100.0,0.0,US,S3,4,FP_FALSE_POSITIVE_MERGE
S1-321275283,candidate_present,S2-972840591,"S2-535363664,S2-944919358,S3-756421282,S3-161240066",0.5156032380605975,16,CHAMPION_ONLY,0.35877013206481934,9.756097560975608,77.55102040816327,India,S2,5,FN_MATCHER_REJECTED
S1-881554221,candidate_present,S3-298494186,"S2-256845882,S3-154354521,S2-770249322,S3-709330324",0.56351879859415,5,BOTH,0.6633466482162476,72.22222222222221,38.38383838383839,India,S3,5,FN_MATCHER_REJECTED
S1-284783623,candidate_missing,S3-725004239,"S3-846602571,S2-175357380,S2-793729079,S2-492812231,S2-116698892",0.3530087084910673,11,NOT_IN_CANDS,0.0,11.764705882352944,38.51851851851852,India,S3,7,FN_CANDIDATE_MISS
S1-284783623,candidate_missing,S3-771165608,"S3-846602571,S2-175357380,S2-793729079,S2-492812231,S2-116698892",0.31892126614846883,23,NOT_IN_CANDS,0.0,79.3103448275862,0.0,India,S3,7,FN_CANDIDATE_MISS
S1-536430602,candidate_present,S3-312138866,"S2-234446232,S2-844201040",0.0,-1,CHAMPION_ONLY,0.00022512776195071638,53.333333333333336,38.46153846153846,India,S3,3,FN_MATCHER_REJECTED
S1-91421771,candidate_present,S2-760425191,"S2-914040861,S3-739288732,S3-391313308",0.5553574701955919,4,BOTH,0.3279418349266052,77.27272727272727,57.94392523364487,India,S2,4,FN_MATCHER_REJECTED
S1-736261724,candidate_present,S2-132085884,S3-133019864,0.4556475175984699,5,BOTH,0.17877931892871857,85.24590163934427,0.0,India,S2,2,FN_MATCHER_REJECTED
S1-391607985,candidate_missing,S2-46706329,"S2-612796215,S3-541014063",0.0,-1,NOT_IN_CANDS,0.0,11.32075471698113,32.38095238095238,India,S2,3,FN_CANDIDATE_MISS
S1-189480110,candidate_present,NONE,S2-876740702,0.8617855490699868,3,BOTH,0.9869568943977356,92.3076923076923,81.9672131147541,US,S2,4,FP_FALSE_POSITIVE_MERGE
S1-983261225,candidate_present,S2-951843795,"S3-424798358,S3-831999332",0.6199809642226514,3,BOTH,0.3105015456676483,87.5,0.0,US,S2,3,FN_MATCHER_REJECTED
S1-183249679,candidate_present,S2-457767300,"S2-766917082,S2-107152296",0.6873111155371833,3,BOTH,0.5110574960708618,76.19047619047619,64.51612903225806,US,S2,3,FN_MATCHER_REJECTED
S1-905317274,candidate_present,S2-885413993,"S3-784169953,S2-526609400,S3-128261135",0.6859078211297672,3,BOTH,0.6460237503051758,66.66666666666667,63.41463414634146,US,S2,4,FN_MATCHER_REJECTED
S1-291681150,candidate_present,S2-551621498,"S2-332646677,S3-975932597",0.6687443920821614,3,BOTH,0.1299407035112381,50.0,70.58823529411764,India,S2,3,FN_MATCHER_REJECTED
S1-228117957,candidate_present,NONE,S2-537816737,0.9054682911844399,5,BOTH,0.9884953498840332,74.07407407407408,83.33333333333334,US,S2,4,FP_FALSE_POSITIVE_MERGE
S1-723151158,candidate_missing,S3-705106581,"S3-853919898,S2-954983393",0.0,-1,NOT_IN_CANDS,0.0,10.71428571428571,47.31182795698925,India,S3,2,FN_CANDIDATE_MISS
S1-723151158,candidate_present,NONE,S3-853919898,0.49876870427615616,4,BOTH,0.807447075843811,64.70588235294117,65.359477124183,India,S3,2,FP_FALSE_POSITIVE_MERGE
S1-935507607,candidate_present,S3-810677479,"S2-404112694,S3-479597762,S2-771336509,S3-764802859,S2-534976703",0.43958168126380076,6,BOTH,0.5128064155578613,77.77777777777779,0.0,US,S3,6,FN_MATCHER_REJECTED
S1-300385133,candidate_present,S3-626070661,"S3-957925528,S2-704267442",0.0,-1,CHAMPION_ONLY,0.023600148037075996,50.0,0.0,US,S3,3,FN_MATCHER_REJECTED
S1-370717483,candidate_present,S3-227430721,"S2-981297461,S3-334507812,S3-946991320,S3-429985700,S2-509096391",0.49370599798516146,7,BOTH,0.12852510809898376,22.22222222222222,75.40983606557377,US,S3,6,FN_MATCHER_REJECTED
S1-717443950,candidate_present,S2-479356348,S3-268295890,0.8495448741305776,1,BOTH,0.592039942741394,81.63265306122449,91.0344827586207,India,S2,2,FN_MATCHER_REJECTED
S1-26281670,candidate_present,S2-484094958,"S3-136053634,S3-388088201",0.5959819641009713,3,BOTH,0.16205106675624847,38.46153846153846,80.85106382978724,US,S2,3,FN_MATCHER_REJECTED
S1-665425358,candidate_present,S2-493627936,S3-708077389,0.40878786926580357,12,CHAMPION_ONLY,0.00010269808990415186,62.745098039215684,0.0,US,S2,2,FN_MATCHER_REJECTED
S1-209671273,candidate_present,S2-215132896,"S3-106017916,S2-857889765",0.5117081416146085,4,BOTH,0.08646079897880554,35.29411764705882,64.07766990291262,India,S2,3,FN_MATCHER_REJECTED
S1-597889909,candidate_present,NONE,S3-389879517,0.46101184837217213,21,CHAMPION_ONLY,0.9189898371696472,18.181818181818176,77.33333333333333,India,S3,3,FP_FALSE_POSITIVE_MERGE
S1-240376399,candidate_present,S2-761177108,"S2-751381941,S3-547610803,S2-439893320",0.7347733599949711,4,SEMANTIC_ONLY,0.03784912824630737,13.33333333333333,59.01639344262295,India,S2,4,FN_MATCHER_REJECTED
S1-891241156,candidate_present,S3-553394229,,0.360646445304345,6,SEMANTIC_ONLY,0.11459866166114807,72.0,0.0,India,S3,1,FN_MATCHER_REJECTED
S1-518074091,candidate_present,S3-29682030,"S3-218685057,S3-487127775",0.6680367024336027,2,BOTH,0.2680141031742096,75.0,60.67415730337078,India,S3,3,FN_MATCHER_REJECTED
S1-521711666,candidate_missing,S3-917372705,"S2-538655186,S3-162176575",0.0,-1,NOT_IN_CANDS,0.0,10.169491525423723,35.151515151515156,India,S3,3,FN_CANDIDATE_MISS
S1-979217173,candidate_present,S3-526503450,"S2-659781512,S2-455402706,S3-504277105",0.6309871804142011,1,BOTH,0.15825745463371277,76.66666666666666,0.0,India,S3,4,FN_MATCHER_REJECTED
S1-89145241,candidate_present,S3-783759471,"S2-922337276,S2-715424912,S2-600846008,S3-89140300,S3-284976339",0.46295734827271734,6,BOTH,0.07967356592416763,97.5609756097561,48.38709677419355,US,S3,6,FN_MATCHER_REJECTED
S1-599851577,candidate_missing,S2-336862241,"S2-161010550,S2-609806276,S2-275735237",0.0,-1,NOT_IN_CANDS,0.0,11.32075471698113,57.65765765765766,India,S2,5,FN_CANDIDATE_MISS
S1-599851577,candidate_missing,S2-467920801,"S2-161010550,S2-609806276,S2-275735237",0.0,-1,NOT_IN_CANDS,0.0,11.32075471698113,63.793103448275865,India,S2,5,FN_CANDIDATE_MISS
S1-767342442,candidate_present,S3-379685323,S2-615136941,0.6115836303118752,2,SEMANTIC_ONLY,0.0862114205956459,80.95238095238095,23.25581395348837,India,S3,2,FN_MATCHER_REJECTED
S1-711875283,candidate_present,S2-550132797,"S2-573864553,S3-604536834",0.5593804477262355,4,BOTH,0.633586049079895,85.71428571428572,0.0,US,S2,4,FN_MATCHER_REJECTED
S1-711875283,candidate_present,S2-727626951,"S2-573864553,S3-604536834",0.5597707260528171,3,BOTH,0.004380628000944853,34.78260869565217,74.28571428571429,US,S2,4,FN_MATCHER_REJECTED
S1-941775359,candidate_present,S3-177257142,"S3-179120643,S3-881101815,S2-145301537,S2-688512512",0.0,-1,CHAMPION_ONLY,0.0014436888741329312,28.57142857142857,53.333333333333336,US,S3,6,FN_MATCHER_REJECTED
S1-941775359,candidate_present,S3-910601001,"S3-179120643,S3-881101815,S2-145301537,S2-688512512",0.3933574451406708,14,CHAMPION_ONLY,0.24424327909946442,58.53658536585367,53.333333333333336,US,S3,6,FN_MATCHER_REJECTED
S1-262555953,candidate_present,S2-626194866,"S3-636719017,S2-503260887,S2-20274460,S2-567087139",0.645531441581299,5,BOTH,0.27569374442100525,56.52173913043479,90.32258064516128,US,S2,5,FN_MATCHER_REJECTED
S1-16390941,candidate_present,S2-721198408,"S3-852209028,S3-638341913",0.65584591069813,3,BOTH,0.5315388441085815,19.047619047619047,90.56603773584906,US,S2,3,FN_MATCHER_REJECTED
S1-812948946,candidate_present,S2-636158587,"S2-72948495,S2-594150329,S2-992627293,S3-618017453",0.0,-1,CHAMPION_ONLY,0.02963710017502308,76.0,0.0,India,S2,5,FN_MATCHER_REJECTED
S1-715237945,candidate_present,NONE,S3-860481692,0.59879982749913,1,BOTH,0.7653154730796814,85.71428571428572,0.0,US,S3,0,FP_FALSE_POSITIVE_MERGE
S1-146571990,candidate_present,S2-708112654,"S3-976694363,S2-60617825,S3-737642460",0.6028067410105056,4,BOTH,0.39006665349006653,51.85185185185186,81.57894736842105,India,S2,4,FN_MATCHER_REJECTED
S1-292352008,candidate_present,S3-835850492,"S2-302529438,S2-595220325,S3-958937474",0.39267426633160957,24,CHAMPION_ONLY,0.014500105753540993,66.66666666666667,50.0,US,S3,4,FN_MATCHER_REJECTED
S1-936395870,candidate_present,S3-910120070,"S3-466230331,S2-944683630",0.5897480068562228,3,BOTH,0.33872655034065247,58.06451612903225,75.0,US,S3,3,FN_MATCHER_REJECTED
S1-924568679,candidate_present,NONE,S2-560449715,0.0,-1,CHAMPION_ONLY,0.9998787641525269,45.45454545454546,0.0,India,S2,5,FP_FALSE_POSITIVE_MERGE
S1-179561709,candidate_present,NONE,S3-505352124,0.0,-1,CHAMPION_ONLY,0.7694137692451477,76.19047619047619,30.88235294117647,India,S3,5,FP_FALSE_POSITIVE_MERGE
S1-996678252,candidate_present,S3-636956349,"S3-928905666,S2-860108059,S2-857347612,S2-864073655,S2-521641651",0.6389394976051179,6,BOTH,0.5101252794265747,78.43137254901961,48.0,India,S3,7,FN_MATCHER_REJECTED
S1-996678252,candidate_present,S3-240562405,"S3-928905666,S2-860108059,S2-857347612,S2-864073655,S2-521641651",0.581694945676944,9,BOTH,0.22555133700370789,65.21739130434783,48.0,India,S3,7,FN_MATCHER_REJECTED
S1-204661404,candidate_present,S2-824381058,"S3-871692434,S3-778250851,S2-72092479,S2-463887612,S3-700890844",0.7172147466335975,6,BOTH,0.6281854510307312,87.5,0.0,US,S2,6,FN_MATCHER_REJECTED
S1-120259531,candidate_missing,S2-812556029,"S3-909016588,S3-988185431",0.4137953833213517,16,NOT_IN_CANDS,0.0,12.5,45.90163934426229,India,S2,3,FN_CANDIDATE_MISS
S1-706225304,candidate_present,S2-414090787,S3-472008921,0.7529050042393728,2,BOTH,0.16898362338542938,86.66666666666667,0.0,US,S2,2,FN_MATCHER_REJECTED
S1-296355353,candidate_present,S2-514377412,"S2-899645156,S3-364225554,S3-536407160,S3-334543181,S2-637642750",0.45194143117497465,29,CHAMPION_ONLY,0.5829910635948181,77.77777777777779,0.0,US,S2,6,FN_MATCHER_REJECTED
S1-401772919,candidate_present,S2-194451496,"S3-514194240,S3-164338600",0.5598838044150072,3,BOTH,0.5642284154891968,81.81818181818181,0.0,US,S2,3,FN_MATCHER_REJECTED
S1-129531273,candidate_present,NONE,S2-732871075,0.9532133166539558,4,BOTH,0.9849228262901306,91.52542372881356,91.17647058823529,US,S2,4,FP_FALSE_POSITIVE_MERGE
S1-202740587,candidate_missing,S3-752464541,,0.0,-1,NOT_IN_CANDS,0.0,10.71428571428571,61.904761904761905,India,S3,6,FN_CANDIDATE_MISS
S1-202740587,candidate_missing,S2-436049271,,0.0,-1,NOT_IN_CANDS,0.0,10.71428571428571,70.32967032967032,India,S2,6,FN_CANDIDATE_MISS
S1-202740587,candidate_missing,S3-926780865,,0.0,-1,NOT_IN_CANDS,0.0,10.71428571428571,61.904761904761905,India,S3,6,FN_CANDIDATE_MISS
S1-202740587,candidate_missing,S3-246395092,,0.0,-1,NOT_IN_CANDS,0.0,10.71428571428571,61.904761904761905,India,S3,6,FN_CANDIDATE_MISS
S1-202740587,candidate_missing,S2-677042416,,0.0,-1,NOT_IN_CANDS,0.0,10.71428571428571,72.91666666666667,India,S2,6,FN_CANDIDATE_MISS
S1-202740587,candidate_present,S2-449315815,,0.5106867057579679,3,SEMANTIC_ONLY,0.65050208568573,76.0,70.32967032967032,India,S2,6,FN_MATCHER_REJECTED
S1-412583452,candidate_present,S2-460321548,"S2-821742025,S3-124022955,S3-416394349",0.4143764449907236,15,CHAMPION_ONLY,0.012852153740823269,12.244897959183676,56.52173913043479,India,S2,5,FN_MATCHER_REJECTED
S1-412583452,candidate_present,S2-97416538,"S2-821742025,S3-124022955,S3-416394349",0.4143764449907236,16,CHAMPION_ONLY,0.012852153740823269,12.244897959183676,56.52173913043479,India,S2,5,FN_MATCHER_REJECTED
S1-285556631,candidate_present,S3-919796146,"S3-569502728,S3-42326978,S3-853166821,S2-900688042",0.5961896614949673,5,BOTH,0.40355175733566284,77.77777777777779,0.0,US,S3,5,FN_MATCHER_REJECTED
S1-301715897,candidate_present,S3-504214265,"S3-254439963,S2-863284344,S2-887570267,S2-648584777",0.5248943068944807,4,SEMANTIC_ONLY,0.2931881844997406,51.162790697674424,52.23880597014925,India,S3,5,FN_MATCHER_REJECTED
S1-301035097,candidate_present,S2-410838717,"S3-867921603,S3-747848601,S2-870419140,S2-367399297",0.5511637804948902,6,BOTH,0.5941418409347534,86.66666666666667,0.0,US,S2,5,FN_MATCHER_REJECTED
S1-458541487,candidate_present,S3-995162248,"S2-775586370,S2-65836223,S3-807010408",0.5490309398555332,4,BOTH,0.08328734338283539,20.68965517241379,85.71428571428572,US,S3,4,FN_MATCHER_REJECTED
S1-443267904,candidate_present,S3-699020647,"S3-534900603,S3-711623526,S2-453468518,S2-421739470",0.5287765867203678,6,BOTH,0.5373533964157104,75.67567567567568,61.53846153846154,India,S3,5,FN_MATCHER_REJECTED
S1-997800981,candidate_present,NONE,S2-658449395,0.461309866097158,4,BOTH,0.8403937816619873,100.0,0.0,US,S2,3,FP_FALSE_POSITIVE_MERGE
S1-728021129,candidate_present,S2-214910490,"S3-777638673,S3-273396132",0.44227363458141916,3,BOTH,0.35261571407318115,80.64516129032258,0.0,India,S2,3,FN_MATCHER_REJECTED
S1-105341673,candidate_present,S3-846644236,"S3-752402961,S2-682103965",0.424981074072689,3,BOTH,0.010588708333671093,58.33333333333333,0.0,US,S3,3,FN_MATCHER_REJECTED
S1-350310577,candidate_present,NONE,S3-577472264,0.4755250089679385,5,BOTH,0.8056179285049438,91.66666666666666,0.0,India,S3,3,FP_FALSE_POSITIVE_MERGE
S1-506720393,candidate_present,S2-703852245,"S3-351233983,S2-70960973,S2-228050264,S2-569654081",0.7546218362039786,4,BOTH,0.0317467637360096,66.66666666666667,73.97260273972603,US,S2,5,FN_MATCHER_REJECTED
S1-355889914,candidate_present,S2-495270808,S2-893157810,0.552373242444248,2,SEMANTIC_ONLY,0.16772516071796417,14.28571428571429,72.86821705426357,India,S2,2,FN_MATCHER_REJECTED
S1-440126418,candidate_missing,S3-23068149,"S2-906893549,S2-111358499,S3-439091820,S2-133543679",0.0,-1,NOT_IN_CANDS,0.0,11.111111111111116,39.50617283950617,India,S3,6,FN_CANDIDATE_MISS
S1-440126418,candidate_missing,S3-106946554,"S2-906893549,S2-111358499,S3-439091820,S2-133543679",0.0,-1,NOT_IN_CANDS,0.0,11.111111111111116,39.50617283950617,India,S3,6,FN_CANDIDATE_MISS
S1-390528825,candidate_present,NONE,S3-807892069,0.6873851836376917,6,BOTH,0.7705604434013367,89.79591836734694,0.0,US,S3,5,FP_FALSE_POSITIVE_MERGE
S1-931459631,candidate_present,S2-306653316,"S2-622898142,S2-676686981,S2-545521370,S3-489673185,S3-582629825,S2-711727454",0.5957952555691624,6,BOTH,0.6087637543678284,86.66666666666667,0.0,US,S2,7,FN_MATCHER_REJECTED
S1-136024435,candidate_missing,S3-721261363,"S3-202535558,S3-426043100,S2-282605531",0.48512248056613416,18,NOT_IN_CANDS,0.0,53.65853658536586,38.888888888888886,India,S3,5,FN_CANDIDATE_MISS
S1-136024435,candidate_missing,S3-354520151,"S3-202535558,S3-426043100,S2-282605531",0.0,-1,NOT_IN_CANDS,0.0,53.65853658536586,39.62264150943396,India,S3,5,FN_CANDIDATE_MISS
S1-788852107,candidate_present,S2-298392127,"S3-468321260,S3-186499940,S3-114277990",0.7056956583220905,3,SEMANTIC_ONLY,0.018842848017811775,58.33333333333333,70.1492537313433,India,S2,4,FN_MATCHER_REJECTED
S1-614110813,candidate_present,S3-68832870,"S2-322195573,S3-564330905,S3-782900357",0.682090606202177,4,BOTH,0.1428619623184204,83.72093023255813,0.0,US,S3,4,FN_MATCHER_REJECTED
S1-189481999,candidate_missing,S3-507015413,"S3-654055108,S2-14994912",0.0,-1,NOT_IN_CANDS,0.0,12.244897959183676,31.999999999999996,India,S3,4,FN_CANDIDATE_MISS
S1-189481999,candidate_missing,S2-560066928,"S3-654055108,S2-14994912",0.3668808710718925,13,NOT_IN_CANDS,0.0,12.244897959183676,60.0,India,S2,4,FN_CANDIDATE_MISS
S1-931352351,candidate_present,S2-609340604,"S2-278464039,S2-628303427,S2-430274741",0.0,-1,CHAMPION_ONLY,0.2865760028362274,52.63157894736843,0.0,India,S2,4,FN_MATCHER_REJECTED
S1-850028971,candidate_present,S3-416795803,"S3-909765954,S2-617529178,S2-646590788",0.0,-1,CHAMPION_ONLY,0.0942254588007927,75.0,0.0,India,S3,4,FN_MATCHER_REJECTED
S1-292629594,candidate_present,S2-233818325,"S2-88889820,S3-721183515",0.54964878594999,3,SEMANTIC_ONLY,0.644967794418335,93.87755102040816,39.63963963963963,India,S2,3,FN_MATCHER_REJECTED
S1-343162429,candidate_present,S2-975607624,"S2-353171866,S3-634972874,S3-514850189",0.42164470536362586,7,BOTH,0.43214231729507446,64.51612903225806,0.0,US,S2,4,FN_MATCHER_REJECTED
S1-861571708,candidate_present,S2-610003828,,0.0,-1,CHAMPION_ONLY,0.05317332595586777,12.244897959183676,40.0,India,S2,1,FN_MATCHER_REJECTED
S1-592098183,candidate_present,S2-467053297,"S3-891768904,S2-981581332,S3-737891131,S2-905912967",0.6323250622828283,4,SEMANTIC_ONLY,0.12141220271587372,68.18181818181819,51.42857142857142,US,S2,5,FN_MATCHER_REJECTED
S1-932518325,candidate_present,NONE,S2-814373207,0.6104049347946663,1,BOTH,0.8444128036499023,12.5,85.71428571428572,India,S2,0,FP_FALSE_POSITIVE_MERGE
S1-428178941,candidate_present,S2-962784488,S3-119791011,0.43438520669612546,2,BOTH,0.5138081312179565,81.81818181818181,0.0,US,S2,2,FN_MATCHER_REJECTED
S1-763866824,candidate_present,S3-477581308,S2-732337173,0.5850447336267925,2,BOTH,0.4770078957080841,93.10344827586206,53.191489361702125,US,S3,2,FN_MATCHER_REJECTED
S1-760608209,candidate_present,NONE,S2-963300188,0.6201076826335272,3,BOTH,0.7288497686386108,86.95652173913044,0.0,US,S2,2,FP_FALSE_POSITIVE_MERGE
S1-760608209,candidate_present,NONE,S3-316077765,0.5887183107702388,6,SEMANTIC_ONLY,0.7983155846595764,18.181818181818176,94.5945945945946,US,S3,2,FP_FALSE_POSITIVE_MERGE
S1-41151284,candidate_present,S3-901971700,S2-273733714,0.4462232119250684,2,BOTH,0.18677465617656708,81.81818181818181,48.21428571428571,India,S3,3,FN_MATCHER_REJECTED
S1-41151284,candidate_present,S3-238426089,S2-273733714,0.3564861651079618,15,CHAMPION_ONLY,0.23625968396663666,81.81818181818181,48.21428571428571,India,S3,3,FN_MATCHER_REJECTED
S1-479271554,candidate_missing,S2-987493767,"S3-573208189,S3-578073713,S3-38954382",0.0,-1,NOT_IN_CANDS,0.0,10.169491525423723,50.0,India,S2,4,FN_CANDIDATE_MISS
S1-790376453,candidate_present,S3-305519052,"S2-427587020,S2-647484053,S2-898541281,S3-200529140,S3-653544381,S3-236361088,S2-34117008",0.47572978101336394,8,BOTH,0.3639184236526489,90.47619047619048,0.0,US,S3,8,FN_MATCHER_REJECTED
S1-944593548,candidate_missing,S2-993486836,"S3-119197937,S2-972448913,S2-415583960",0.0,-1,NOT_IN_CANDS,0.0,8.571428571428575,63.70370370370371,India,S2,4,FN_CANDIDATE_MISS
S1-950031879,candidate_present,S3-109864996,"S3-115701180,S3-910655964,S2-602541801,S2-58532432,S3-781602878",0.7060985377748916,6,SEMANTIC_ONLY,0.18026822805404663,52.63157894736843,77.41935483870968,India,S3,6,FN_MATCHER_REJECTED
S1-253339788,candidate_present,S2-367454353,"S2-874692915,S2-827548606,S3-964084186",0.7901264697599062,3,BOTH,0.16096682846546173,71.7948717948718,68.29268292682926,India,S2,4,FN_MATCHER_REJECTED
S1-605078338,candidate_present,S2-442205777,,0.47543463254690704,2,SEMANTIC_ONLY,0.0033175372518599033,12.698412698412698,65.67164179104478,India,S2,2,FN_MATCHER_REJECTED
S1-605078338,candidate_present,S3-905834681,,0.5329759146738473,1,BOTH,0.023046083748340607,55.38461538461539,47.933884297520656,India,S3,2,FN_MATCHER_REJECTED
S1-772118072,candidate_present,NONE,S2-222897099,0.7000571079782085,6,BOTH,0.9090699553489685,100.0,0.0,US,S2,5,FP_FALSE_POSITIVE_MERGE
S1-772118072,candidate_present,NONE,S2-649689586,0.7000571079782085,5,BOTH,0.9090699553489685,100.0,0.0,US,S2,5,FP_FALSE_POSITIVE_MERGE
S1-617862759,candidate_present,S3-594588087,"S3-225621265,S3-62411263,S3-744885102,S2-285690831,S2-390318550,S3-259046790",0.5614539808252954,7,BOTH,0.001523151295259595,34.78260869565217,75.47169811320755,US,S3,7,FN_MATCHER_REJECTED
S1-807991342,candidate_present,S3-971925188,"S2-949835054,S3-319648540,S2-393312247,S3-583167860",0.5647624867065474,8,BOTH,0.30595120787620544,81.63265306122449,49.29577464788733,India,S3,6,FN_MATCHER_REJECTED
S1-807991342,candidate_present,S3-781886304,"S2-949835054,S3-319648540,S2-393312247,S3-583167860",0.0,-1,CHAMPION_ONLY,0.018639229238033295,77.55102040816327,0.0,India,S3,6,FN_MATCHER_REJECTED
S1-190077985,candidate_present,S3-133195868,"S3-533034276,S2-906481038",0.7746304557139372,3,SEMANTIC_ONLY,0.4913937747478485,9.302325581395355,90.56603773584906,India,S3,3,FN_MATCHER_REJECTED
S1-254283540,candidate_missing,S3-604936310,"S2-438946367,S3-924151071,S3-433631907,S3-794805480,S2-51008072",0.42211213063029007,12,NOT_IN_CANDS,0.0,89.47368421052632,0.0,India,S3,6,FN_CANDIDATE_MISS
S1-894815311,candidate_missing,S3-342997548,,0.0,-1,NOT_IN_CANDS,0.0,11.538461538461542,30.136986301369863,India,S3,1,FN_CANDIDATE_MISS
S1-830952224,candidate_present,S3-589985222,"S3-85561875,S2-32828920,S3-805179930,S2-329728104,S2-214560066",0.661033964396393,6,BOTH,0.47457757592201233,92.10526315789474,0.0,US,S3,5,FN_MATCHER_REJECTED
S1-830952224,candidate_present,NONE,S2-214560066,0.717484901038225,5,BOTH,0.9581168293952942,89.55223880597015,57.14285714285714,US,S2,5,FP_FALSE_POSITIVE_MERGE
S1-422098017,candidate_present,NONE,S3-382713933,0.411550897041796,9,BOTH,0.9848015308380127,63.63636363636363,0.0,US,S3,5,FP_FALSE_POSITIVE_MERGE
S1-988032499,candidate_missing,S2-580435589,"S3-981230215,S3-312977339",0.0,-1,NOT_IN_CANDS,0.0,9.836065573770492,37.878787878787875,India,S2,5,FN_CANDIDATE_MISS
S1-988032499,candidate_missing,S2-344682095,"S3-981230215,S3-312977339",0.0,-1,NOT_IN_CANDS,0.0,9.836065573770492,42.1875,India,S2,5,FN_CANDIDATE_MISS
S1-988032499,candidate_missing,S2-380725321,"S3-981230215,S3-312977339",0.0,-1,NOT_IN_CANDS,0.0,28.57142857142857,43.939393939393945,India,S2,5,FN_CANDIDATE_MISS
S1-451305139,candidate_present,S3-726394547,"S3-655588244,S3-222980923,S2-643234346,S3-634894225,S2-609015340",0.8744767625481797,4,BOTH,0.44495776295661926,66.66666666666667,0.0,US,S3,6,FN_MATCHER_REJECTED
S1-357690932,candidate_missing,S3-860711501,"S3-400272157,S3-3678758,S2-311418258,S3-320755495",0.0,-1,NOT_IN_CANDS,0.0,32.14285714285714,0.0,India,S3,5,FN_CANDIDATE_MISS
S1-71044335,candidate_missing,S3-727558084,"S3-172967103,S2-903689095,S3-770176385",0.0,-1,NOT_IN_CANDS,0.0,6.666666666666665,52.42718446601942,India,S3,4,FN_CANDIDATE_MISS
S1-782194998,candidate_present,S2-958602058,"S2-723567829,S2-200615828,S2-994050937,S3-966818809",0.44350461274633374,7,BOTH,0.003986785188317299,72.72727272727273,0.0,India,S2,6,FN_MATCHER_REJECTED
S1-782194998,candidate_present,S3-368966531,"S2-723567829,S2-200615828,S2-994050937,S3-966818809",0.34887146719762063,26,CHAMPION_ONLY,0.22620601952075958,11.538461538461542,61.9718309859155,India,S3,6,FN_MATCHER_REJECTED
S1-493574435,candidate_present,S2-569162315,"S2-277549025,S3-147528154,S2-124082342,S2-830298850,S2-502687369,S3-491703417",0.7301096929913842,6,SEMANTIC_ONLY,0.4993884563446045,11.111111111111116,81.75182481751825,India,S2,7,FN_MATCHER_REJECTED
S1-526890994,candidate_present,S2-823718731,"S3-318430934,S3-639612904,S2-260511688,S3-590195752,S3-323691188",0.6882909423245016,27,CHAMPION_ONLY,0.347540944814682,28.57142857142857,86.20689655172413,India,S2,4,FN_MATCHER_REJECTED
S1-526890994,candidate_present,NONE,S3-318430934,0.7913706789027962,7,BOTH,0.982917308807373,90.0,73.6842105263158,India,S3,4,FP_FALSE_POSITIVE_MERGE
S1-526890994,candidate_present,NONE,S3-639612904,0.8966921691566129,4,BOTH,0.7666088938713074,80.95238095238095,87.93103448275862,India,S3,4,FP_FALSE_POSITIVE_MERGE
S1-719560574,candidate_missing,S2-341513300,"S3-482571796,S3-88763660,S3-827716313,S3-710122160,S2-428474265,S3-443446337",0.0,-1,NOT_IN_CANDS,0.0,8.695652173913048,51.85185185185186,India,S2,7,FN_CANDIDATE_MISS
S1-477680773,candidate_present,NONE,S2-457642891,0.700395372972612,1,BOTH,0.9652926921844482,63.33333333333333,78.16091954022988,India,S2,4,FP_FALSE_POSITIVE_MERGE
S1-30417317,candidate_present,NONE,S3-974275080,0.8319316990106049,3,BOTH,0.9958969950675964,93.33333333333333,84.21052631578947,US,S3,3,FP_FALSE_POSITIVE_MERGE
S1-825226270,candidate_present,S3-447248537,"S3-668249080,S2-992264377,S2-194074244,S2-483711391",0.5988949216863341,6,BOTH,0.11842172592878342,82.92682926829268,55.55555555555556,US,S3,5,FN_MATCHER_REJECTED
S1-686728011,candidate_present,NONE,S2-832403321,0.8981452285200744,1,BOTH,0.992935061454773,80.0,91.22807017543859,India,S2,0,FP_FALSE_POSITIVE_MERGE
S1-765233993,candidate_present,S2-709189952,"S2-827625487,S2-101202942,S2-38058689,S3-908208314",0.6270609799041134,5,SEMANTIC_ONLY,0.07102355360984802,13.793103448275868,72.5,India,S2,5,FN_MATCHER_REJECTED
S1-921670816,candidate_present,S2-433749983,"S3-387640670,S3-54049693,S3-441850763",0.7385002715653681,4,BOTH,0.4592852294445038,90.32258064516128,0.0,US,S2,4,FN_MATCHER_REJECTED
S1-402920763,candidate_present,S2-293299898,"S2-219103696,S2-954844243,S3-156242979,S2-212132959",0.500329471624287,5,BOTH,0.3244691789150238,74.07407407407408,0.0,US,S2,5,FN_MATCHER_REJECTED
S1-773031443,candidate_present,S3-307080353,"S2-34406059,S2-814879727,S3-772611234",0.6560765017506776,4,BOTH,0.605050802230835,86.66666666666667,0.0,US,S3,4,FN_MATCHER_REJECTED
S1-424035100,candidate_present,S2-765620673,"S3-558087967,S3-866283567,S3-468492674",0.47608188863860323,4,BOTH,0.030371148139238358,81.4814814814815,0.0,US,S2,3,FN_MATCHER_REJECTED
S1-424035100,candidate_present,NONE,S3-468492674,0.6338510204513167,3,BOTH,0.8688878417015076,100.0,0.0,US,S3,3,FP_FALSE_POSITIVE_MERGE
S1-409809215,candidate_present,S2-790039897,"S2-174671609,S3-582981191,S3-596992111",0.720831896313193,2,BOTH,0.5079587697982788,80.0,67.64705882352942,US,S2,5,FN_MATCHER_REJECTED
S1-409809215,candidate_present,S2-119740864,"S2-174671609,S3-582981191,S3-596992111",0.5437493503643516,5,BOTH,0.46648770570755005,83.33333333333334,0.0,US,S2,5,FN_MATCHER_REJECTED
S1-282196253,candidate_present,S3-495736024,"S2-404039418,S3-768360521",0.5185967122548365,3,SEMANTIC_ONLY,0.6656249761581421,97.43589743589743,0.0,US,S3,3,FN_MATCHER_REJECTED
S1-197632085,candidate_present,S3-285816944,"S2-210338400,S2-649118287,S2-865216292",0.6376331579289876,4,BOTH,0.5595919489860535,93.93939393939394,0.0,US,S3,4,FN_MATCHER_REJECTED
S1-959067959,candidate_present,S2-624311567,"S2-922829934,S3-471461432",0.739413638347692,3,SEMANTIC_ONLY,0.01743571273982525,38.46153846153846,93.5483870967742,US,S2,3,FN_MATCHER_REJECTED
S1-742339355,candidate_present,S3-162290777,"S2-982159777,S3-330978863,S3-93006056,S2-763563771",0.5905159322628049,3,BOTH,0.5915619134902954,76.92307692307692,51.85185185185186,India,S3,5,FN_MATCHER_REJECTED
S1-362415994,candidate_present,NONE,S2-971601521,0.4754801543412149,6,BOTH,0.8115537762641907,94.11764705882352,0.0,India,S2,5,FP_FALSE_POSITIVE_MERGE
S1-115714533,candidate_missing,S3-734692898,"S3-592159492,S2-1961136,S3-537608237,S2-139605250",0.0,-1,NOT_IN_CANDS,0.0,38.297872340425535,45.56962025316456,India,S3,5,FN_CANDIDATE_MISS
S1-619249524,candidate_present,NONE,S3-282342538,0.0,-1,CHAMPION_ONLY,0.863411009311676,62.5,62.5,India,S3,3,FP_FALSE_POSITIVE_MERGE
S1-930681701,candidate_missing,S3-715921490,S3-437398074,0.0,-1,NOT_IN_CANDS,0.0,11.594202898550721,31.19266055045872,India,S3,2,FN_CANDIDATE_MISS
S1-410249717,candidate_present,S3-37196359,"S3-191002542,S2-258558802,S3-837526021,S2-635110417,S2-722746691",0.6103153714461504,5,BOTH,0.0314866341650486,66.66666666666667,72.72727272727273,US,S3,5,FN_MATCHER_REJECTED
S1-410249717,candidate_present,NONE,S3-191002542,0.44370634738073966,6,BOTH,0.9257879257202148,25.806451612903224,83.33333333333334,US,S3,5,FP_FALSE_POSITIVE_MERGE
S1-76928374,candidate_present,S3-514041989,"S3-730303754,S2-11645123",0.7295863783880557,3,BOTH,0.25692418217658997,86.27450980392157,0.0,US,S3,4,FN_MATCHER_REJECTED
S1-76928374,candidate_present,S3-257758980,"S3-730303754,S2-11645123",0.6821829368627834,4,BOTH,0.1842118501663208,73.07692307692308,69.23076923076923,US,S3,4,FN_MATCHER_REJECTED
S1-797777457,candidate_present,S3-741145223,"S3-379131521,S2-313538536,S2-858630731",0.558416087050212,5,BOTH,0.6787487268447876,72.0,37.89473684210526,India,S3,5,FN_MATCHER_REJECTED
S1-797777457,candidate_present,S3-996859130,"S3-379131521,S2-313538536,S2-858630731",0.5964877231597978,3,BOTH,0.05159112811088562,82.05128205128204,37.89473684210526,India,S3,5,FN_MATCHER_REJECTED
S1-592924180,candidate_present,S2-143054298,"S3-978743120,S3-235270528",0.8098980702100733,3,SEMANTIC_ONLY,0.001445145346224308,71.7948717948718,69.33333333333334,India,S2,3,FN_MATCHER_REJECTED
S1-696803962,candidate_present,NONE,S2-86231082,0.41353587173899575,10,BOTH,0.8974713683128357,16.666666666666664,62.22222222222222,India,S2,4,FP_FALSE_POSITIVE_MERGE
S1-663800097,candidate_present,NONE,S3-751067895,0.44174339264052304,6,BOTH,0.8909610509872437,33.333333333333336,90.0,US,S3,5,FP_FALSE_POSITIVE_MERGE
S1-259921993,candidate_present,S2-197151388,"S3-13232799,S3-730215432",0.44568350897625697,8,BOTH,0.00011349057604093105,78.26086956521739,36.0,US,S2,3,FN_MATCHER_REJECTED
S1-617725719,candidate_present,S3-415670089,"S2-202162578,S2-651283733,S3-362960054",0.4792991672601371,6,SEMANTIC_ONLY,0.0358404740691185,52.38095238095239,35.18518518518518,India,S3,4,FN_MATCHER_REJECTED
S1-175381032,candidate_present,S3-553451482,"S2-258942556,S2-579839413,S3-17314555",0.7193592068219647,4,BOTH,0.35642749071121216,48.0,71.42857142857143,US,S3,4,FN_MATCHER_REJECTED
S1-234865918,candidate_present,S3-391127130,"S2-219300714,S3-379645165,S2-450982663",0.5806368098494622,4,BOTH,0.6228363513946533,60.0,0.0,US,S3,4,FN_MATCHER_REJECTED
S1-144320833,candidate_present,NONE,S3-268543976,0.7471996656154839,2,BOTH,0.7706741690635681,86.15384615384616,71.31782945736434,India,S3,1,FP_FALSE_POSITIVE_MERGE
S1-13769216,candidate_present,S2-519902081,"S3-471479452,S3-161411786",0.5233217828324458,3,SEMANTIC_ONLY,0.07193956524133682,10.909090909090914,64.0,India,S2,3,FN_MATCHER_REJECTED
S1-323639527,candidate_present,S3-176171331,"S2-194182221,S3-21974561,S3-68957597,S2-548126035,S3-883151105",0.7096369869899646,4,BOTH,0.6241657137870789,84.50704225352112,60.37735849056604,US,S3,6,FN_MATCHER_REJECTED
S1-123461633,candidate_present,S2-734237765,S3-778715567,0.5909908138219316,2,BOTH,0.5784549117088318,83.01886792452831,0.0,US,S2,2,FN_MATCHER_REJECTED
S1-787247498,candidate_present,S2-636335569,"S3-442713312,S2-347786365",0.0,-1,CHAMPION_ONLY,0.009159957058727741,71.7948717948718,0.0,India,S2,3,FN_MATCHER_REJECTED
S1-3600221,candidate_present,S3-419161524,"S2-739498729,S2-131120758,S2-9384735",0.0,-1,CHAMPION_ONLY,0.002868534065783024,23.529411764705888,48.10126582278481,India,S3,4,FN_MATCHER_REJECTED
S1-368721172,candidate_present,S2-627138594,"S2-119046828,S2-177141868,S3-449245898",0.5866810590262552,4,BOTH,0.3324176073074341,83.33333333333334,0.0,US,S2,4,FN_MATCHER_REJECTED
S1-687834970,candidate_present,NONE,S3-16394152,0.7612192211227453,3,BOTH,0.7693215012550354,77.33333333333333,77.33333333333333,US,S3,2,FP_FALSE_POSITIVE_MERGE
S1-819847237,candidate_present,S3-220257130,"S3-834039122,S2-71405247",0.567366286251899,3,BOTH,0.6735599040985107,84.61538461538461,54.23728813559322,US,S3,3,FN_MATCHER_REJECTED
S1-346280465,candidate_present,NONE,S3-551037408,0.7970750750231878,5,BOTH,0.8436576128005981,94.28571428571428,0.0,US,S3,4,FP_FALSE_POSITIVE_MERGE
S1-400205480,candidate_present,NONE,S2-130680691,0.704955291946581,4,BOTH,0.6936290264129639,33.333333333333336,100.0,US,S2,3,FP_FALSE_POSITIVE_MERGE
S1-985611673,candidate_missing,S3-348074151,"S2-8631911,S2-13244877",0.0,-1,NOT_IN_CANDS,0.0,42.42424242424242,0.0,India,S3,3,FN_CANDIDATE_MISS
S1-997025290,candidate_missing,S3-712668333,"S2-69859882,S2-933969973",0.0,-1,NOT_IN_CANDS,0.0,84.0,37.59398496240601,India,S3,3,FN_CANDIDATE_MISS
S1-997025290,candidate_present,S3-595421447,"S2-69859882,S2-933969973",0.0,-1,CHAMPION_ONLY,0.0003573735011741519,11.32075471698113,27.118644067796616,India,S3,3,FN_MATCHER_REJECTED
S1-997025290,candidate_present,NONE,S2-69859882,0.0,-1,CHAMPION_ONLY,0.9109868407249451,11.32075471698113,40.28776978417267,India,S2,3,FP_FALSE_POSITIVE_MERGE
S1-812505067,candidate_present,NONE,S3-172682616,0.7678699933390233,4,SEMANTIC_ONLY,0.9736892580986023,25.806451612903224,93.75,India,S3,4,FP_FALSE_POSITIVE_MERGE
S1-987746680,candidate_present,S2-353716542,"S3-426700448,S2-19911540,S2-289044105",0.703407000075157,3,SEMANTIC_ONLY,0.4946472942829132,19.999999999999996,87.32394366197182,India,S2,4,FN_MATCHER_REJECTED
S1-380562304,candidate_present,S3-86869702,"S2-716636052,S3-634464585,S3-448735061",0.6070747824328548,4,BOTH,0.4118456244468689,78.26086956521739,0.0,US,S3,4,FN_MATCHER_REJECTED
S1-464116166,candidate_present,S2-30166316,"S3-523704672,S2-26609844,S2-452549340,S2-631020714,S3-446673189,S3-87391766",0.7073282000246105,6,BOTH,0.20559772849082947,81.81818181818181,85.1063829787234,US,S2,7,FN_MATCHER_REJECTED
S1-767991483,candidate_present,S3-471296954,"S3-341292240,S2-915736148",0.589272750452028,4,BOTH,0.32389819622039795,67.6923076923077,0.0,US,S3,4,FN_MATCHER_REJECTED
S1-767991483,candidate_present,S3-232128141,"S3-341292240,S2-915736148",0.6084759150082306,3,BOTH,0.6186262965202332,93.75,0.0,US,S3,4,FN_MATCHER_REJECTED
S1-296631077,candidate_present,S3-376580408,"S2-607323510,S2-267787512,S2-65824081,S2-175223785",0.660743842844952,5,BOTH,0.6509051322937012,90.47619047619048,0.0,US,S3,5,FN_MATCHER_REJECTED
S1-131916897,candidate_present,S3-499435229,S3-542867627,0.5392323156273074,2,BOTH,0.5844605565071106,83.33333333333334,0.0,US,S3,2,FN_MATCHER_REJECTED
S1-334706049,candidate_present,S3-339939790,"S3-797499072,S2-283602057,S2-902706268,S3-33260976,S3-60685718",0.46806462497302415,6,BOTH,0.08551811426877975,76.92307692307692,0.0,US,S3,6,FN_MATCHER_REJECTED
S1-245933944,candidate_present,S2-383899632,"S3-797601991,S3-727891982,S2-597479694,S2-647481951,S3-57288380",0.7426350334077194,6,BOTH,0.3138042986392975,41.379310344827594,75.67567567567568,India,S2,6,FN_MATCHER_REJECTED
S1-101445397,candidate_present,NONE,S2-688466107,0.6602380908485104,5,BOTH,0.8742190003395081,66.66666666666667,82.53968253968253,India,S2,4,FP_FALSE_POSITIVE_MERGE
S1-321751953,candidate_missing,S3-989196483,"S3-424895196,S3-989004565,S2-922507175,S3-561070419,S2-745535514,S3-303430909,S2-748412914,S3-964730852",0.0,-1,NOT_IN_CANDS,0.0,27.586206896551722,45.09803921568627,India,S3,9,FN_CANDIDATE_MISS
S1-638710413,candidate_present,S2-474004689,"S2-188156537,S2-470680145,S2-164337155,S3-78837216",0.518336464331873,6,SEMANTIC_ONLY,0.3866485059261322,90.56603773584906,0.0,India,S2,5,FN_MATCHER_REJECTED
S1-711164172,candidate_present,S2-994988451,"S3-62908337,S2-915297443,S2-250798653,S3-843840230,S2-375017273,S3-562923310,S3-977765301",0.365092177761027,8,BOTH,0.6654090285301208,89.47368421052632,0.0,India,S2,8,FN_MATCHER_REJECTED
S1-946185185,candidate_present,S3-733186479,"S3-358108540,S3-591985641,S3-507137845",0.4782540205045534,4,BOTH,0.04347298666834831,37.03703703703704,65.06024096385542,US,S3,4,FN_MATCHER_REJECTED
S1-94172981,candidate_present,NONE,S2-468060172,0.520242130868698,7,BOTH,0.8138334155082703,88.88888888888889,0.0,US,S2,3,FP_FALSE_POSITIVE_MERGE
S1-341503346,candidate_missing,S2-910086744,,0.46935459706285537,15,NOT_IN_CANDS,0.0,12.0,55.28455284552846,India,S2,3,FN_CANDIDATE_MISS
S1-341503346,candidate_present,S2-467387056,,0.4741843392910472,10,BOTH,0.05378424748778343,12.0,51.66666666666666,India,S2,3,FN_MATCHER_REJECTED
S1-341503346,candidate_missing,S2-705702448,,0.0,-1,NOT_IN_CANDS,0.0,25.0,45.21739130434783,India,S2,3,FN_CANDIDATE_MISS
S1-294865850,candidate_missing,S3-216244393,"S2-525909767,S3-799402931,S2-420470739,S3-502670843",0.0,-1,NOT_IN_CANDS,0.0,81.81818181818181,0.0,India,S3,5,FN_CANDIDATE_MISS
S1-214569401,candidate_missing,S3-722029438,"S2-379723036,S3-205446535,S2-143975290,S3-613386906,S3-703072650,S2-145185902,S2-418374784",0.5058336778609668,14,NOT_IN_CANDS,0.0,60.0,59.863945578231295,India,S3,8,FN_CANDIDATE_MISS
S1-559892121,candidate_present,NONE,S3-730775138,0.648380393574279,1,BOTH,0.8023982048034668,89.47368421052632,0.0,US,S3,0,FP_FALSE_POSITIVE_MERGE
S1-781315776,candidate_present,S2-11263847,"S3-464470022,S2-915675011,S2-942021362,S2-482619434,S3-597149982",0.6978924335485197,5,BOTH,0.12337737530469894,80.0,0.0,US,S2,6,FN_MATCHER_REJECTED
S1-589877025,candidate_present,S3-18877889,"S3-95727193,S2-387312952,S2-682680370,S3-866466719",0.6464760367003367,5,BOTH,0.11354580521583557,75.0,0.0,US,S3,5,FN_MATCHER_REJECTED
S1-301525050,candidate_missing,S3-684927566,S3-918347156,0.0,-1,NOT_IN_CANDS,0.0,63.41463414634146,46.51162790697675,India,S3,2,FN_CANDIDATE_MISS
S1-25465737,candidate_present,S3-524564712,"S3-118026825,S2-820578719",0.4846134695719577,3,BOTH,0.1896500140428543,75.55555555555556,48.554913294797686,India,S3,3,FN_MATCHER_REJECTED
S1-364183285,candidate_present,S3-259899088,S2-322141027,0.0,-1,CHAMPION_ONLY,0.3314817547798157,100.0,40.54054054054054,India,S3,2,FN_MATCHER_REJECTED
S1-274020395,candidate_present,S3-160144226,"S3-892824530,S2-300050343,S2-912083618,S2-405475306",0.6333539521802748,5,BOTH,0.022338401526212692,60.86956521739131,59.01639344262295,US,S3,5,FN_MATCHER_REJECTED
S1-481203335,candidate_present,NONE,S3-230833115,0.9527920468921484,1,BOTH,0.9909595847129822,94.54545454545455,93.75,US,S3,0,FP_FALSE_POSITIVE_MERGE
S1-779866134,candidate_present,S2-276355156,S3-314979107,0.43198043874043673,2,SEMANTIC_ONLY,0.04338742420077324,81.4814814814815,0.0,US,S2,2,FN_MATCHER_REJECTED
S1-335438802,candidate_present,NONE,S3-511760335,0.652849652305264,6,BOTH,0.7788851857185364,61.81818181818181,0.0,US,S3,5,FP_FALSE_POSITIVE_MERGE
S1-21462004,candidate_present,NONE,S2-843071321,0.5501337775344791,5,BOTH,0.7222874760627747,86.66666666666667,0.0,US,S2,3,FP_FALSE_POSITIVE_MERGE
S1-339492383,candidate_present,S2-203604499,S3-461642672,0.0,-1,CHAMPION_ONLY,0.004754281137138605,57.14285714285714,0.0,India,S2,2,FN_MATCHER_REJECTED
S1-794179231,candidate_present,S3-369041821,"S3-157309734,S3-835925550",0.4973464987225461,3,BOTH,0.6147928833961487,89.79591836734694,37.41935483870967,India,S3,3,FN_MATCHER_REJECTED
S1-833028052,candidate_missing,S2-105630073,"S2-221752221,S3-243954997,S3-175626468",0.32807920633197457,23,NOT_IN_CANDS,0.0,6.25,53.42465753424658,India,S2,4,FN_CANDIDATE_MISS
S1-540944372,candidate_present,S2-564160193,"S2-788599830,S3-443645678,S2-959211614,S3-157998895,S2-915335179,S3-324759567",0.0,-1,CHAMPION_ONLY,0.0013332717353478074,63.63636363636363,0.0,US,S2,7,FN_MATCHER_REJECTED
S1-417095025,candidate_present,NONE,S3-682851388,0.6716639277647389,3,BOTH,0.7070682048797607,70.58823529411764,0.0,US,S3,2,FP_FALSE_POSITIVE_MERGE
S1-349920988,candidate_present,NONE,S3-440460688,0.6211208740455544,10,BOTH,0.8886997699737549,12.0,73.04347826086956,India,S3,5,FP_FALSE_POSITIVE_MERGE
S1-349920988,candidate_present,NONE,S3-611257184,0.6211208740455544,9,BOTH,0.8651227355003357,12.0,73.04347826086956,India,S3,5,FP_FALSE_POSITIVE_MERGE
S1-349920988,candidate_present,NONE,S2-148448999,0.7158299873731324,6,BOTH,0.9766510128974915,12.0,87.17948717948718,India,S2,5,FP_FALSE_POSITIVE_MERGE
S1-349920988,candidate_present,NONE,S2-457329921,0.7135668663443278,7,BOTH,0.9430900812149048,12.0,83.60655737704919,India,S2,5,FP_FALSE_POSITIVE_MERGE
S1-564313421,candidate_present,S2-109996413,"S3-501975767,S2-217866059",0.4033755445881139,23,CHAMPION_ONLY,0.06432642042636871,67.85714285714286,0.0,US,S2,3,FN_MATCHER_REJECTED
S1-612211644,candidate_missing,S3-295654535,"S2-2679609,S3-727126476,S2-166944393,S3-409369395,S2-284116755,S2-664989792,S3-193171775",0.0,-1,NOT_IN_CANDS,0.0,95.45454545454545,0.0,India,S3,8,FN_CANDIDATE_MISS
S1-956036039,candidate_present,NONE,S2-419835627,0.579607334977413,5,BOTH,0.8914149403572083,24.242424242424242,86.5979381443299,India,S2,4,FP_FALSE_POSITIVE_MERGE
S1-748398865,candidate_missing,S2-181010914,"S3-916083114,S3-704311947",0.0,-1,NOT_IN_CANDS,0.0,11.764705882352944,59.13043478260869,India,S2,3,FN_CANDIDATE_MISS
S1-865238448,candidate_missing,S2-314568574,"S3-818284543,S3-914116365,S2-883963336,S3-500387297,S3-483840455,S3-422693802,S2-384256024",0.0,-1,NOT_IN_CANDS,0.0,13.636363636363635,50.0,India,S2,8,FN_CANDIDATE_MISS
S1-964798872,candidate_missing,S3-701496578,"S2-44528382,S2-787230848,S2-733023499",0.3524437770753372,17,NOT_IN_CANDS,0.0,9.999999999999998,55.65217391304348,India,S3,4,FN_CANDIDATE_MISS
S1-907769280,candidate_present,S3-637536707,"S3-193606332,S2-153744511",0.5637113617491586,3,SEMANTIC_ONLY,0.0003381313581485301,24.242424242424242,54.71698113207547,India,S3,3,FN_MATCHER_REJECTED
S1-908677273,candidate_present,S3-787210768,"S3-905360289,S2-247287236",0.5903554314178991,4,BOTH,0.050405655056238174,78.57142857142857,51.28205128205128,India,S3,3,FN_MATCHER_REJECTED
S1-729593698,candidate_present,NONE,S2-810791111,0.8854138802256953,1,BOTH,0.8561193943023682,84.375,91.86046511627907,India,S2,0,FP_FALSE_POSITIVE_MERGE
S1-102259411,candidate_present,S3-823407063,"S2-973259083,S2-843026165,S2-669728177",0.5039294929454903,30,CHAMPION_ONLY,0.6764733791351318,87.5,0.0,India,S3,4,FN_MATCHER_REJECTED
S1-949508600,candidate_present,S3-732757296,"S2-295196069,S3-364358365,S3-371983240",0.4283777806671255,6,BOTH,0.351118803024292,63.829787234042556,0.0,US,S3,4,FN_MATCHER_REJECTED
S1-15935570,candidate_present,S3-236237306,"S3-850083807,S2-850681390,S3-733212456",0.6265627634115573,3,BOTH,0.4719998240470886,73.91304347826086,65.51724137931035,US,S3,4,FN_MATCHER_REJECTED
S1-158095441,candidate_present,S2-750346152,S3-244928279,0.7472856192831698,2,BOTH,0.06588398665189743,84.21052631578947,0.0,US,S2,2,FN_MATCHER_REJECTED
S1-271231195,candidate_missing,S3-700281535,"S3-319680126,S3-239222975,S3-962639643,S2-896273588,S3-918918501",0.32343817584730444,17,NOT_IN_CANDS,0.0,7.4074074074074066,33.89830508474576,India,S3,6,FN_CANDIDATE_MISS
S1-60241100,candidate_missing,S2-76534598,"S3-954877121,S3-548032128",0.0,-1,NOT_IN_CANDS,0.0,11.32075471698113,65.21739130434783,India,S2,3,FN_CANDIDATE_MISS
S1-242016904,candidate_missing,S2-816448025,"S3-81528614,S3-527968060,S3-967526746,S2-448797967,S3-571205874,S3-266264845",0.0,-1,NOT_IN_CANDS,0.0,12.0,62.77372262773723,India,S2,7,FN_CANDIDATE_MISS
S1-985495249,candidate_missing,S3-710118552,"S2-683834702,S3-860800272,S3-355426884",0.0,-1,NOT_IN_CANDS,0.0,80.0,0.0,US,S3,4,FN_CANDIDATE_MISS
S1-520377514,candidate_present,S2-467807495,"S3-813485082,S2-143518162",0.5064152608772782,3,BOTH,0.6047608852386475,88.23529411764706,0.0,US,S2,3,FN_MATCHER_REJECTED
S1-452871446,candidate_present,S3-8292074,S2-129830701,0.669727726762998,2,BOTH,0.0865648090839386,13.953488372093027,57.80346820809248,India,S3,2,FN_MATCHER_REJECTED
S1-357307238,candidate_present,S3-544440567,S2-197880367,0.5524129490920763,2,BOTH,0.13664257526397705,38.095238095238095,64.61538461538461,India,S3,2,FN_MATCHER_REJECTED
S1-341841843,candidate_present,NONE,S3-784625849,0.7151577998868127,5,BOTH,0.9634095430374146,100.0,0.0,US,S3,4,FP_FALSE_POSITIVE_MERGE
S1-896701933,candidate_present,S3-748953837,S3-513456414,0.0,-1,CHAMPION_ONLY,0.008436436764895916,51.162790697674424,0.0,US,S3,2,FN_MATCHER_REJECTED
S1-629122355,candidate_missing,S2-686232824,"S2-225845201,S3-122761558,S3-792948324,S3-805127727",0.4361710374213444,19,NOT_IN_CANDS,0.0,12.5,54.83870967741935,India,S2,5,FN_CANDIDATE_MISS
S1-727008768,candidate_present,S3-361240880,"S3-977993000,S2-732896891,S2-416655804",0.5716089074781294,4,BOTH,0.4365309178829193,74.07407407407408,0.0,US,S3,4,FN_MATCHER_REJECTED
S1-744328082,candidate_missing,S3-446522040,"S2-986466249,S2-57612835",0.0,-1,NOT_IN_CANDS,0.0,35.89743589743589,0.0,India,S3,3,FN_CANDIDATE_MISS
S1-99115147,candidate_present,S3-64597833,S3-348085088,0.6214388300424524,2,BOTH,0.12272509187459946,63.41463414634146,66.01941747572815,India,S3,2,FN_MATCHER_REJECTED
S1-774875542,candidate_missing,S3-136044391,"S2-597974007,S2-521143288,S2-949792524,S3-194751371",0.36787820631310186,25,NOT_IN_CANDS,0.0,41.17647058823529,71.69811320754718,US,S3,5,FN_CANDIDATE_MISS
S1-756153272,candidate_missing,S3-802490649,"S2-874383289,S3-862186078",0.0,-1,NOT_IN_CANDS,0.0,55.00000000000001,0.0,India,S3,3,FN_CANDIDATE_MISS
S1-518026530,candidate_present,S3-510146343,"S2-920922875,S3-439150312",0.5976690716619274,3,BOTH,0.37652766704559326,81.08108108108108,0.0,US,S3,4,FN_MATCHER_REJECTED
S1-518026530,candidate_present,S3-187880383,"S2-920922875,S3-439150312",0.5236588280317308,4,BOTH,0.3854961395263672,90.9090909090909,0.0,US,S3,4,FN_MATCHER_REJECTED
S1-342198906,candidate_present,NONE,S3-147701249,0.5753552333415036,4,BOTH,0.8332192301750183,100.0,0.0,US,S3,2,FP_FALSE_POSITIVE_MERGE
S1-631869413,candidate_present,S2-506954380,,0.0,-1,CHAMPION_ONLY,0.025982104241847992,11.267605633802813,20.43795620437956,India,S2,1,FN_MATCHER_REJECTED
S1-190952657,candidate_missing,S3-664851954,"S2-942616391,S3-792818946,S2-64054006,S3-400377877,S2-679202381",0.0,-1,NOT_IN_CANDS,0.0,50.847457627118644,0.0,India,S3,6,FN_CANDIDATE_MISS
S1-743825473,candidate_present,S3-856303475,S2-840391473,0.7791360938243759,2,BOTH,0.03367346525192261,44.44444444444444,89.55223880597015,US,S3,2,FN_MATCHER_REJECTED
S1-187189371,candidate_present,S2-530927560,"S2-862687617,S3-182329005,S3-418780453,S3-448199287,S3-899853672",0.0,-1,CHAMPION_ONLY,0.060943353921175,82.35294117647058,0.0,India,S2,6,FN_MATCHER_REJECTED
S1-187189371,candidate_present,S3-947243402,"S2-862687617,S3-182329005,S3-418780453,S3-448199287,S3-899853672",0.7045927962991969,3,BOTH,0.15453293919563293,57.14285714285714,61.9718309859155,India,S3,6,FN_MATCHER_REJECTED
S1-187189371,candidate_present,NONE,S3-448199287,0.4621235824785345,23,CHAMPION_ONLY,0.7650120854377747,13.636363636363635,77.92207792207793,India,S3,6,FP_FALSE_POSITIVE_MERGE
S1-245704328,candidate_present,S3-993064580,"S3-291605460,S3-385579217,S3-769554535,S2-879626895",0.5404627429153482,5,SEMANTIC_ONLY,0.5790317058563232,87.5,0.0,US,S3,5,FN_MATCHER_REJECTED
S1-616221144,candidate_missing,S2-476189446,"S3-234006010,S2-866632464",0.0,-1,NOT_IN_CANDS,0.0,16.666666666666664,46.0,India,S2,4,FN_CANDIDATE_MISS
S1-616221144,candidate_present,S2-343887266,"S3-234006010,S2-866632464",0.7181152610794754,3,SEMANTIC_ONLY,0.09223015606403351,16.666666666666664,93.87755102040816,India,S2,4,FN_MATCHER_REJECTED
S1-27805577,candidate_present,S2-431693934,"S3-716062082,S2-80682343,S3-603989767,S3-325896991,S2-799840048",0.5307875499877682,5,BOTH,0.01731347292661667,68.18181818181819,53.73134328358209,US,S2,6,FN_MATCHER_REJECTED
S1-645939210,candidate_present,NONE,S3-290982934,0.5664987010009673,5,BOTH,0.8733353018760681,90.0,0.0,US,S3,3,FP_FALSE_POSITIVE_MERGE
S1-873112061,candidate_present,S2-869675378,"S3-506453700,S2-108084066,S3-417115195",0.4528950604298217,5,BOTH,0.5879315733909607,93.61702127659575,0.0,US,S2,4,FN_MATCHER_REJECTED
S1-401662044,candidate_missing,S2-748074457,"S3-533457306,S3-420580512,S3-19842473,S3-6921330",0.0,-1,NOT_IN_CANDS,0.0,88.88888888888889,0.0,India,S2,4,FN_CANDIDATE_MISS
S1-401662044,candidate_present,NONE,S3-533457306,0.505933525281794,4,BOTH,0.8984774351119995,87.8048780487805,0.0,India,S3,4,FP_FALSE_POSITIVE_MERGE
S1-712709184,candidate_present,S2-761062088,S2-927858874,0.0,-1,CHAMPION_ONLY,0.23385222256183624,88.46153846153845,0.0,India,S2,2,FN_MATCHER_REJECTED
S1-360892822,candidate_present,S3-592179010,"S2-416949150,S3-651736621",0.45609724970461224,3,BOTH,0.006196342874318361,82.05128205128204,39.34426229508197,US,S3,3,FN_MATCHER_REJECTED
S1-707654043,candidate_missing,S2-206594179,"S2-753293758,S3-986835066",0.0,-1,NOT_IN_CANDS,0.0,90.9090909090909,0.0,India,S2,3,FN_CANDIDATE_MISS
S1-298455068,candidate_present,S2-480177776,"S2-845624486,S3-760475401",0.8270868404258576,3,BOTH,0.6416457891464233,89.36170212765957,0.0,US,S2,3,FN_MATCHER_REJECTED
S1-884380762,candidate_present,S3-753594771,"S2-969070938,S2-168540177,S3-237793919,S2-823349205,S2-321606388",0.8303071201369014,6,BOTH,0.5825490951538086,87.5,65.3061224489796,US,S3,6,FN_MATCHER_REJECTED
S1-915035258,candidate_present,NONE,S2-820207139,0.0,-1,CHAMPION_ONLY,1.0,60.526315789473685,37.5,US,S2,3,FP_FALSE_POSITIVE_MERGE
S1-408186013,candidate_present,NONE,S3-662889298,0.6887201237841606,4,BOTH,0.9022330641746521,100.0,0.0,US,S3,3,FP_FALSE_POSITIVE_MERGE
S1-515090700,candidate_missing,S3-918070002,"S3-248593681,S3-879756575,S3-795458061,S2-436179064,S2-328218116",0.45087982626252154,14,NOT_IN_CANDS,0.0,59.45945945945945,62.16216216216216,India,S3,6,FN_CANDIDATE_MISS
S1-319125577,candidate_present,S2-261958970,"S3-196875333,S3-856512335,S3-283394076,S2-880225613,S2-659201643,S2-256099738,S3-901755348,S2-430090703",0.36603281644343355,9,BOTH,0.05191739276051521,68.0,0.0,India,S2,9,FN_MATCHER_REJECTED
S1-594949932,candidate_present,S3-927553224,"S2-337859895,S2-378853144",0.0,-1,CHAMPION_ONLY,0.0001397908345097676,81.81818181818181,20.895522388059707,India,S3,5,FN_MATCHER_REJECTED
S1-594949932,candidate_present,S3-889377505,"S2-337859895,S2-378853144",0.3942595288339052,6,BOTH,0.5388712882995605,100.0,32.3943661971831,India,S3,5,FN_MATCHER_REJECTED
S1-594949932,candidate_missing,S2-62120898,"S2-337859895,S2-378853144",0.34488947801676917,22,NOT_IN_CANDS,0.0,15.789473684210531,46.97986577181208,India,S2,5,FN_CANDIDATE_MISS
S1-193682202,candidate_present,S3-611436214,"S3-951174419,S3-293469310,S3-426507683",0.41473190669782234,20,CHAMPION_ONLY,0.6787989735603333,15.384615384615385,61.904761904761905,India,S3,4,FN_MATCHER_REJECTED
S1-692605469,candidate_missing,S2-377795523,"S3-682346071,S3-153652080",0.0,-1,NOT_IN_CANDS,0.0,12.244897959183676,52.94117647058824,India,S2,3,FN_CANDIDATE_MISS
S1-998265559,candidate_present,NONE,S3-13232799,0.6831517107435398,4,BOTH,0.7259416580200195,90.0,0.0,US,S3,3,FP_FALSE_POSITIVE_MERGE
S1-452088566,candidate_present,S2-617727781,"S3-251557149,S3-401336661,S2-977385726,S3-281525652,S2-550378198,S3-809702809,S2-43666300",0.593253506593675,8,BOTH,0.61514812707901,85.71428571428572,0.0,US,S2,8,FN_MATCHER_REJECTED
S1-426790673,candidate_present,S3-745660534,"S2-393817019,S3-359871391",0.0,-1,CHAMPION_ONLY,0.00012770883040502667,56.41025641025641,0.0,India,S3,3,FN_MATCHER_REJECTED
S1-559824041,candidate_present,S3-781911032,"S2-640680470,S3-577119581,S2-621998121",0.6126462724149961,4,SEMANTIC_ONLY,0.4821094274520874,57.89473684210527,71.1864406779661,US,S3,4,FN_MATCHER_REJECTED
S1-753008163,candidate_present,S3-435447384,"S2-828386617,S2-288206902,S2-762363892",0.5762885907376065,4,SEMANTIC_ONLY,0.04326963424682617,37.5,51.515151515151516,India,S3,4,FN_MATCHER_REJECTED
S1-923876088,candidate_present,NONE,S3-627043370,0.740871477540808,3,SEMANTIC_ONLY,0.9108983874320984,67.85714285714286,84.48275862068965,India,S3,3,FP_FALSE_POSITIVE_MERGE
S1-585623923,candidate_present,S2-173813171,"S2-965599933,S2-10524829",0.6651610649751136,5,BOTH,0.40448781847953796,10.71428571428571,82.8125,India,S2,5,FN_MATCHER_REJECTED
S1-585623923,candidate_present,S3-236104359,"S2-965599933,S2-10524829",0.7176987412349364,3,SEMANTIC_ONLY,0.34277263283729553,10.71428571428571,86.88524590163934,India,S3,5,FN_MATCHER_REJECTED
S1-585623923,candidate_present,S3-175095939,"S2-965599933,S2-10524829",0.7164292530237165,4,SEMANTIC_ONLY,0.3590487241744995,10.71428571428571,84.03361344537815,India,S3,5,FN_MATCHER_REJECTED
S1-970155344,candidate_present,S3-559221585,"S2-241808076,S3-440726725",0.47284941509020945,6,SEMANTIC_ONLY,0.18577997386455536,48.275862068965516,42.00000000000001,India,S3,3,FN_MATCHER_REJECTED
S1-893341537,candidate_present,S2-62676820,"S2-806432947,S2-941079017",0.428301365906617,10,BOTH,0.01375644002109766,68.96551724137932,0.0,US,S2,3,FN_MATCHER_REJECTED
S1-119723517,candidate_present,NONE,S3-724291993,0.6244662640047882,7,BOTH,0.7965133190155029,57.14285714285714,0.0,US,S3,6,FP_FALSE_POSITIVE_MERGE
S1-105969715,candidate_missing,S2-407228015,"S3-862997656,S2-45632503,S2-769365315",0.0,-1,NOT_IN_CANDS,0.0,15.000000000000002,49.54128440366973,India,S2,4,FN_CANDIDATE_MISS
S1-175428347,candidate_present,S3-122332325,"S2-442941700,S3-642001666",0.6113458137684785,3,BOTH,0.04295986145734787,30.000000000000004,87.5,US,S3,4,FN_MATCHER_REJECTED
S1-175428347,candidate_present,S3-489528950,"S2-442941700,S3-642001666",0.5865937278656234,4,BOTH,0.6574519872665405,84.84848484848484,0.0,US,S3,4,FN_MATCHER_REJECTED
S1-753515545,candidate_present,S3-60105600,S3-707245426,0.5161298399037109,4,BOTH,0.034526754170656204,63.1578947368421,0.0,US,S3,4,FN_MATCHER_REJECTED
S1-753515545,candidate_present,S2-151228560,S3-707245426,0.6892592083480011,3,BOTH,0.6343608498573303,88.23529411764706,0.0,US,S2,4,FN_MATCHER_REJECTED
S1-753515545,candidate_present,S2-947918284,S3-707245426,0.6892592083480011,2,BOTH,0.6343608498573303,88.23529411764706,0.0,US,S2,4,FN_MATCHER_REJECTED
S1-492144261,candidate_present,NONE,S2-955363995,0.7000678465575452,4,BOTH,0.8236396312713623,94.28571428571428,0.0,US,S2,3,FP_FALSE_POSITIVE_MERGE
S1-401140351,candidate_present,S2-823715340,"S2-896033197,S2-640224252,S2-181532815",0.5505364690420494,4,BOTH,0.41300302743911743,76.0,0.0,US,S2,4,FN_MATCHER_REJECTED
S1-161319070,candidate_missing,S2-814349402,S3-65104309,0.0,-1,NOT_IN_CANDS,0.0,12.5,32.94117647058824,India,S2,2,FN_CANDIDATE_MISS
S1-629063625,candidate_missing,S2-891533583,"S3-69803768,S3-682153281",0.0,-1,NOT_IN_CANDS,0.0,8.571428571428575,50.60240963855422,India,S2,3,FN_CANDIDATE_MISS
S1-713676954,candidate_missing,S3-360700455,"S3-956790551,S3-853721976,S3-991870962",0.3903637244787328,16,NOT_IN_CANDS,0.0,83.72093023255813,0.0,India,S3,4,FN_CANDIDATE_MISS
S1-199302960,candidate_present,S2-443135602,"S2-155459980,S3-223320032,S2-222861680,S3-345784246",0.7444570398886486,5,BOTH,0.5285177826881409,23.529411764705888,90.19607843137256,US,S2,5,FN_MATCHER_REJECTED
S1-346815960,candidate_present,S2-705691502,,0.0,-1,CHAMPION_ONLY,0.024205859750509262,75.55555555555556,0.0,India,S2,1,FN_MATCHER_REJECTED
S1-542212653,candidate_present,S3-839158785,"S3-810398590,S2-477579405,S3-639060459",0.5686724862288283,3,BOTH,0.10815305262804031,69.23076923076923,32.49999999999999,India,S3,4,FN_MATCHER_REJECTED
S1-568935032,candidate_present,S3-529110041,S2-247258433,0.8659604429639862,2,BOTH,0.4009037911891937,83.01886792452831,0.0,US,S3,2,FN_MATCHER_REJECTED
S1-778385714,candidate_present,NONE,S3-135814460,0.8511419504493851,9,BOTH,0.9894875288009644,89.65517241379311,71.60493827160495,US,S3,8,FP_FALSE_POSITIVE_MERGE
S1-580335232,candidate_present,S3-710306148,"S2-179416078,S2-768079138",0.45247277583068357,3,BOTH,0.005262148566544056,75.0,0.0,US,S3,3,FN_MATCHER_REJECTED
S1-593287812,candidate_missing,S2-46169967,"S3-885287739,S2-382989211,S3-943237156,S3-942889684",0.0,-1,NOT_IN_CANDS,0.0,78.57142857142857,0.0,India,S2,5,FN_CANDIDATE_MISS
S1-824670376,candidate_present,S2-322315889,"S2-988894607,S3-305395136,S2-251922560,S3-775390214",0.5323316416598759,5,BOTH,0.5675713419914246,78.57142857142857,0.0,US,S2,5,FN_MATCHER_REJECTED
S1-806171253,candidate_present,S3-493541751,"S2-551925356,S3-317958676",0.604854828003896,3,BOTH,0.007191021926701069,74.19354838709677,47.887323943661976,India,S3,3,FN_MATCHER_REJECTED
S1-436508509,candidate_missing,S3-817904086,"S2-718728015,S3-927770605,S2-454311351",0.0,-1,NOT_IN_CANDS,0.0,15.789473684210531,56.81818181818181,India,S3,4,FN_CANDIDATE_MISS
S1-166242459,candidate_present,NONE,S2-497464731,0.0,-1,CHAMPION_ONLY,1.0,55.319148936170215,36.065573770491795,India,S2,5,FP_FALSE_POSITIVE_MERGE
S1-788412913,candidate_present,NONE,S2-209716762,0.5474649591012476,4,SEMANTIC_ONLY,0.6935334205627441,45.16129032258065,89.79591836734694,US,S2,1,FP_FALSE_POSITIVE_MERGE
S1-854645540,candidate_present,NONE,S2-267432328,0.0,-1,CHAMPION_ONLY,0.7306464314460754,84.375,50.51546391752577,India,S2,3,FP_FALSE_POSITIVE_MERGE
S1-267610323,candidate_present,S3-792340629,"S3-388670869,S3-912249766,S2-376681625",0.5742021685015127,4,BOTH,0.04232246056199074,73.91304347826086,70.37037037037037,US,S3,4,FN_MATCHER_REJECTED
S1-360104744,candidate_missing,S3-32118495,"S3-981337425,S2-872580283",0.0,-1,NOT_IN_CANDS,0.0,12.244897959183676,34.693877551020414,India,S3,4,FN_CANDIDATE_MISS
S1-360104744,candidate_present,S3-22650652,"S3-981337425,S2-872580283",0.43948782192793295,4,BOTH,0.04386205971240997,76.47058823529412,34.693877551020414,India,S3,4,FN_MATCHER_REJECTED
S1-479668408,candidate_present,S3-104929148,"S2-947994650,S3-299234526,S2-319418736",0.5451768453197798,5,BOTH,0.3981110453605652,29.629629629629626,89.79591836734694,US,S3,4,FN_MATCHER_REJECTED
S1-104917971,candidate_present,S2-493834511,"S2-943280657,S3-467006976,S3-293132994,S3-197526908",0.7911106345971286,2,BOTH,0.4193017780780792,42.553191489361694,76.92307692307692,India,S2,4,FN_MATCHER_REJECTED
S1-104917971,candidate_present,NONE,S3-293132994,0.6458341469972221,5,BOTH,0.8400713205337524,8.163265306122447,80.85106382978724,India,S3,4,FP_FALSE_POSITIVE_MERGE
S1-80760973,candidate_present,NONE,S2-44162524,0.5711320878674702,4,BOTH,0.7262234687805176,79.3103448275862,0.0,US,S2,3,FP_FALSE_POSITIVE_MERGE
S1-551609902,candidate_present,S2-321866561,"S3-700597895,S3-986499373",0.4386187808792438,28,CHAMPION_ONLY,0.538370668888092,84.61538461538461,0.0,India,S2,3,FN_MATCHER_REJECTED
S1-432279823,candidate_present,S2-644483863,"S3-954050804,S3-993921334,S2-441189230,S3-658059874,S2-801020803",0.7958955771539662,5,BOTH,0.2936158776283264,75.0,71.42857142857143,US,S2,6,FN_MATCHER_REJECTED
S1-773794090,candidate_present,S2-48726419,"S2-418407785,S3-612179430",0.0,-1,CHAMPION_ONLY,0.06447870284318924,13.043478260869568,40.29850746268657,India,S2,3,FN_MATCHER_REJECTED
S1-323837946,candidate_present,S2-718033108,"S2-168842435,S3-198044205,S2-313986294,S3-401728648,S2-108388778",0.0,-1,CHAMPION_ONLY,0.521277666091919,54.054054054054056,54.16666666666667,India,S2,5,FN_MATCHER_REJECTED
S1-323837946,candidate_present,NONE,S2-108388778,0.709016376022092,6,SEMANTIC_ONLY,0.845861554145813,13.33333333333333,84.48275862068965,India,S2,5,FP_FALSE_POSITIVE_MERGE
S1-261521601,candidate_present,S3-478834708,S2-873511787,0.5785115419809208,1,BOTH,0.6645848751068115,68.08510638297872,0.0,US,S3,2,FN_MATCHER_REJECTED
S1-760318622,candidate_present,NONE,S3-387563975,0.5830564804315105,4,BOTH,0.9320316910743713,100.0,0.0,US,S3,3,FP_FALSE_POSITIVE_MERGE
S1-787762564,candidate_present,S2-174025512,"S2-734209696,S2-452085056",0.6642773957859375,4,SEMANTIC_ONLY,0.10062006115913391,58.82352941176471,61.53846153846154,India,S2,3,FN_MATCHER_REJECTED
S1-125961849,candidate_present,S2-868792989,S3-684814319,0.7566893008069727,1,SEMANTIC_ONLY,0.5572311282157898,10.256410256410254,84.7926267281106,India,S2,2,FN_MATCHER_REJECTED
S1-327014207,candidate_present,S3-276681421,"S3-240220785,S3-887108434,S2-568695595,S3-12810889,S2-658490158",0.47225651756342674,7,BOTH,0.41477063298225403,80.85106382978724,0.0,India,S3,6,FN_MATCHER_REJECTED
S1-502542662,candidate_missing,S3-434534279,"S2-664267075,S2-122824554,S2-33221831",0.0,-1,NOT_IN_CANDS,0.0,66.66666666666667,0.0,India,S3,4,FN_CANDIDATE_MISS
S1-129074534,candidate_missing,S2-875940439,"S3-207966774,S2-716769531,S2-644056410",0.0,-1,NOT_IN_CANDS,0.0,16.216216216216218,46.51162790697675,India,S2,5,FN_CANDIDATE_MISS
S1-129074534,candidate_missing,S2-657619281,"S3-207966774,S2-716769531,S2-644056410",0.0,-1,NOT_IN_CANDS,0.0,16.216216216216218,43.67816091954023,India,S2,5,FN_CANDIDATE_MISS
S1-764601053,candidate_present,S3-297304885,"S3-733961835,S2-670778396,S2-72086102,S2-463767697,S2-221054118,S3-719929081,S3-572831202",0.44227255474094285,8,SEMANTIC_ONLY,0.3811260461807251,84.0,36.36363636363637,India,S3,8,FN_MATCHER_REJECTED
S1-130629165,candidate_present,NONE,S2-609748674,0.6338509117038743,4,SEMANTIC_ONLY,0.8384701013565063,23.33333333333333,79.32960893854748,India,S2,2,FP_FALSE_POSITIVE_MERGE
S1-130629165,candidate_present,NONE,S2-833519762,0.6607007348955408,3,BOTH,0.7638850212097168,24.242424242424242,84.39306358381504,India,S2,2,FP_FALSE_POSITIVE_MERGE
S1-959714441,candidate_missing,S2-379597653,"S2-942813315,S2-186964824",0.0,-1,NOT_IN_CANDS,0.0,11.538461538461542,33.62831858407079,India,S2,3,FN_CANDIDATE_MISS
S1-689703267,candidate_present,S2-460805674,S3-364398844,0.7095519315048454,2,SEMANTIC_ONLY,0.18783968687057495,12.5,74.19354838709677,India,S2,2,FN_MATCHER_REJECTED
S1-920883762,candidate_present,S2-796335435,"S3-200250901,S3-575342570,S3-790783672,S2-23924357",0.630791203045551,3,SEMANTIC_ONLY,0.09058880805969238,14.634146341463417,72.41379310344827,India,S2,5,FN_MATCHER_REJECTED
S1-561719842,candidate_present,S3-699590713,"S2-423633989,S2-296673430,S3-823377107,S3-827289316,S3-195467675",0.6387296069272309,6,BOTH,0.24800053238868713,81.35593220338984,0.0,US,S3,6,FN_MATCHER_REJECTED
S1-529195213,candidate_missing,S3-516199465,S2-519684023,0.0,-1,NOT_IN_CANDS,0.0,92.85714285714286,0.0,US,S3,2,FN_CANDIDATE_MISS
S1-635242300,candidate_missing,S3-299960950,"S2-159580036,S2-406400645,S3-145350505",0.0,-1,NOT_IN_CANDS,0.0,56.00000000000001,50.0,India,S3,4,FN_CANDIDATE_MISS
S1-7539955,candidate_present,S3-451055392,"S3-816321613,S2-373775553",0.614122367907326,3,BOTH,0.33639371395111084,87.5,0.0,India,S3,3,FN_MATCHER_REJECTED
S1-620580951,candidate_present,NONE,S2-243810345,0.5809220755669212,7,BOTH,0.8700534701347351,100.0,0.0,US,S2,6,FP_FALSE_POSITIVE_MERGE
S1-207053079,candidate_present,NONE,S3-716369152,0.7684308606870971,3,BOTH,0.9713312983512878,88.23529411764706,67.82608695652175,India,S3,0,FP_FALSE_POSITIVE_MERGE
S1-528103494,candidate_present,S2-280358247,"S3-6613758,S2-897452869,S2-857050829,S3-107840544",0.0,-1,CHAMPION_ONLY,0.5438167452812195,68.96551724137932,0.0,US,S2,5,FN_MATCHER_REJECTED
S1-543059008,candidate_present,S2-461273744,"S2-652294258,S2-661359295,S3-295747932,S2-850933633,S3-2397288,S2-765177357,S3-302301246",0.5200786309667318,12,CHAMPION_ONLY,0.07459022849798203,87.27272727272728,0.0,US,S2,8,FN_MATCHER_REJECTED
S1-178959216,candidate_present,S3-7774167,S2-198734554,0.0,-1,CHAMPION_ONLY,0.2026778757572174,74.50980392156863,0.0,India,S3,3,FN_MATCHER_REJECTED
S1-178959216,candidate_missing,S3-560958914,S2-198734554,0.4937096535608456,13,NOT_IN_CANDS,0.0,11.764705882352944,55.38461538461539,India,S3,3,FN_CANDIDATE_MISS
S1-951669795,candidate_present,S3-346164561,"S2-185146097,S3-84392982",0.39277106646397625,4,BOTH,0.19189007580280304,66.66666666666667,0.0,US,S3,3,FN_MATCHER_REJECTED
S1-874261681,candidate_missing,S3-711731353,"S2-567558900,S2-955701994,S3-807239119",0.40063005083466624,12,NOT_IN_CANDS,0.0,14.28571428571429,58.11965811965811,India,S3,4,FN_CANDIDATE_MISS
S1-909140809,candidate_present,NONE,S2-931772372,0.899385273285191,4,BOTH,0.6863877773284912,89.28571428571429,95.83333333333334,US,S2,3,FP_FALSE_POSITIVE_MERGE
S1-123890038,candidate_present,NONE,S3-114754313,0.545529378823805,1,BOTH,0.9297057390213013,90.9090909090909,32.72727272727273,India,S3,0,FP_FALSE_POSITIVE_MERGE
S1-512607101,candidate_present,S2-669236119,"S3-637663222,S3-417293637,S3-970986273",0.5832518060479588,4,BOTH,0.44794103503227234,82.92682926829268,0.0,US,S2,4,FN_MATCHER_REJECTED
S1-54956947,candidate_present,S2-488459594,"S3-21900636,S3-304940274,S2-598961607,S3-734419043",0.6594677604853232,5,BOTH,0.3706779479980469,76.31578947368422,0.0,India,S2,5,FN_MATCHER_REJECTED
S1-968916211,candidate_missing,S2-92240294,"S3-685730604,S3-262693525",0.0,-1,NOT_IN_CANDS,0.0,12.5,35.46099290780141,India,S2,3,FN_CANDIDATE_MISS
S1-338457863,candidate_present,S3-763653169,"S2-456623093,S3-448913737,S2-738217659,S2-49594732",0.5917539244888097,5,BOTH,0.10757714509963989,79.16666666666666,0.0,US,S3,5,FN_MATCHER_REJECTED
S1-317442707,candidate_present,S2-948000393,,0.4633477566022116,1,BOTH,0.14525285363197327,22.22222222222222,61.29032258064516,US,S2,1,FN_MATCHER_REJECTED
S1-338741452,candidate_present,S3-273630144,"S2-302464610,S2-787775539,S3-481140308,S3-410540770",0.6839574434440937,3,SEMANTIC_ONLY,0.00983176939189434,46.808510638297875,65.57377049180329,US,S3,5,FN_MATCHER_REJECTED
S1-179075272,candidate_present,S3-160853438,"S2-234009117,S3-18325953",0.34141766161357995,4,BOTH,0.6412919163703918,87.5,0.0,India,S3,3,FN_MATCHER_REJECTED
S1-147093917,candidate_present,S3-21173111,"S2-897013488,S3-821368455,S2-310403367,S2-910981389,S2-955670053,S3-777667688",0.4534855453275661,8,BOTH,0.01406389195472002,53.65853658536586,37.33333333333333,India,S3,7,FN_MATCHER_REJECTED
S1-962873779,candidate_present,S3-411489475,S3-390091613,0.0,-1,CHAMPION_ONLY,0.4840822219848633,71.11111111111111,0.0,India,S3,2,FN_MATCHER_REJECTED
S1-230331390,candidate_present,S3-929674390,"S3-957833618,S3-734450889",0.8037832962903498,2,BOTH,0.33452296257019043,11.111111111111116,90.32258064516128,India,S3,4,FN_MATCHER_REJECTED
S1-230331390,candidate_present,S2-109947888,"S3-957833618,S3-734450889",0.5083810381702851,4,BOTH,0.15693654119968414,11.111111111111116,64.17910447761194,India,S2,4,FN_MATCHER_REJECTED
S1-263057149,candidate_present,S3-809469931,"S2-202065761,S3-623761411,S2-982332571,S3-447526999,S2-889758236",0.6241052354033579,6,BOTH,0.634051501750946,86.66666666666667,0.0,US,S3,6,FN_MATCHER_REJECTED
S1-501408163,candidate_missing,S2-995979802,S2-730319724,0.0,-1,NOT_IN_CANDS,0.0,11.32075471698113,71.15384615384616,India,S2,2,FN_CANDIDATE_MISS
S1-403554732,candidate_present,S2-815385714,"S2-321828275,S2-294189165,S3-74136683,S3-575734000,S3-468890068",0.5888269037853883,6,BOTH,0.3874029219150543,84.84848484848484,0.0,US,S2,7,FN_MATCHER_REJECTED
S1-403554732,candidate_present,S3-82358673,"S2-321828275,S2-294189165,S3-74136683,S3-575734000,S3-468890068",0.5486325448979251,7,BOTH,0.11084423959255219,18.181818181818176,90.41095890410959,US,S3,7,FN_MATCHER_REJECTED
S1-160989036,candidate_missing,S2-666284679,"S2-897567903,S3-764811131,S3-270377733",0.0,-1,NOT_IN_CANDS,0.0,80.0,0.0,US,S2,4,FN_CANDIDATE_MISS
S1-343565352,candidate_present,NONE,S3-160669569,0.6221267263722098,5,BOTH,0.6900004148483276,100.0,53.90070921985816,India,S3,5,FP_FALSE_POSITIVE_MERGE
S1-535467104,candidate_present,S3-111169919,"S2-322414894,S3-981894777",0.4845662372114595,6,BOTH,0.04055618494749069,66.66666666666667,0.0,US,S3,3,FN_MATCHER_REJECTED
S1-557026098,candidate_missing,S3-214313524,S2-360516019,0.0,-1,NOT_IN_CANDS,0.0,13.953488372093027,32.38095238095238,India,S3,2,FN_CANDIDATE_MISS
S1-54276647,candidate_present,S3-706464695,"S2-820636845,S2-966893245,S3-424068338,S3-201317120",0.43167339780159136,6,SEMANTIC_ONLY,0.5581026077270508,91.42857142857143,38.02816901408451,India,S3,5,FN_MATCHER_REJECTED
S1-280556270,candidate_present,S2-527694367,"S3-331474068,S2-295448479,S3-614305057,S3-256873813",0.5514810293725497,4,BOTH,0.4097246825695038,13.33333333333333,63.24786324786324,India,S2,5,FN_MATCHER_REJECTED
S1-59134091,candidate_present,S2-529405126,"S2-853561332,S2-100440583,S3-645445390,S3-195608916",0.4545404529283161,6,BOTH,0.21074679493904114,6.25,65.88235294117646,India,S2,5,FN_MATCHER_REJECTED
S1-722005045,candidate_present,S2-239506094,S3-296845097,0.6720563222038524,2,BOTH,0.14110076427459717,13.636363636363635,92.3076923076923,India,S2,2,FN_MATCHER_REJECTED
S1-399471693,candidate_missing,S2-274841234,"S3-407580372,S3-492559728,S2-13043088,S3-237871718,S2-706426648",0.0,-1,NOT_IN_CANDS,0.0,6.060606060606055,46.15384615384615,India,S2,5,FN_CANDIDATE_MISS
S1-399471693,candidate_present,NONE,S3-237871718,0.5278823434627918,4,BOTH,0.9082042574882507,82.6086956521739,36.73469387755102,India,S3,5,FP_FALSE_POSITIVE_MERGE
S1-327816594,candidate_present,S3-226431245,"S2-370097762,S2-523971909,S2-766612942,S2-187994942",0.0,-1,CHAMPION_ONLY,0.2526070475578308,20.512820512820518,59.375,US,S3,5,FN_MATCHER_REJECTED
S1-293989672,candidate_present,S2-429192568,"S2-720866596,S3-807451577,S3-39145756,S2-630755912",0.4732916623105352,5,BOTH,0.6309800148010254,85.71428571428572,0.0,US,S2,5,FN_MATCHER_REJECTED
S1-577450941,candidate_present,NONE,S2-31948478,0.6394631550309418,5,BOTH,0.7755004167556763,91.30434782608697,0.0,US,S2,4,FP_FALSE_POSITIVE_MERGE
S1-258736135,candidate_present,S3-340966976,"S2-320019705,S2-687772734",0.486149840811027,4,BOTH,0.17080220580101013,11.111111111111116,68.75,India,S3,3,FN_MATCHER_REJECTED
S1-897771930,candidate_present,S2-184520862,"S2-617715811,S3-153366548",0.6552787289340277,3,BOTH,0.5764835476875305,81.35593220338984,0.0,US,S2,3,FN_MATCHER_REJECTED
S1-294115164,candidate_present,S3-9964115,"S2-679824604,S3-468923210,S2-581624804",0.828054142584046,3,BOTH,0.17896397411823273,86.95652173913044,85.18518518518519,US,S3,4,FN_MATCHER_REJECTED
S1-453182722,candidate_present,NONE,S3-148305964,0.7710382684026046,3,BOTH,0.7288272976875305,80.85106382978724,83.33333333333334,US,S3,3,FP_FALSE_POSITIVE_MERGE
S1-984191565,candidate_present,S2-998357696,"S2-209393081,S2-922575892,S3-689170529,S2-890001166,S2-87232873,S3-387674626",0.502058588314676,7,BOTH,0.5348240733146667,87.5,0.0,US,S2,7,FN_MATCHER_REJECTED
S1-151067224,candidate_present,S2-723513670,"S3-913892019,S2-730722671,S2-235196255,S2-686903928",0.5687756818211183,6,SEMANTIC_ONLY,0.021249834448099136,81.9672131147541,0.0,US,S2,5,FN_MATCHER_REJECTED
S1-940827427,candidate_present,S2-383252994,"S2-27443009,S2-446769015,S3-67088788",0.8841185839408184,1,BOTH,0.6266652345657349,80.64516129032258,96.55172413793103,US,S2,4,FN_MATCHER_REJECTED
S1-940827427,candidate_present,S3-840962364,"S2-27443009,S2-446769015,S3-67088788",0.40406298604292096,11,CHAMPION_ONLY,0.002720865420997143,65.45454545454545,0.0,US,S3,4,FN_MATCHER_REJECTED
S1-940827427,candidate_present,NONE,S2-27443009,0.0,-1,CHAMPION_ONLY,1.0,42.85714285714286,45.28301886792453,US,S2,4,FP_FALSE_POSITIVE_MERGE
S1-70216721,candidate_present,NONE,S3-998444696,0.8718485724365591,4,BOTH,0.8664791584014893,89.28571428571429,95.83333333333334,India,S3,5,FP_FALSE_POSITIVE_MERGE
S1-672452450,candidate_present,S2-645505403,"S3-409795612,S3-824042128,S3-571274809,S3-709818009",0.6844905204998991,4,BOTH,0.6197182536125183,87.09677419354838,0.0,US,S2,5,FN_MATCHER_REJECTED
S1-680841419,candidate_present,NONE,S3-981267017,0.8364878538400944,6,BOTH,0.6855418086051941,90.41095890410959,82.92682926829268,US,S3,5,FP_FALSE_POSITIVE_MERGE
S1-151172119,candidate_present,NONE,S2-32330578,0.6778490896762525,2,BOTH,0.8225684762001038,100.0,0.0,US,S2,2,FP_FALSE_POSITIVE_MERGE
S1-246887459,candidate_present,S3-410888353,S3-864917067,0.6526757701485177,2,BOTH,0.4478188157081604,82.05128205128204,53.608247422680414,India,S3,2,FN_MATCHER_REJECTED
S1-688382853,candidate_present,S3-992174609,"S3-531244273,S2-5127643",0.0,-1,CHAMPION_ONLY,0.5193246006965637,32.72727272727273,38.80597014925373,India,S3,3,FN_MATCHER_REJECTED
S1-553124417,candidate_missing,S2-645459807,"S2-636107087,S3-262786332,S2-90296646,S3-297913449",0.0,-1,NOT_IN_CANDS,0.0,54.54545454545454,38.961038961038966,India,S2,5,FN_CANDIDATE_MISS
S1-291746568,candidate_present,S2-355464446,"S3-844137852,S3-882184811,S3-714242913",0.8152556750472755,3,BOTH,0.5848401784896851,90.66666666666666,0.0,US,S2,4,FN_MATCHER_REJECTED
S1-331756956,candidate_present,NONE,S3-556690023,0.5568116380431598,5,BOTH,0.8730271458625793,100.0,0.0,US,S3,4,FP_FALSE_POSITIVE_MERGE
S1-312389741,candidate_missing,S3-248428998,"S2-804688327,S2-945217603,S2-197506420",0.3845356854892388,13,NOT_IN_CANDS,0.0,76.92307692307692,59.25925925925925,US,S3,4,FN_CANDIDATE_MISS
S1-397097614,candidate_present,NONE,S2-915516196,0.4451910512795545,11,CHAMPION_ONLY,0.9395272731781006,11.111111111111116,58.42696629213483,India,S2,4,FP_FALSE_POSITIVE_MERGE
S1-486287723,candidate_present,S2-164688536,"S3-371542301,S2-967434364",0.0,-1,CHAMPION_ONLY,0.6324479579925537,87.17948717948718,0.0,India,S2,3,FN_MATCHER_REJECTED
S1-138739529,candidate_missing,S2-165489128,"S3-826356143,S3-860238666,S3-536791651,S3-327769948,S3-268437711,S2-451242037,S2-531484961",0.34828410905643453,15,NOT_IN_CANDS,0.0,74.50980392156863,0.0,US,S2,8,FN_CANDIDATE_MISS
S1-728282539,candidate_present,S2-499138211,"S3-47227824,S3-228442956,S3-158902875,S3-60890419,S2-507936102,S3-978537246",0.6178877114206667,7,BOTH,0.4193696081638336,73.46938775510203,0.0,US,S2,7,FN_MATCHER_REJECTED
S1-62610003,candidate_missing,S2-955561109,"S3-241533813,S3-258775249,S3-74429468,S3-542370623",0.0,-1,NOT_IN_CANDS,0.0,25.0,52.892561983471076,India,S2,5,FN_CANDIDATE_MISS
S1-707937440,candidate_present,S3-468718499,"S2-157927451,S3-173912199,S3-496690489,S2-863703150",0.45706393486031416,5,SEMANTIC_ONLY,0.12598824501037598,86.95652173913044,55.55555555555556,US,S3,5,FN_MATCHER_REJECTED
S1-326461499,candidate_present,S3-622551534,"S2-422524009,S2-435283875,S3-143224008",0.0,-1,CHAMPION_ONLY,0.18494537472724915,64.86486486486487,33.02752293577982,India,S3,4,FN_MATCHER_REJECTED
S1-785228426,candidate_present,S3-212257547,"S2-231289394,S2-888180934,S2-693700217",0.45240392367653554,5,BOTH,0.6082507967948914,83.33333333333334,0.0,India,S3,4,FN_MATCHER_REJECTED
S1-320312363,candidate_present,NONE,S2-657041012,0.8506582108934329,2,BOTH,0.9813709259033203,89.36170212765957,73.91304347826086,US,S2,3,FP_FALSE_POSITIVE_MERGE
S1-818165388,candidate_present,NONE,S2-298914373,0.6432651930111005,5,SEMANTIC_ONLY,0.7333117723464966,35.0,80.76923076923077,India,S2,5,FP_FALSE_POSITIVE_MERGE
S1-207180248,candidate_present,S3-541840496,"S3-302064307,S2-129419138",0.59986929184963,3,SEMANTIC_ONLY,0.32247447967529297,77.41935483870968,60.86956521739131,US,S3,4,FN_MATCHER_REJECTED
S1-207180248,candidate_present,S3-703632130,"S3-302064307,S2-129419138",0.3989683445255765,23,CHAMPION_ONLY,0.010016442276537418,25.0,74.50980392156863,US,S3,4,FN_MATCHER_REJECTED
S1-413285937,candidate_present,NONE,S3-48398314,0.6920193468153506,4,BOTH,0.84294593334198,21.62162162162162,81.9672131147541,India,S3,3,FP_FALSE_POSITIVE_MERGE
S1-952384507,candidate_present,S2-570191750,"S3-178671448,S2-948779725,S2-620738265",0.8410116837453814,3,BOTH,0.5728773474693298,55.00000000000001,81.73913043478261,India,S2,4,FN_MATCHER_REJECTED
S1-214874401,candidate_present,NONE,S2-383115169,0.721904189605351,5,BOTH,0.7468976974487305,53.333333333333336,74.24242424242425,India,S2,6,FP_FALSE_POSITIVE_MERGE
S1-714672554,candidate_present,NONE,S3-889875675,0.0,-1,CHAMPION_ONLY,0.9446002840995789,59.57446808510638,73.58490566037736,India,S3,3,FP_FALSE_POSITIVE_MERGE
S1-879586789,candidate_present,S3-661450409,"S2-99747620,S2-225855053,S3-978330051",0.46109828963694305,8,BOTH,0.3013983964920044,50.0,76.0,US,S3,4,FN_MATCHER_REJECTED
S1-670763791,candidate_present,S2-41067682,S2-738603451,0.45802874319326736,27,CHAMPION_ONLY,0.15235833823680878,89.79591836734694,0.0,India,S2,2,FN_MATCHER_REJECTED
S1-354053473,candidate_present,S2-886401082,"S3-298601131,S3-622061566,S3-463636265,S2-420043462",0.0,-1,CHAMPION_ONLY,0.5069091320037842,11.538461538461542,37.9746835443038,India,S2,5,FN_MATCHER_REJECTED
S1-395472442,candidate_present,S2-392961774,"S3-231158169,S2-961331945,S2-558750650,S3-696470409,S2-145651720,S3-947719537",0.6490110801997979,6,BOTH,0.05906306579709053,84.21052631578947,0.0,US,S2,7,FN_MATCHER_REJECTED
S1-32258992,candidate_missing,S3-652946334,"S2-165234817,S3-607680435,S2-521266232,S2-950644771",0.40859037548397514,30,NOT_IN_CANDS,0.0,7.9999999999999964,53.16455696202531,India,S3,6,FN_CANDIDATE_MISS
S1-32258992,candidate_missing,S2-936670758,"S2-165234817,S3-607680435,S2-521266232,S2-950644771",0.0,-1,NOT_IN_CANDS,0.0,7.9999999999999964,37.64705882352941,India,S2,6,FN_CANDIDATE_MISS
S1-512133534,candidate_present,S2-306755128,"S3-981018985,S2-727536059",0.0,-1,CHAMPION_ONLY,1.1513230674609076e-05,48.484848484848484,0.0,US,S2,3,FN_MATCHER_REJECTED
S1-438794773,candidate_present,S2-801881875,S3-554846143,0.5486802843767015,2,BOTH,0.33857375383377075,80.95238095238095,0.0,US,S2,2,FN_MATCHER_REJECTED
S1-804771073,candidate_present,NONE,S2-915027705,0.6031973237963605,5,BOTH,0.7856425642967224,90.19607843137256,0.0,US,S2,4,FP_FALSE_POSITIVE_MERGE
S1-980443516,candidate_present,NONE,S2-272275357,0.0,-1,CHAMPION_ONLY,0.8583091497421265,9.836065573770492,48.0,India,S2,3,FP_FALSE_POSITIVE_MERGE
S1-288774908,candidate_missing,S2-528169261,,0.0,-1,NOT_IN_CANDS,0.0,10.256410256410254,23.008849557522126,India,S2,1,FN_CANDIDATE_MISS
S1-66929318,candidate_present,NONE,S2-34066258,0.5328119560992944,10,BOTH,0.932316243648529,75.0,60.86956521739131,India,S2,2,FP_FALSE_POSITIVE_MERGE
S1-66929318,candidate_present,NONE,S2-493634480,0.5568711984739062,7,BOTH,0.9969770312309265,88.88888888888889,61.728395061728406,India,S2,2,FP_FALSE_POSITIVE_MERGE
S1-66929318,candidate_present,NONE,S3-561013713,0.5280295546861181,11,CHAMPION_ONLY,0.8916324973106384,100.0,59.09090909090908,India,S3,2,FP_FALSE_POSITIVE_MERGE
S1-77225317,candidate_present,S3-56745840,"S2-25037574,S2-502149827,S3-268146138,S2-729049632",0.3557223191083537,9,BOTH,0.0058397152461111546,59.45945945945945,38.63636363636363,India,S3,4,FN_MATCHER_REJECTED
S1-77225317,candidate_present,NONE,S2-729049632,0.8394152191789757,3,BOTH,0.9923328757286072,13.636363636363635,93.79310344827586,India,S2,4,FP_FALSE_POSITIVE_MERGE
S1-601661980,candidate_present,S3-482641194,"S2-276067807,S2-899054063",0.605291736720844,3,BOTH,0.3006625473499298,68.42105263157895,62.92134831460674,US,S3,3,FN_MATCHER_REJECTED
S1-210122076,candidate_present,S3-364681890,"S2-770395180,S2-758020026,S3-264981725",0.48684377060775824,4,BOTH,0.5821182131767273,19.999999999999996,75.36231884057972,US,S3,4,FN_MATCHER_REJECTED
S1-25400827,candidate_present,S2-852672573,"S3-473824830,S3-301167476",0.5916534853777298,3,SEMANTIC_ONLY,0.1844240427017212,13.33333333333333,83.9506172839506,India,S2,2,FN_MATCHER_REJECTED
S1-25400827,candidate_present,NONE,S3-301167476,0.7018444828035194,2,BOTH,0.8932705521583557,76.47058823529412,65.75342465753424,India,S3,2,FP_FALSE_POSITIVE_MERGE
S1-182310273,candidate_present,NONE,S3-344366174,0.7871397468321806,4,BOTH,0.9495212435722351,88.46153846153845,70.88607594936708,India,S3,4,FP_FALSE_POSITIVE_MERGE
S1-651557006,candidate_present,S2-138004653,"S3-524419940,S3-512414304",0.7704814452747328,3,BOTH,0.5966829657554626,72.46376811594203,81.25,US,S2,3,FN_MATCHER_REJECTED
S1-495662495,candidate_missing,S3-765088900,"S2-731252896,S3-518249382,S2-661097911",0.0,-1,NOT_IN_CANDS,0.0,56.25,0.0,India,S3,4,FN_CANDIDATE_MISS
S1-121587702,candidate_present,S2-635321510,"S2-867714729,S2-825526761,S3-81842300",0.7657421276828622,4,BOTH,0.2849995791912079,47.36842105263158,93.33333333333333,US,S2,4,FN_MATCHER_REJECTED
S1-976480365,candidate_present,S2-606436261,S3-437514739,0.6617447052821092,2,BOTH,0.515482485294342,13.953488372093027,72.72727272727273,India,S2,2,FN_MATCHER_REJECTED
S1-49194088,candidate_missing,S2-593218489,"S3-139681020,S3-250976466,S2-66472272",0.0,-1,NOT_IN_CANDS,0.0,15.384615384615385,36.36363636363637,India,S2,5,FN_CANDIDATE_MISS
S1-49194088,candidate_missing,S2-67439058,"S3-139681020,S3-250976466,S2-66472272",0.0,-1,NOT_IN_CANDS,0.0,15.384615384615385,36.36363636363637,India,S2,5,FN_CANDIDATE_MISS
S1-773438616,candidate_missing,S2-110334373,S3-105556855,0.0,-1,NOT_IN_CANDS,0.0,15.094339622641506,46.4,India,S2,2,FN_CANDIDATE_MISS
S1-82799546,candidate_present,S3-67422661,"S2-770339084,S3-420177316,S3-433362091",0.6957361091153629,4,BOTH,0.2317197173833847,62.5,78.68852459016394,US,S3,4,FN_MATCHER_REJECTED
S1-667327815,candidate_present,S2-420851427,"S2-15931277,S3-834684392,S3-379941897",0.9854974599800008,1,BOTH,0.5628365874290466,93.33333333333333,90.9090909090909,US,S2,4,FN_MATCHER_REJECTED
S1-717593731,candidate_present,S3-531835832,S2-285237744,0.0,-1,CHAMPION_ONLY,0.008563624694943428,11.538461538461542,53.48837209302326,India,S3,2,FN_MATCHER_REJECTED
S1-198769703,candidate_present,NONE,S2-963300188,0.7621047529818,3,BOTH,0.8504476547241211,95.23809523809523,0.0,US,S2,3,FP_FALSE_POSITIVE_MERGE
S1-198769703,candidate_present,NONE,S2-591032606,0.7489878852551068,4,BOTH,0.7073481678962708,93.33333333333333,0.0,US,S2,3,FP_FALSE_POSITIVE_MERGE
S1-898366988,candidate_present,S2-359627714,"S3-320974821,S2-47710537,S3-831274505,S3-757046488",0.511972558558759,15,CHAMPION_ONLY,0.03916500508785248,70.17543859649122,0.0,US,S2,3,FN_MATCHER_REJECTED
S1-898366988,candidate_present,NONE,S3-320974821,0.6954828545229039,3,BOTH,0.8192793130874634,100.0,0.0,US,S3,3,FP_FALSE_POSITIVE_MERGE
S1-898366988,candidate_present,NONE,S3-757046488,0.6853133196058573,4,BOTH,0.7824397087097168,93.10344827586206,0.0,US,S3,3,FP_FALSE_POSITIVE_MERGE
S1-182584004,candidate_present,NONE,S2-294703706,0.6687048964700381,2,BOTH,0.8167969584465027,60.0,93.61702127659575,US,S2,3,FP_FALSE_POSITIVE_MERGE
S1-218404038,candidate_present,S3-430307648,"S3-367862896,S3-500547803,S2-123336815",0.8237806972868795,2,BOTH,0.6024764180183411,57.14285714285714,74.12587412587412,India,S3,4,FN_MATCHER_REJECTED
S1-435916742,candidate_present,S3-505455231,S3-847314436,0.40378946792722,12,CHAMPION_ONLY,0.5272672772407532,78.68852459016394,0.0,India,S3,2,FN_MATCHER_REJECTED
S1-84748297,candidate_present,S3-666258186,"S2-202415945,S2-46930283,S2-167182169,S2-712400296",0.5644703484406497,5,BOTH,0.6755462288856506,64.86486486486487,44.89795918367348,India,S3,5,FN_MATCHER_REJECTED
S1-349197597,candidate_present,S3-245778924,"S2-717232534,S2-455671217",0.3834629236577125,23,CHAMPION_ONLY,0.4440557658672333,30.76923076923077,40.87591240875912,India,S3,3,FN_MATCHER_REJECTED
S1-858824786,candidate_missing,S2-328961456,S3-992829863,0.30555618676220164,26,NOT_IN_CANDS,0.0,13.33333333333333,64.58333333333333,India,S2,2,FN_CANDIDATE_MISS
S1-273055341,candidate_missing,S2-71589628,"S2-597305889,S3-753222775,S3-299445931",0.0,-1,NOT_IN_CANDS,0.0,84.7457627118644,0.0,India,S2,4,FN_CANDIDATE_MISS
S1-895757166,candidate_missing,S2-841156667,S3-376816667,0.0,-1,NOT_IN_CANDS,0.0,13.043478260869568,51.28205128205128,India,S2,2,FN_CANDIDATE_MISS
S1-247068741,candidate_present,S2-151884069,"S3-114788055,S2-238694060,S2-395449569,S2-870088321",0.8009745012248674,4,BOTH,0.5917587280273438,28.57142857142857,100.0,India,S2,5,FN_MATCHER_REJECTED
S1-859833400,candidate_present,S3-949268054,"S3-162424784,S2-365077827,S2-131613322,S2-318518990",0.0,-1,CHAMPION_ONLY,0.36256277561187744,84.61538461538461,0.0,US,S3,5,FN_MATCHER_REJECTED
S1-615853763,candidate_present,S2-353633173,S2-316773168,0.45870791617965817,4,BOTH,0.6416835784912109,85.0,0.0,India,S2,2,FN_MATCHER_REJECTED
S1-963227975,candidate_present,NONE,S3-770193570,0.7614350176881086,5,BOTH,0.7158994674682617,78.94736842105263,93.5483870967742,US,S3,5,FP_FALSE_POSITIVE_MERGE
S1-968605051,candidate_present,NONE,S2-592512342,0.4306379340487948,22,CHAMPION_ONLY,0.9479329586029053,92.0,0.0,India,S2,4,FP_FALSE_POSITIVE_MERGE
S1-776981259,candidate_present,NONE,S3-66751718,0.7012008044387247,3,BOTH,0.6847670078277588,88.52459016393442,0.0,US,S3,2,FP_FALSE_POSITIVE_MERGE
S1-751035438,candidate_present,S2-674046795,"S2-517581323,S2-845063007,S3-210540372,S2-426923476",0.5643633662138312,5,BOTH,0.006940274499356747,39.21568627450981,66.66666666666667,US,S2,5,FN_MATCHER_REJECTED
S1-504478559,candidate_missing,S3-658829820,"S2-441699772,S3-964508735",0.36815387572241526,16,NOT_IN_CANDS,0.0,63.829787234042556,31.818181818181824,India,S3,3,FN_CANDIDATE_MISS
S1-695615467,candidate_missing,S3-483158045,S2-822643450,0.42242628009000815,15,NOT_IN_CANDS,0.0,44.44444444444444,44.628099173553714,India,S3,3,FN_CANDIDATE_MISS
S1-695615467,candidate_missing,S2-400839981,S2-822643450,0.0,-1,NOT_IN_CANDS,0.0,8.695652173913048,55.55555555555556,India,S2,3,FN_CANDIDATE_MISS
S1-212913080,candidate_present,S2-608965381,,0.5977482858475947,1,BOTH,0.09470229595899582,93.10344827586206,53.06122448979591,US,S2,1,FN_MATCHER_REJECTED
S1-88759906,candidate_present,S2-976557686,"S3-518448346,S3-572859087,S2-193870774,S3-378448539,S3-687402708",0.5777976839101135,15,CHAMPION_ONLY,0.09081906080245972,81.9672131147541,0.0,India,S2,7,FN_MATCHER_REJECTED
S1-88759906,candidate_present,S2-87821854,"S3-518448346,S3-572859087,S2-193870774,S3-378448539,S3-687402708",0.0,-1,CHAMPION_ONLY,0.05417151749134064,12.121212121212121,60.71428571428572,India,S2,7,FN_MATCHER_REJECTED
S1-840712480,candidate_present,S3-812774303,"S2-495775355,S3-24662437",0.49092421055087376,3,BOTH,0.12397114932537079,75.0,0.0,US,S3,3,FN_MATCHER_REJECTED
S1-290940280,candidate_present,S2-645786078,"S3-249406113,S3-648568745,S2-558523685,S3-678415041",0.5794418729008941,2,BOTH,0.060642775148153305,80.0,0.0,US,S2,5,FN_MATCHER_REJECTED
S1-399280279,candidate_missing,S2-44731963,"S2-961175859,S3-896287046",0.0,-1,NOT_IN_CANDS,0.0,7.9999999999999964,33.333333333333336,India,S2,2,FN_CANDIDATE_MISS
S1-399280279,candidate_present,NONE,S2-961175859,0.4074518721878569,14,CHAMPION_ONLY,0.6819504499435425,9.090909090909093,68.35443037974683,India,S2,2,FP_FALSE_POSITIVE_MERGE
S1-704004355,candidate_present,S2-819172514,"S3-657837329,S2-952226262,S2-71171337,S3-294721567",0.612899532746107,5,BOTH,0.6492576599121094,63.1578947368421,89.36170212765957,US,S2,5,FN_MATCHER_REJECTED
S1-200180851,candidate_present,NONE,S3-424613116,0.7045609172640628,5,BOTH,0.8803876638412476,86.15384615384616,72.41379310344827,US,S3,4,FP_FALSE_POSITIVE_MERGE
S1-657158973,candidate_present,S3-539257551,"S3-334306651,S2-836938491,S3-519061090,S3-715804317,S3-677058223,S2-502473395",0.4985846397902328,8,BOTH,0.4546876549720764,76.92307692307692,0.0,US,S3,7,FN_MATCHER_REJECTED
S1-108158188,candidate_present,S3-272735166,"S3-625342608,S2-356934572,S2-551379749,S3-817733650",0.747593291237696,5,SEMANTIC_ONLY,0.6530404090881348,31.11111111111111,91.05691056910568,India,S3,5,FN_MATCHER_REJECTED
S1-300212448,candidate_present,S3-513871672,"S2-586154811,S2-374514656,S3-118800832",0.3972900054663342,7,SEMANTIC_ONLY,0.0014648755313828588,46.51162790697675,34.285714285714285,India,S3,4,FN_MATCHER_REJECTED
S1-319307000,candidate_missing,S2-647211983,"S3-403399680,S2-823944463",0.0,-1,NOT_IN_CANDS,0.0,29.629629629629626,45.070422535211264,India,S2,3,FN_CANDIDATE_MISS
S1-698016633,candidate_present,S2-137714064,"S2-207065026,S2-975605994,S3-888955940",0.5743811852833314,4,BOTH,0.13718102872371674,71.11111111111111,0.0,US,S2,4,FN_MATCHER_REJECTED
S1-892684296,candidate_present,NONE,S3-685932613,0.850911109001803,3,BOTH,0.9717909693717957,86.36363636363636,90.0,US,S3,2,FP_FALSE_POSITIVE_MERGE
S1-790729759,candidate_missing,S2-220015461,"S3-662978655,S3-255343987,S3-789739797",0.0,-1,NOT_IN_CANDS,0.0,87.17948717948718,0.0,India,S2,4,FN_CANDIDATE_MISS
S1-970917434,candidate_present,NONE,S3-801667818,0.8176104014105131,5,BOTH,0.7701784372329712,87.87878787878788,80.59701492537313,US,S3,4,FP_FALSE_POSITIVE_MERGE
S1-967649673,candidate_present,NONE,S2-468893746,0.5768908896545141,1,BOTH,0.7566144466400146,89.47368421052632,0.0,US,S2,0,FP_FALSE_POSITIVE_MERGE
S1-979434740,candidate_present,S2-514190943,"S3-584064253,S2-626533533",0.6737667745205628,2,BOTH,0.4534527659416199,52.0,82.35294117647058,India,S2,3,FN_MATCHER_REJECTED
S1-996468671,candidate_present,NONE,S2-409220710,0.8036317879683675,5,BOTH,0.9957338571548462,82.35294117647058,77.41935483870968,India,S2,6,FP_FALSE_POSITIVE_MERGE
S1-454414087,candidate_present,NONE,S2-275563204,0.4714256079929598,10,BOTH,0.9293054938316345,12.5,83.87096774193549,US,S2,6,FP_FALSE_POSITIVE_MERGE
S1-681797555,candidate_missing,S3-507600973,"S3-751475804,S2-631429502,S3-724466440,S3-218027443,S2-534427294",0.0,-1,NOT_IN_CANDS,0.0,85.71428571428572,0.0,India,S3,6,FN_CANDIDATE_MISS
S1-689581854,candidate_present,S3-143895050,"S2-24342303,S3-100897969,S2-510857087,S2-628061646",0.6826664412448127,4,BOTH,0.31623050570487976,22.22222222222222,94.11764705882352,US,S3,5,FN_MATCHER_REJECTED
S1-842587202,candidate_missing,S2-439235520,"S3-302279490,S2-273687653",0.36265976358757795,23,NOT_IN_CANDS,0.0,95.0,0.0,India,S2,4,FN_CANDIDATE_MISS
S1-842587202,candidate_present,S2-927728911,"S3-302279490,S2-273687653",0.8229773459826393,1,SEMANTIC_ONLY,0.65367192029953,13.043478260869568,95.04950495049505,India,S2,4,FN_MATCHER_REJECTED
S1-84047623,candidate_present,S2-961908524,"S3-694765332,S3-989872152,S2-57954785,S3-736001187,S3-804475404",0.6932281005421954,3,SEMANTIC_ONLY,0.4293408691883087,25.0,83.72093023255813,India,S2,6,FN_MATCHER_REJECTED
S1-977464437,candidate_present,NONE,S3-508641915,0.67859066573443,4,BOTH,0.8308112621307373,81.08108108108108,82.53968253968253,US,S3,4,FP_FALSE_POSITIVE_MERGE
S1-742168581,candidate_present,NONE,S2-393545457,0.9073579232293459,1,BOTH,0.8830897808074951,69.76744186046511,96.96969696969697,US,S2,1,FP_FALSE_POSITIVE_MERGE
S1-426683976,candidate_present,S2-303447305,"S3-738154780,S3-319466877",0.49964340307890853,3,BOTH,0.22317956387996674,76.59574468085107,0.0,US,S2,3,FN_MATCHER_REJECTED
S1-228553487,candidate_present,S2-442641824,"S3-684720541,S3-415948381",0.8023832421115168,2,BOTH,0.5887070894241333,80.85106382978724,89.36170212765957,US,S2,3,FN_MATCHER_REJECTED
S1-715345267,candidate_present,S3-876837918,"S2-384288767,S2-419489435,S2-977026993,S3-553853101,S2-727302906,S3-83929504",0.5267333914702832,7,BOTH,0.014350215904414654,83.63636363636364,0.0,US,S3,7,FN_MATCHER_REJECTED
S1-988475232,candidate_present,S3-850656488,"S2-398442695,S3-437063368",0.5122584261013199,3,BOTH,0.19078271090984344,90.47619047619048,0.0,US,S3,3,FN_MATCHER_REJECTED
S1-970050517,candidate_present,S3-931447541,"S2-140252892,S3-430131082",0.45340822953376536,4,BOTH,0.45806458592414856,88.23529411764706,36.8421052631579,India,S3,3,FN_MATCHER_REJECTED
S1-792993485,candidate_present,S3-442245478,"S2-250273163,S3-955121063,S2-649728557,S2-722395443,S2-801745464",0.4778563099659102,6,BOTH,0.587218701839447,83.07692307692307,35.55555555555555,India,S3,6,FN_MATCHER_REJECTED
S1-695917380,candidate_present,NONE,S2-80471964,0.0,-1,CHAMPION_ONLY,0.9659173488616943,50.0,72.72727272727273,India,S2,0,FP_FALSE_POSITIVE_MERGE
S1-324086088,candidate_present,NONE,S3-372027140,0.717208255124417,6,BOTH,0.9843859672546387,70.96774193548387,80.2919708029197,India,S3,5,FP_FALSE_POSITIVE_MERGE
S1-704575390,candidate_missing,S3-426114318,"S2-374900713,S2-467864898,S2-411096112",0.44272492737231545,13,NOT_IN_CANDS,0.0,6.666666666666665,42.93785310734464,India,S3,4,FN_CANDIDATE_MISS
S1-581202198,candidate_present,S2-735994255,"S2-559974705,S3-157596892,S3-137917806",0.5980941221073699,4,SEMANTIC_ONLY,0.6031888127326965,90.19607843137256,0.0,US,S2,3,FN_MATCHER_REJECTED
S1-581202198,candidate_present,NONE,S3-157596892,0.7414882531201002,3,BOTH,0.8491647243499756,92.5925925925926,0.0,US,S3,3,FP_FALSE_POSITIVE_MERGE
S1-502559729,candidate_present,S3-203125714,"S2-494323781,S3-730207093",0.5856400929735756,3,BOTH,0.04474274814128876,64.28571428571428,64.19753086419753,US,S3,3,FN_MATCHER_REJECTED
S1-549571246,candidate_present,NONE,S2-843071321,0.6992211919752194,3,BOTH,0.8574838042259216,100.0,0.0,US,S2,3,FP_FALSE_POSITIVE_MERGE
S1-263062687,candidate_present,S3-985914406,"S2-381680345,S3-246351231,S2-660524569",0.5441276971657609,5,BOTH,0.48515209555625916,94.44444444444444,0.0,US,S3,5,FN_MATCHER_REJECTED
S1-263062687,candidate_present,S3-515396392,"S2-381680345,S3-246351231,S2-660524569",0.6055008786827306,4,BOTH,0.22972722351551056,64.70588235294117,76.36363636363637,US,S3,5,FN_MATCHER_REJECTED
S1-246946532,candidate_missing,S3-164087852,S3-541941825,0.0,-1,NOT_IN_CANDS,0.0,94.91525423728814,49.122807017543856,US,S3,2,FN_CANDIDATE_MISS
S1-971182940,candidate_present,S3-102500766,"S2-143881447,S3-954609196,S3-804814067",0.40841665968918683,8,BOTH,0.05836104601621628,54.54545454545454,59.70149253731343,US,S3,4,FN_MATCHER_REJECTED
S1-208732224,candidate_present,S3-363743009,,0.5102182072728674,1,BOTH,0.13513262569904327,79.06976744186046,34.78260869565217,India,S3,1,FN_MATCHER_REJECTED
S1-719335447,candidate_missing,S2-811713677,"S3-268844466,S2-86876635,S3-868806631,S3-202626125,S2-345396522,S3-631490147,S3-414150873",0.0,-1,NOT_IN_CANDS,0.0,17.14285714285714,65.93406593406593,India,S2,8,FN_CANDIDATE_MISS
S1-719335447,candidate_missing,S3-694945389,"S3-268844466,S2-86876635,S3-868806631,S3-202626125,S2-345396522,S3-631490147,S3-414150873",0.0,-1,NOT_IN_CANDS,0.0,94.73684210526316,0.0,India,S3,8,FN_CANDIDATE_MISS
S1-719335447,candidate_present,NONE,S2-345396522,0.7822947626843343,5,BOTH,0.9061242341995239,46.51162790697675,100.0,India,S2,8,FP_FALSE_POSITIVE_MERGE
S1-88410580,candidate_present,S3-929856284,"S2-634099666,S3-823592009,S3-116542637",0.7953813180215272,4,BOTH,0.2877163589000702,89.10891089108911,0.0,US,S3,4,FN_MATCHER_REJECTED
S1-479957396,candidate_present,S3-947158559,"S3-298446467,S2-617645285,S3-526208113",0.7181619081274435,4,BOTH,0.5743598937988281,37.5,90.625,US,S3,4,FN_MATCHER_REJECTED
S1-271710669,candidate_present,S3-318007708,S2-166281913,0.5352206151422091,4,SEMANTIC_ONLY,0.15574152767658234,17.647058823529417,76.31578947368422,India,S3,3,FN_MATCHER_REJECTED
S1-271710669,candidate_present,S3-813740716,S2-166281913,0.626279610151385,3,SEMANTIC_ONLY,0.11698298901319504,17.647058823529417,65.85365853658536,India,S3,3,FN_MATCHER_REJECTED
S1-781943999,candidate_missing,S2-488229934,"S3-327838402,S3-138464787,S3-303455757",0.3227163626783692,25,NOT_IN_CANDS,0.0,88.88888888888889,0.0,US,S2,4,FN_CANDIDATE_MISS
S1-632352110,candidate_missing,S3-527666809,"S2-579653125,S3-173491146,S2-902259986",0.0,-1,NOT_IN_CANDS,0.0,51.42857142857142,35.08771929824561,India,S3,4,FN_CANDIDATE_MISS
S1-283169840,candidate_missing,S2-63047201,"S2-310121093,S3-681952608",0.0,-1,NOT_IN_CANDS,0.0,9.999999999999998,54.73684210526315,India,S2,4,FN_CANDIDATE_MISS
S1-283169840,candidate_missing,S2-142641147,"S2-310121093,S3-681952608",0.0,-1,NOT_IN_CANDS,0.0,9.999999999999998,54.73684210526315,India,S2,4,FN_CANDIDATE_MISS
S1-123749800,candidate_missing,S3-826839646,"S3-252962202,S3-738304452",0.0,-1,NOT_IN_CANDS,0.0,43.75,40.0,India,S3,3,FN_CANDIDATE_MISS
S1-345097478,candidate_missing,S3-844294311,"S2-361470693,S2-864585474,S2-445734854",0.0,-1,NOT_IN_CANDS,0.0,14.634146341463417,60.71428571428572,India,S3,4,FN_CANDIDATE_MISS
S1-481747018,candidate_present,S2-251675007,"S2-650890588,S3-260264928,S2-271818865,S3-199601548",0.577418818607997,9,BOTH,0.04649985954165459,13.636363636363635,41.48148148148149,India,S2,7,FN_MATCHER_REJECTED
S1-481747018,candidate_present,S3-125126606,"S2-650890588,S3-260264928,S2-271818865,S3-199601548",0.5348319776139748,23,CHAMPION_ONLY,0.15008606016635895,13.636363636363635,35.9375,India,S3,7,FN_MATCHER_REJECTED
S1-481747018,candidate_present,S2-727084292,"S2-650890588,S3-260264928,S2-271818865,S3-199601548",0.577418818607997,10,BOTH,0.032919593155384064,13.636363636363635,41.48148148148149,India,S2,7,FN_MATCHER_REJECTED
S1-290320390,candidate_present,S3-911780939,"S2-263155972,S2-89311855,S2-230993949",0.49440764025245343,5,BOTH,0.4607160687446594,76.47058823529412,0.0,US,S3,4,FN_MATCHER_REJECTED
S1-697090522,candidate_present,NONE,S3-377623821,0.5928506894755601,22,CHAMPION_ONLY,0.7510336637496948,23.076923076923073,66.66666666666667,India,S3,0,FP_FALSE_POSITIVE_MERGE
S1-636150251,candidate_present,S3-260610080,"S2-868176199,S2-569102164,S3-254759913",0.7680662422912784,3,BOTH,0.4355120062828064,22.22222222222222,93.61702127659575,India,S3,4,FN_MATCHER_REJECTED
S1-672440553,candidate_present,S2-746840686,"S2-371460852,S2-87226170,S3-895113435,S3-755807255",0.4982091151828467,5,BOTH,0.09856665134429932,74.62686567164178,0.0,US,S2,5,FN_MATCHER_REJECTED
S1-485617345,candidate_present,S2-518084344,"S2-559538028,S3-43282195,S3-199364565,S2-236637727",0.5561382483798468,6,BOTH,0.0018475661054253578,12.244897959183676,71.54471544715447,India,S2,6,FN_MATCHER_REJECTED
S1-485617345,candidate_present,S2-908093316,"S2-559538028,S3-43282195,S3-199364565,S2-236637727",0.6341885582140994,4,BOTH,0.037374500185251236,12.244897959183676,87.3015873015873,India,S2,6,FN_MATCHER_REJECTED
S1-280280278,candidate_present,S3-267876447,"S2-581565995,S2-540948505,S3-933095390,S3-571775374,S3-448496749,S2-167012765",0.8396183898990666,7,BOTH,0.36533212661743164,47.76119402985075,81.4814814814815,US,S3,7,FN_MATCHER_REJECTED
S1-418501236,candidate_present,NONE,S2-989185583,0.0,-1,CHAMPION_ONLY,0.9999999403953552,47.61904761904761,0.0,India,S2,2,FP_FALSE_POSITIVE_MERGE
S1-154610913,candidate_present,S2-147068893,"S3-515103261,S3-53678472",0.9234115333113774,1,BOTH,0.4755418598651886,89.1891891891892,84.21052631578947,US,S2,3,FN_MATCHER_REJECTED
S1-829971374,candidate_present,S2-667041853,"S3-258178187,S2-100576065",0.5947488110280073,3,BOTH,0.024836290627717972,22.22222222222222,71.73913043478262,US,S2,4,FN_MATCHER_REJECTED
S1-829971374,candidate_present,S2-216525545,"S3-258178187,S2-100576065",0.550296290445512,4,BOTH,0.1556607484817505,74.07407407407408,50.66666666666666,US,S2,4,FN_MATCHER_REJECTED
S1-68824583,candidate_missing,S2-161211131,"S3-582675638,S3-18034168,S3-213809411",0.0,-1,NOT_IN_CANDS,0.0,8.695652173913048,42.85714285714286,India,S2,4,FN_CANDIDATE_MISS
S1-497679557,candidate_present,S2-572760783,"S3-576458764,S2-497898765,S2-978087687,S3-263360117",0.4434599389904069,6,BOTH,0.14532291889190674,7.692307692307687,42.71844660194175,India,S2,5,FN_MATCHER_REJECTED
S1-323045365,candidate_missing,S2-480278855,"S3-339420180,S3-157492710",0.0,-1,NOT_IN_CANDS,0.0,13.636363636363635,38.095238095238095,India,S2,3,FN_CANDIDATE_MISS
S1-826092934,candidate_present,S3-215060663,"S2-279413334,S3-148473586,S3-703010921",0.6810631809047577,4,BOTH,0.550862729549408,28.000000000000004,83.2,India,S3,4,FN_MATCHER_REJECTED
S1-180695064,candidate_present,NONE,S3-208514494,0.9160961152756276,5,BOTH,0.8929322361946106,76.0,88.31168831168831,India,S3,6,FP_FALSE_POSITIVE_MERGE
S1-845470959,candidate_present,S2-375702479,"S2-627119936,S2-571375645",0.6208191401199485,3,BOTH,0.6183730959892273,85.71428571428572,0.0,US,S2,2,FN_MATCHER_REJECTED
S1-845470959,candidate_present,NONE,S2-571375645,0.6423900247012834,2,BOTH,0.73089998960495,90.9090909090909,0.0,US,S2,2,FP_FALSE_POSITIVE_MERGE
S1-328873295,candidate_missing,S2-556465032,"S2-673212241,S3-855533020,S3-441983270,S3-905608752",0.0,-1,NOT_IN_CANDS,0.0,11.764705882352944,51.42857142857142,India,S2,5,FN_CANDIDATE_MISS
S1-952174009,candidate_present,S3-612282282,"S2-511168988,S3-39052579,S2-867773219",0.8423351679172875,3,BOTH,0.6361435055732727,12.0,81.88976377952756,India,S3,4,FN_MATCHER_REJECTED
S1-664030001,candidate_present,S3-542747586,"S3-593475829,S2-458996088,S3-355770848",0.9455389057771124,2,BOTH,0.5961941480636597,82.35294117647058,91.83673469387756,India,S3,4,FN_MATCHER_REJECTED
S1-509092582,candidate_present,S3-574097500,"S2-41976712,S2-63901614,S2-248560938",0.7030418531975979,4,BOTH,0.0567447803914547,78.78787878787878,55.55555555555556,US,S3,4,FN_MATCHER_REJECTED
S1-900193799,candidate_present,NONE,S2-864833065,0.7002531472817233,4,BOTH,0.8797052502632141,73.33333333333334,94.73684210526316,US,S2,4,FP_FALSE_POSITIVE_MERGE
S1-59495467,candidate_present,S3-812644856,"S2-794164204,S3-492930146,S3-746509818",0.5670484622415478,4,BOTH,0.10177697986364365,68.0,0.0,US,S3,4,FN_MATCHER_REJECTED
S1-741101468,candidate_present,S2-699287853,"S3-519110030,S3-567334942,S3-24227001",0.7338324671094041,4,BOTH,0.17570354044437408,81.92771084337349,0.0,US,S2,4,FN_MATCHER_REJECTED
S1-63756578,candidate_present,NONE,S2-368551507,0.7738113484942108,4,BOTH,0.9106866121292114,100.0,0.0,US,S2,4,FP_FALSE_POSITIVE_MERGE
S1-163383927,candidate_present,NONE,S2-632489739,0.8613715043739837,1,BOTH,0.9386069178581238,70.58823529411764,96.42857142857143,India,S2,2,FP_FALSE_POSITIVE_MERGE
S1-812109216,candidate_missing,S3-727222735,"S3-673851166,S2-408477685,S2-315891226",0.3732071523269657,14,NOT_IN_CANDS,0.0,13.11475409836066,86.56716417910448,India,S3,5,FN_CANDIDATE_MISS
S1-812109216,candidate_missing,S3-43441421,"S3-673851166,S2-408477685,S2-315891226",0.0,-1,NOT_IN_CANDS,0.0,13.11475409836066,93.5483870967742,India,S3,5,FN_CANDIDATE_MISS
S1-308522028,candidate_missing,S3-263805040,"S3-437010475,S3-852446914,S2-943598780,S2-392978096,S3-414833932",0.0,-1,NOT_IN_CANDS,0.0,11.111111111111116,62.16216216216216,India,S3,6,FN_CANDIDATE_MISS
S1-859390339,candidate_present,NONE,S3-533195745,0.7936507335251621,3,BOTH,0.9862940311431885,93.87755102040816,80.59701492537313,US,S3,3,FP_FALSE_POSITIVE_MERGE
S1-189278106,candidate_present,S3-492436921,"S3-425646276,S2-314427240",0.35550907762422984,9,SEMANTIC_ONLY,0.02551008015871048,72.72727272727273,0.0,US,S3,4,FN_MATCHER_REJECTED
S1-189278106,candidate_present,S3-16126416,"S3-425646276,S2-314427240",0.5759911072556783,3,BOTH,0.6421796679496765,84.61538461538461,0.0,US,S3,4,FN_MATCHER_REJECTED
S1-787951878,candidate_present,S3-506040588,"S3-809996517,S3-915901877",0.36877396225561765,17,CHAMPION_ONLY,0.2436959445476532,60.0,36.73469387755102,India,S3,4,FN_MATCHER_REJECTED
S1-787951878,candidate_missing,S2-799630058,"S3-809996517,S3-915901877",0.0,-1,NOT_IN_CANDS,0.0,10.256410256410254,37.5,India,S2,4,FN_CANDIDATE_MISS
S1-676688132,candidate_present,NONE,S3-67318087,0.6188492346071357,4,BOTH,0.8688878417015076,100.0,0.0,US,S3,4,FP_FALSE_POSITIVE_MERGE
S1-498971879,candidate_present,S3-66066952,"S2-668976994,S3-102938089,S2-766611096",0.0,-1,CHAMPION_ONLY,0.21322037279605865,93.75,35.051546391752574,India,S3,5,FN_MATCHER_REJECTED
S1-498971879,candidate_missing,S3-614559864,"S2-668976994,S3-102938089,S2-766611096",0.0,-1,NOT_IN_CANDS,0.0,15.789473684210531,35.051546391752574,India,S3,5,FN_CANDIDATE_MISS
S1-244340155,candidate_present,S2-366958390,"S2-937331744,S3-757895277",0.5540722710081776,7,BOTH,0.605160117149353,12.121212121212121,77.47747747747748,India,S2,3,FN_MATCHER_REJECTED
S1-812132222,candidate_present,NONE,S2-132110385,0.0,-1,CHAMPION_ONLY,0.9346127510070801,12.244897959183676,76.19047619047619,India,S2,1,FP_FALSE_POSITIVE_MERGE
S1-812132222,candidate_present,NONE,S3-139301709,0.56915423458966,4,SEMANTIC_ONLY,0.8606387972831726,75.0,75.0,India,S3,1,FP_FALSE_POSITIVE_MERGE
S1-812132222,candidate_present,NONE,S3-375697326,0.0,-1,CHAMPION_ONLY,0.8947536945343018,48.78048780487805,65.625,India,S3,1,FP_FALSE_POSITIVE_MERGE
S1-599589885,candidate_missing,S2-660447320,S2-197894134,0.0,-1,NOT_IN_CANDS,0.0,11.764705882352944,53.65853658536586,India,S2,3,FN_CANDIDATE_MISS
S1-599589885,candidate_missing,S3-142198973,S2-197894134,0.0,-1,NOT_IN_CANDS,0.0,11.764705882352944,29.565217391304344,India,S3,3,FN_CANDIDATE_MISS
S1-807028301,candidate_present,S3-376977728,"S2-679755433,S3-130977443",0.4658636193286959,4,BOTH,0.6747305989265442,93.33333333333333,0.0,US,S3,3,FN_MATCHER_REJECTED
S1-117123238,candidate_present,S2-591032606,"S3-239913087,S3-768749081,S2-938845288,S2-414375435,S2-130718734",0.5140898016339205,8,BOTH,0.18234337866306305,77.41935483870968,0.0,US,S2,6,FN_MATCHER_REJECTED
S1-719212207,candidate_present,S3-792460375,"S2-66592870,S2-442382188,S2-756906813,S2-239436827",0.4697182912985292,5,BOTH,0.08037866652011871,30.76923076923077,71.69811320754718,US,S3,5,FN_MATCHER_REJECTED
S1-749959002,candidate_present,S3-472190388,"S2-684173875,S3-391776848",0.5420922798768745,3,BOTH,0.5089434385299683,82.75862068965517,0.0,US,S3,3,FN_MATCHER_REJECTED
S1-86064960,candidate_present,S3-570691507,"S2-237767215,S2-311829732",0.5382667139469556,3,BOTH,0.3007277846336365,81.08108108108108,0.0,US,S3,3,FN_MATCHER_REJECTED
S1-573605916,candidate_present,S2-355470689,"S3-977849381,S3-807616297,S3-86349358,S2-787246542",0.7968337667069476,4,BOTH,0.07189954817295074,40.0,82.35294117647058,India,S2,5,FN_MATCHER_REJECTED
S1-338780140,candidate_present,S2-664746752,"S2-354525077,S3-547368834",0.4644711868758167,3,BOTH,0.3295730948448181,18.181818181818176,97.87234042553192,US,S2,3,FN_MATCHER_REJECTED
S1-547592958,candidate_present,NONE,S3-707756995,0.5427398123857232,5,BOTH,0.6839894652366638,85.71428571428572,0.0,US,S3,4,FP_FALSE_POSITIVE_MERGE
S1-523462903,candidate_present,S3-487132823,"S2-850747344,S3-267374262,S2-476850539,S2-759697862,S2-916808125,S2-318949238",0.0,-1,CHAMPION_ONLY,0.18183580040931702,86.36363636363636,0.0,India,S3,7,FN_MATCHER_REJECTED
S1-684273793,candidate_missing,S3-514999349,"S2-529747238,S2-868969815,S2-890791236,S3-35636684,S2-608810560",0.0,-1,NOT_IN_CANDS,0.0,82.35294117647058,0.0,US,S3,7,FN_CANDIDATE_MISS
S1-684273793,candidate_missing,S3-816643105,"S2-529747238,S2-868969815,S2-890791236,S3-35636684,S2-608810560",0.0,-1,NOT_IN_CANDS,0.0,80.0,66.66666666666667,US,S3,7,FN_CANDIDATE_MISS
S1-162854891,candidate_present,NONE,S2-72605054,0.7043424093118973,4,BOTH,0.8333501219749451,90.56603773584906,0.0,US,S2,5,FP_FALSE_POSITIVE_MERGE
S1-162854891,candidate_present,NONE,S2-787431043,0.6813031798939327,6,BOTH,0.7471239566802979,51.162790697674424,0.0,US,S2,5,FP_FALSE_POSITIVE_MERGE
S1-506738568,candidate_present,S3-663697904,S3-597494261,0.4251589381094856,5,SEMANTIC_ONLY,0.019928377121686935,22.857142857142854,82.53968253968253,US,S3,2,FN_MATCHER_REJECTED
S1-343002365,candidate_present,S2-116700250,"S3-547721158,S2-878439317,S3-584032541,S3-345635308",0.5965745270139993,5,BOTH,0.6601811647415161,87.8048780487805,0.0,US,S2,4,FN_MATCHER_REJECTED
S1-343002365,candidate_present,NONE,S3-584032541,0.7663056414866024,4,BOTH,0.9694103598594666,78.26086956521739,84.61538461538461,US,S3,4,FP_FALSE_POSITIVE_MERGE
S1-99996241,candidate_present,S2-889221876,"S3-858618413,S3-445544579,S3-947182627,S2-820709084,S2-568599047,S3-30698333",0.0,-1,CHAMPION_ONLY,0.592841625213623,74.28571428571429,0.0,India,S2,5,FN_MATCHER_REJECTED
S1-99996241,candidate_present,NONE,S3-445544579,0.0,-1,CHAMPION_ONLY,0.7148328423500061,15.000000000000002,75.55555555555556,India,S3,5,FP_FALSE_POSITIVE_MERGE
S1-99996241,candidate_present,NONE,S3-947182627,0.7465584465775172,5,BOTH,0.9673267602920532,54.54545454545454,77.19298245614034,India,S3,5,FP_FALSE_POSITIVE_MERGE
S1-512127711,candidate_present,S2-377116397,S3-458115034,0.0,-1,CHAMPION_ONLY,0.27730849385261536,87.17948717948718,0.0,India,S2,2,FN_MATCHER_REJECTED
S1-902079321,candidate_present,S2-675379418,"S3-825581656,S3-427660085,S3-446357593",0.7832356494156355,4,SEMANTIC_ONLY,0.596985936164856,76.36363636363637,69.38775510204081,India,S2,4,FN_MATCHER_REJECTED
S1-307577056,candidate_present,S3-266206743,"S2-139812825,S3-753063374,S2-218749472",0.0,-1,CHAMPION_ONLY,0.36759239435195923,57.14285714285714,0.0,US,S3,5,FN_MATCHER_REJECTED
S1-307577056,candidate_present,S3-116894543,"S2-139812825,S3-753063374,S2-218749472",0.35436282488294174,21,CHAMPION_ONLY,0.42648258805274963,69.56521739130434,0.0,US,S3,5,FN_MATCHER_REJECTED
S1-741748884,candidate_missing,S3-998828375,"S2-65282869,S2-379769772,S2-843783415",0.0,-1,NOT_IN_CANDS,0.0,15.000000000000002,40.57971014492754,India,S3,4,FN_CANDIDATE_MISS
S1-640350442,candidate_present,S3-738805192,"S3-644312062,S2-502878208,S3-30749991,S2-914907556",0.5845290760025557,6,BOTH,0.4079113304615021,74.50980392156863,0.0,US,S3,5,FN_MATCHER_REJECTED
S1-765292964,candidate_present,NONE,S3-147062084,0.6245851978708643,4,BOTH,0.9132176041603088,66.66666666666667,69.6629213483146,India,S3,3,FP_FALSE_POSITIVE_MERGE
S1-515484030,candidate_present,S2-625693372,"S3-266621047,S3-778923599",0.6884163650254036,3,BOTH,0.6264296770095825,27.586206896551722,93.61702127659575,India,S2,3,FN_MATCHER_REJECTED
S1-989422066,candidate_present,S3-394507787,"S2-752480878,S3-448406340",0.7690783777136134,3,BOTH,0.578705906867981,61.111111111111114,68.96551724137932,US,S3,3,FN_MATCHER_REJECTED
S1-492566036,candidate_present,S2-401977891,"S3-533310843,S3-741585512,S2-179157977,S3-251894027",0.5002034669437104,7,BOTH,0.16709506511688232,66.66666666666667,0.0,US,S2,6,FN_MATCHER_REJECTED
S1-492566036,candidate_present,S3-912058581,"S3-533310843,S3-741585512,S2-179157977,S3-251894027",0.6865857271107861,5,BOTH,0.5591239929199219,36.36363636363637,84.05797101449275,US,S3,6,FN_MATCHER_REJECTED
S1-96565420,candidate_missing,S2-971681686,"S3-19354781,S2-345862360,S2-200384971",0.0,-1,NOT_IN_CANDS,0.0,12.5,49.25373134328358,India,S2,5,FN_CANDIDATE_MISS
S1-96565420,candidate_missing,S2-191899537,"S3-19354781,S2-345862360,S2-200384971",0.0,-1,NOT_IN_CANDS,0.0,12.5,49.25373134328358,India,S2,5,FN_CANDIDATE_MISS
S1-79912210,candidate_missing,S2-819959765,"S3-668766609,S3-583871411,S2-513789513,S3-915191603,S3-379770030,S2-651541572,S2-719060493",0.44679822223952553,14,NOT_IN_CANDS,0.0,10.526315789473683,63.86554621848739,India,S2,8,FN_CANDIDATE_MISS
S1-888035243,candidate_missing,S3-540882812,"S3-704896793,S2-854922420,S3-519504053,S3-834389793",0.0,-1,NOT_IN_CANDS,0.0,69.56521739130434,0.0,India,S3,5,FN_CANDIDATE_MISS
S1-27207441,candidate_missing,S2-559146418,S3-305637533,0.0,-1,NOT_IN_CANDS,0.0,6.666666666666665,70.9090909090909,India,S2,2,FN_CANDIDATE_MISS
S1-673157019,candidate_present,S2-760208761,S3-539247618,0.5000133566822812,2,BOTH,0.00598133122548461,28.07017543859649,96.62921348314607,India,S2,2,FN_MATCHER_REJECTED
S1-62420712,candidate_present,NONE,S3-724291993,0.6619768084268478,2,BOTH,0.7965133190155029,57.14285714285714,0.0,US,S3,2,FP_FALSE_POSITIVE_MERGE
S1-928578632,candidate_present,S2-715978089,"S3-97314777,S3-460250561,S3-492219362,S2-309128811",0.5770058246006277,5,SEMANTIC_ONLY,0.03737081587314606,41.860465116279066,84.375,US,S2,5,FN_MATCHER_REJECTED
S1-93400314,candidate_present,S3-365148124,"S2-872769966,S3-244533842,S3-403152756",0.502113724179881,25,CHAMPION_ONLY,0.025564318522810936,46.15384615384615,51.48514851485149,India,S3,4,FN_MATCHER_REJECTED
S1-46264614,candidate_present,NONE,S3-847095616,0.0,-1,CHAMPION_ONLY,0.8333826661109924,82.53968253968253,57.391304347826086,India,S3,6,FP_FALSE_POSITIVE_MERGE
S1-46264614,candidate_present,NONE,S3-724027537,0.6127839833546637,9,BOTH,0.9648675918579102,74.57627118644068,39.08045977011494,India,S3,6,FP_FALSE_POSITIVE_MERGE
S1-140870272,candidate_present,S2-726694726,"S3-769834330,S3-702766147",0.45553432168481905,8,SEMANTIC_ONLY,0.02592422068119049,12.5,85.0574712643678,India,S2,3,FN_MATCHER_REJECTED
S1-29798477,candidate_present,S3-683556182,"S2-549256595,S3-364221621,S2-394164692,S3-864439212,S3-55083463",0.47975570903532994,8,BOTH,0.6590577363967896,68.0,60.273972602739725,US,S3,6,FN_MATCHER_REJECTED
S1-466852121,candidate_present,NONE,S3-662748150,0.6643122942258107,3,BOTH,0.8688878417015076,100.0,0.0,US,S3,2,FP_FALSE_POSITIVE_MERGE
S1-862241610,candidate_present,NONE,S2-806240378,0.0,-1,CHAMPION_ONLY,0.7361063957214355,73.33333333333334,0.0,India,S2,4,FP_FALSE_POSITIVE_MERGE
S1-235141118,candidate_present,S2-935037589,"S2-935404165,S3-845124717",0.6742134147405253,3,BOTH,0.4108182489871979,85.29411764705883,0.0,US,S2,3,FN_MATCHER_REJECTED
S1-754163970,candidate_present,S3-606234518,"S2-5093302,S3-272371274",0.4718470968614743,5,BOTH,0.3842453062534332,63.829787234042556,58.13953488372092,US,S3,3,FN_MATCHER_REJECTED
S1-440358903,candidate_present,NONE,S2-360228294,0.8264279676202132,1,BOTH,0.9352737665176392,65.21739130434783,91.42857142857143,India,S2,0,FP_FALSE_POSITIVE_MERGE
S1-363889431,candidate_missing,S2-65042496,"S3-302502475,S2-910430250,S2-92792734",0.0,-1,NOT_IN_CANDS,0.0,19.354838709677423,26.923076923076927,India,S2,4,FN_CANDIDATE_MISS
S1-616247638,candidate_missing,S3-271373698,"S2-7240963,S2-637320641",0.0,-1,NOT_IN_CANDS,0.0,51.42857142857142,21.978021978021978,India,S3,3,FN_CANDIDATE_MISS
S1-390384198,candidate_missing,S3-286749021,S2-443784371,0.0,-1,NOT_IN_CANDS,0.0,10.909090909090914,38.35616438356164,India,S3,2,FN_CANDIDATE_MISS
S1-230938843,candidate_present,S3-946088540,"S2-501001470,S3-35193640,S3-115207065",0.8208018884624195,3,BOTH,0.5774795413017273,51.61290322580645,77.89473684210526,India,S3,4,FN_MATCHER_REJECTED
S1-77668714,candidate_missing,S3-516142574,S2-816677841,0.0,-1,NOT_IN_CANDS,0.0,91.89189189189189,0.0,India,S3,2,FN_CANDIDATE_MISS
S1-457034629,candidate_present,NONE,S2-150242280,0.6381158889399767,5,SEMANTIC_ONLY,0.7838619947433472,63.1578947368421,90.625,US,S2,4,FP_FALSE_POSITIVE_MERGE
S1-849968124,candidate_present,S3-718996579,S2-366569327,0.0,-1,CHAMPION_ONLY,0.5118958950042725,16.666666666666664,80.85106382978724,US,S3,2,FN_MATCHER_REJECTED
S1-923417939,candidate_present,S2-584442622,"S3-446388989,S3-636537762,S2-666677325",0.662257481005154,4,BOTH,0.17564305663108826,88.88888888888889,0.0,US,S2,4,FN_MATCHER_REJECTED
S1-979786585,candidate_present,S3-882900633,"S2-107744516,S3-227125829,S2-807663379,S3-368582854,S2-810390024",0.460870820850272,5,SEMANTIC_ONLY,0.6108748912811279,93.33333333333333,0.0,US,S3,6,FN_MATCHER_REJECTED
S1-850652206,candidate_present,S2-756262350,"S2-719140445,S2-509067929,S3-902858155",0.6881808508076599,3,BOTH,0.5908219218254089,81.81818181818181,0.0,US,S2,4,FN_MATCHER_REJECTED
S1-590407545,candidate_present,S3-884100456,"S2-469483061,S3-387346888,S2-892336802,S2-510973961,S2-682883398",0.5771903734832033,6,BOTH,0.6051885485649109,87.8048780487805,0.0,US,S3,6,FN_MATCHER_REJECTED
S1-817862192,candidate_present,S3-575827391,"S3-672571201,S3-312190859,S2-305411840,S3-770122305",0.4754091361625924,6,BOTH,0.008586610667407513,24.390243902439025,77.14285714285715,US,S3,5,FN_MATCHER_REJECTED
S1-826768625,candidate_present,S2-711682790,"S2-574043644,S2-252166881,S3-54572444",0.60906279052628,4,SEMANTIC_ONLY,0.512169361114502,50.0,71.05263157894737,US,S2,4,FN_MATCHER_REJECTED
S1-834887816,candidate_missing,S2-224985318,S3-309189536,0.0,-1,NOT_IN_CANDS,0.0,10.909090909090914,54.20560747663552,India,S2,2,FN_CANDIDATE_MISS
S1-629420468,candidate_missing,S2-760218360,"S3-322323922,S2-24685233,S3-59476109,S3-79303171",0.0,-1,NOT_IN_CANDS,0.0,9.756097560975608,44.859813084112155,India,S2,5,FN_CANDIDATE_MISS
S1-914777189,candidate_present,S2-116862612,S3-490170488,0.8228732442929718,2,BOTH,0.5815086960792542,84.84848484848484,94.91525423728814,US,S2,2,FN_MATCHER_REJECTED
S1-766594564,candidate_present,S2-904337334,"S2-41902160,S3-473595571,S3-859487357",0.6716746788620973,4,SEMANTIC_ONLY,0.16377900540828705,72.34042553191489,84.05797101449275,US,S2,4,FN_MATCHER_REJECTED
S1-443253995,candidate_present,S3-536767690,"S2-632328238,S2-88756070,S3-503042183,S3-988365398",0.0,-1,CHAMPION_ONLY,0.04810274764895439,29.268292682926834,76.47058823529412,US,S3,5,FN_MATCHER_REJECTED
S1-688651016,candidate_present,S2-658449395,"S3-588929119,S2-885464474,S2-588727148,S2-785800980,S2-480291885",0.47004991584095235,6,BOTH,0.67093425989151,66.66666666666667,0.0,US,S2,6,FN_MATCHER_REJECTED
S1-710194726,candidate_present,S2-377630116,"S3-67754071,S3-895577049",0.7403460076914787,1,SEMANTIC_ONLY,0.5825051665306091,12.244897959183676,83.61581920903956,India,S2,3,FN_MATCHER_REJECTED
S1-999182887,candidate_present,S2-85113215,"S3-903880156,S2-702267609,S2-962691847,S3-695990509",0.6131661167524038,5,BOTH,0.38189786672592163,74.50980392156863,0.0,US,S2,4,FN_MATCHER_REJECTED
S1-999182887,candidate_present,NONE,S3-695990509,0.6835895662224176,4,BOTH,0.7826495170593262,93.75,0.0,US,S3,4,FP_FALSE_POSITIVE_MERGE
S1-195015571,candidate_missing,S2-748955932,"S3-875236769,S3-444257506,S3-868333358",0.5225994870224483,14,NOT_IN_CANDS,0.0,10.81081081081081,58.22784810126582,India,S2,3,FN_CANDIDATE_MISS
S1-195015571,candidate_present,NONE,S3-875236769,0.5287429568039312,13,CHAMPION_ONLY,0.8191545605659485,88.23529411764706,0.0,India,S3,3,FP_FALSE_POSITIVE_MERGE
S1-964502175,candidate_present,NONE,S3-143605286,0.6394753698658479,7,BOTH,0.9428036212921143,11.764705882352944,81.08108108108108,India,S3,6,FP_FALSE_POSITIVE_MERGE
S1-51370377,candidate_missing,S3-563615274,S2-701885389,0.0,-1,NOT_IN_CANDS,0.0,12.5,55.855855855855864,India,S3,3,FN_CANDIDATE_MISS
S1-51370377,candidate_present,S3-657463551,S2-701885389,0.4332815405677968,3,BOTH,0.003949916921555996,48.484848484848484,61.81818181818181,India,S3,3,FN_MATCHER_REJECTED
S1-753261502,candidate_missing,S2-164881736,S3-110149356,0.0,-1,NOT_IN_CANDS,0.0,13.043478260869568,50.63291139240506,India,S2,3,FN_CANDIDATE_MISS
S1-753261502,candidate_missing,S3-791944839,S3-110149356,0.0,-1,NOT_IN_CANDS,0.0,13.043478260869568,43.75,India,S3,3,FN_CANDIDATE_MISS
S1-907712383,candidate_present,S3-339026814,"S3-751271334,S2-321744310,S3-143130029,S3-83415792",0.7509095004127101,5,BOTH,0.1649194359779358,15.789473684210531,80.91603053435115,India,S3,5,FN_MATCHER_REJECTED
S1-802233504,candidate_present,S3-867982336,S3-208832462,0.41730580263879796,3,BOTH,0.04466578736901283,66.66666666666667,0.0,US,S3,2,FN_MATCHER_REJECTED
S1-46308537,candidate_present,S3-319314698,"S2-515451563,S3-853386395,S2-751358723,S2-381939990,S2-830557748",0.6806504326088504,6,BOTH,0.430107444524765,74.07407407407408,76.19047619047619,US,S3,6,FN_MATCHER_REJECTED
S1-936289115,candidate_present,NONE,S3-23825266,0.9080934477219583,3,BOTH,0.9998350739479065,95.45454545454545,90.41095890410959,US,S3,4,FP_FALSE_POSITIVE_MERGE
